"No.","Time","Source","Destination","Protocol","Length","HID Data","Info"
"7","21.459850","1.1.1","host","USB","35","0200000000000000","URB_INTERRUPT in"
"9","21.635869","1.1.1","host","USB","35","0200050000000000","URB_INTERRUPT in"
"11","21.699878","1.1.1","host","USB","35","0000050000000000","URB_INTERRUPT in"
"13","21.707884","1.1.1","host","USB","35","0000000000000000","URB_INTERRUPT in"
"15","21.851888","1.1.1","host","USB","35","00000f0000000000","URB_INTERRUPT in"
"17","21.915894","1.1.1","host","USB","35","0000000000000000","URB_INTERRUPT in"
"19","22.035916","1.1.1","host","USB","35","0000120000000000","URB_INTERRUPT in"
"21","22.091918","1.1.1","host","USB","35","0000000000000000","URB_INTERRUPT in"
"23","22.155923","1.1.1","host","USB","35","00000a0000000000","URB_INTERRUPT in"
"25","22.211925","1.1.1","host","USB","35","0000000000000000","URB_INTERRUPT in"
"27","22.515957","1.1.1","host","USB","35","00002c0000000000","URB_INTERRUPT in"
"29","22.603968","1.1.1","host","USB","35","0000000000000000","URB_INTERRUPT in"
"31","22.667973","1.1.1","host","USB","35","0000080000000000","URB_INTERRUPT in"
"33","22.747983","1.1.1","host","USB","35","0000000000000000","URB_INTERRUPT in"
"35","22.771984","1.1.1","host","USB","35","0000110000000000","URB_INTERRUPT in"
"37","22.859999","1.1.1","host","USB","35","0000000000000000","URB_INTERRUPT in"
"39","22.907998","1.1.1","host","USB","35","0000170000000000","URB_INTERRUPT in"
"41","22.948003","1.1.1","host","USB","35","0000171500000000","URB_INTERRUPT in"
"43","22.988018","1.1.1","host","USB","35","0000150000000000","URB_INTERRUPT in"
"45","23.052018","1.1.1","host","USB","35","0000000000000000","URB_INTERRUPT in"
"47","23.092029","1.1.1","host","USB","35","00001c0000000000","URB_INTERRUPT in"
"49","23.148031","1.1.1","host","USB","35","0000000000000000","URB_INTERRUPT in"
"51","23.180028","1.1.1","host","USB","35","00002c0000000000","URB_INTERRUPT in"
"53","23.284046","1.1.1","host","USB","35","0000000000000000","URB_INTERRUPT in"
"55","23.612091","1.1.1","host","USB","35","0200000000000000","URB_INTERRUPT in"
"57","24.124148","1.1.1","host","USB","35","0200200000000000","URB_INTERRUPT in"
"59","24.172143","1.1.1","host","USB","35","0200000000000000","URB_INTERRUPT in"
"61","24.204144","1.1.1","host","USB","35","0000000000000000","URB_INTERRUPT in"
"63","24.964226","1.1.1","host","USB","35","00001f0000000000","URB_INTERRUPT in"
"65","25.028241","1.1.1","host","USB","35","0000000000000000","URB_INTERRUPT in"
"67","25.100238","1.1.1","host","USB","35","00001e0000000000","URB_INTERRUPT in"
"69","25.196243","1.1.1","host","USB","35","0000000000000000","URB_INTERRUPT in"
"71","25.748301","1.1.1","host","USB","35","0000230000000000","URB_INTERRUPT in"
"73","25.804317","1.1.1","host","USB","35","0000000000000000","URB_INTERRUPT in"
"75","27.324485","1.1.1","host","USB","35","0000280000000000","URB_INTERRUPT in"
"77","27.396476","1.1.1","host","USB","35","0000000000000000","URB_INTERRUPT in"
"79","27.492487","1.1.1","host","USB","35","0000280000000000","URB_INTERRUPT in"
"81","27.572494","1.1.1","host","USB","35","0000000000000000","URB_INTERRUPT in"
"83","28.852647","1.1.1","host","USB","35","0200000000000000","URB_INTERRUPT in"
"85","29.052660","1.1.1","host","USB","35","0200170000000000","URB_INTERRUPT in"
"87","29.092663","1.1.1","host","USB","35","0000170000000000","URB_INTERRUPT in"
"89","29.116667","1.1.1","host","USB","35","0000000000000000","URB_INTERRUPT in"
"91","29.404699","1.1.1","host","USB","35","0000170000000000","URB_INTERRUPT in"
"93","29.460710","1.1.1","host","USB","35","0000000000000000","URB_INTERRUPT in"
"95","29.724733","1.1.1","host","USB","35","00002a0000000000","URB_INTERRUPT in"
"97","29.804741","1.1.1","host","USB","35","0000000000000000","URB_INTERRUPT in"
"99","29.892759","1.1.1","host","USB","35","00000c0000000000","URB_INTERRUPT in"
"101","29.964758","1.1.1","host","USB","35","0000000000000000","URB_INTERRUPT in"
"103","30.044764","1.1.1","host","USB","35","0000170000000000","URB_INTERRUPT in"
"105","30.116782","1.1.1","host","USB","35","0000000000000000","URB_INTERRUPT in"
"107","30.212780","1.1.1","host","USB","35","00000f0000000000","URB_INTERRUPT in"
"109","30.292803","1.1.1","host","USB","35","0000000000000000","URB_INTERRUPT in"
"111","30.324803","1.1.1","host","USB","35","0000080000000000","URB_INTERRUPT in"
"113","30.372799","1.1.1","host","USB","35","0000000000000000","URB_INTERRUPT in"
"115","30.556827","1.1.1","host","USB","35","0200000000000000","URB_INTERRUPT in"
"117","30.692828","1.1.1","host","USB","35","0200330000000000","URB_INTERRUPT in"
"119","30.812840","1.1.1","host","USB","35","0200000000000000","URB_INTERRUPT in"
"121","30.908850","1.1.1","host","USB","35","0000000000000000","URB_INTERRUPT in"
"123","30.924850","1.1.1","host","USB","35","00002c0000000000","URB_INTERRUPT in"
"125","31.036864","1.1.1","host","USB","35","0000000000000000","URB_INTERRUPT in"
"127","31.620927","1.1.1","host","USB","35","0200000000000000","URB_INTERRUPT in"
"129","31.692931","1.1.1","host","USB","35","0200170000000000","URB_INTERRUPT in"
"131","31.756941","1.1.1","host","USB","35","0000170000000000","URB_INTERRUPT in"
"133","31.772940","1.1.1","host","USB","35","0000000000000000","URB_INTERRUPT in"
"135","31.820955","1.1.1","host","USB","35","00000b0000000000","URB_INTERRUPT in"
"137","31.884960","1.1.1","host","USB","35","0000000000000000","URB_INTERRUPT in"
"139","31.916960","1.1.1","host","USB","35","0000080000000000","URB_INTERRUPT in"
"141","31.972969","1.1.1","host","USB","35","0000000000000000","URB_INTERRUPT in"
"143","32.020983","1.1.1","host","USB","35","00002c0000000000","URB_INTERRUPT in"
"145","32.108990","1.1.1","host","USB","35","0000000000000000","URB_INTERRUPT in"
"147","32.116980","1.1.1","host","USB","35","0200000000000000","URB_INTERRUPT in"
"149","32.197001","1.1.1","host","USB","35","0200160000000000","URB_INTERRUPT in"
"151","32.269012","1.1.1","host","USB","35","0200000000000000","URB_INTERRUPT in"
"153","32.276998","1.1.1","host","USB","35","0000000000000000","URB_INTERRUPT in"
"155","32.381014","1.1.1","host","USB","35","0000170000000000","URB_INTERRUPT in"
"157","32.469033","1.1.1","host","USB","35","0000171500000000","URB_INTERRUPT in"
"159","32.509035","1.1.1","host","USB","35","0000150000000000","URB_INTERRUPT in"
"161","32.565032","1.1.1","host","USB","35","0000000000000000","URB_INTERRUPT in"
"163","32.853073","1.1.1","host","USB","35","0000110000000000","URB_INTERRUPT in"
"165","32.949070","1.1.1","host","USB","35","0000000000000000","URB_INTERRUPT in"
"167","33.133087","1.1.1","host","USB","35","00002a0000000000","URB_INTERRUPT in"
"169","33.221106","1.1.1","host","USB","35","0000000000000000","URB_INTERRUPT in"
"171","33.269100","1.1.1","host","USB","35","0000040000000000","URB_INTERRUPT in"
"173","33.373112","1.1.1","host","USB","35","0000000000000000","URB_INTERRUPT in"
"175","33.973175","1.1.1","host","USB","35","0000110000000000","URB_INTERRUPT in"
"177","34.053188","1.1.1","host","USB","35","0000000000000000","URB_INTERRUPT in"
"179","34.117204","1.1.1","host","USB","35","00000a0000000000","URB_INTERRUPT in"
"181","34.197215","1.1.1","host","USB","35","0000000000000000","URB_INTERRUPT in"
"183","34.285223","1.1.1","host","USB","35","0000080000000000","URB_INTERRUPT in"
"185","34.373232","1.1.1","host","USB","35","0000000000000000","URB_INTERRUPT in"
"187","34.461235","1.1.1","host","USB","35","00002c0000000000","URB_INTERRUPT in"
"189","34.541252","1.1.1","host","USB","35","0000000000000000","URB_INTERRUPT in"
"191","34.597248","1.1.1","host","USB","35","0000040000000000","URB_INTERRUPT in"
"193","34.637263","1.1.1","host","USB","35","0000000000000000","URB_INTERRUPT in"
"195","34.669261","1.1.1","host","USB","35","0000110000000000","URB_INTERRUPT in"
"197","34.757274","1.1.1","host","USB","35","0000000000000000","URB_INTERRUPT in"
"199","34.837280","1.1.1","host","USB","35","0000070000000000","URB_INTERRUPT in"
"201","34.909283","1.1.1","host","USB","35","0000072c00000000","URB_INTERRUPT in"
"203","34.917282","1.1.1","host","USB","35","00002c0000000000","URB_INTERRUPT in"
"205","35.013301","1.1.1","host","USB","35","0000000000000000","URB_INTERRUPT in"
"207","35.133306","1.1.1","host","USB","35","0000180000000000","URB_INTERRUPT in"
"209","35.221324","1.1.1","host","USB","35","0000181100000000","URB_INTERRUPT in"
"211","35.269323","1.1.1","host","USB","35","0000110000000000","URB_INTERRUPT in"
"213","35.293321","1.1.1","host","USB","35","0000000000000000","URB_INTERRUPT in"
"215","35.317325","1.1.1","host","USB","35","0000160000000000","URB_INTERRUPT in"
"217","35.421337","1.1.1","host","USB","35","0000160800000000","URB_INTERRUPT in"
"219","35.453348","1.1.1","host","USB","35","0000080000000000","URB_INTERRUPT in"
"221","35.509343","1.1.1","host","USB","35","0000000000000000","URB_INTERRUPT in"
"223","35.557351","1.1.1","host","USB","35","0000170000000000","URB_INTERRUPT in"
"225","35.613366","1.1.1","host","USB","35","0000000000000000","URB_INTERRUPT in"
"227","35.717376","1.1.1","host","USB","35","0000170000000000","URB_INTERRUPT in"
"229","35.765381","1.1.1","host","USB","35","0000000000000000","URB_INTERRUPT in"
"231","35.789372","1.1.1","host","USB","35","00000f0000000000","URB_INTERRUPT in"
"233","35.893386","1.1.1","host","USB","35","0000000000000000","URB_INTERRUPT in"
"235","36.013412","1.1.1","host","USB","35","00000c0000000000","URB_INTERRUPT in"
"237","36.077407","1.1.1","host","USB","35","00000c1100000000","URB_INTERRUPT in"
"239","36.125422","1.1.1","host","USB","35","0000110000000000","URB_INTERRUPT in"
"241","36.149409","1.1.1","host","USB","35","0000110a00000000","URB_INTERRUPT in"
"243","36.157409","1.1.1","host","USB","35","00000a0000000000","URB_INTERRUPT in"
"245","36.221414","1.1.1","host","USB","35","0000000000000000","URB_INTERRUPT in"
"247","36.269419","1.1.1","host","USB","35","00002c0000000000","URB_INTERRUPT in"
"249","36.341429","1.1.1","host","USB","35","0000000000000000","URB_INTERRUPT in"
"251","36.405432","1.1.1","host","USB","35","0200000000000000","URB_INTERRUPT in"
"253","36.477443","1.1.1","host","USB","35","0200150000000000","URB_INTERRUPT in"
"255","36.541449","1.1.1","host","USB","35","0000150000000000","URB_INTERRUPT in"
"257","36.549454","1.1.1","host","USB","35","0000000000000000","URB_INTERRUPT in"
"259","36.613462","1.1.1","host","USB","35","0000080000000000","URB_INTERRUPT in"
"261","36.693466","1.1.1","host","USB","35","0000000000000000","URB_INTERRUPT in"
"263","36.821480","1.1.1","host","USB","35","0000040000000000","URB_INTERRUPT in"
"265","36.909490","1.1.1","host","USB","35","0000000000000000","URB_INTERRUPT in"
"267","36.973495","1.1.1","host","USB","35","00000f0000000000","URB_INTERRUPT in"
"269","37.037510","1.1.1","host","USB","35","0000000000000000","URB_INTERRUPT in"
"271","37.165517","1.1.1","host","USB","35","00000c0000000000","URB_INTERRUPT in"
"273","37.221524","1.1.1","host","USB","35","0000000000000000","URB_INTERRUPT in"
"275","37.237524","1.1.1","host","USB","35","0000170000000000","URB_INTERRUPT in"
"277","37.325538","1.1.1","host","USB","35","0000000000000000","URB_INTERRUPT in"
"279","37.437562","1.1.1","host","USB","35","00001c0000000000","URB_INTERRUPT in"
"281","37.501564","1.1.1","host","USB","35","0000000000000000","URB_INTERRUPT in"
"283","37.509560","1.1.1","host","USB","35","00002c0000000000","URB_INTERRUPT in"
"285","37.589579","1.1.1","host","USB","35","0000000000000000","URB_INTERRUPT in"
"287","37.701579","1.1.1","host","USB","35","0000120000000000","URB_INTERRUPT in"
"289","37.781589","1.1.1","host","USB","35","0000090000000000","URB_INTERRUPT in"
"291","37.861605","1.1.1","host","USB","35","0000000000000000","URB_INTERRUPT in"
"293","37.901598","1.1.1","host","USB","35","00002c0000000000","URB_INTERRUPT in"
"295","37.981609","1.1.1","host","USB","35","0000000000000000","URB_INTERRUPT in"
"297","38.133625","1.1.1","host","USB","35","0000070000000000","URB_INTERRUPT in"
"299","38.197641","1.1.1","host","USB","35","0000000000000000","URB_INTERRUPT in"
"301","38.493663","1.1.1","host","USB","35","00002a0000000000","URB_INTERRUPT in"
"303","38.549664","1.1.1","host","USB","35","02002a0000000000","URB_INTERRUPT in"
"305","38.565671","1.1.1","host","USB","35","0200000000000000","URB_INTERRUPT in"
"307","38.605678","1.1.1","host","USB","35","0200070000000000","URB_INTERRUPT in"
"309","38.685678","1.1.1","host","USB","35","0200000000000000","URB_INTERRUPT in"
"311","38.709680","1.1.1","host","USB","35","0000000000000000","URB_INTERRUPT in"
"313","38.837692","1.1.1","host","USB","35","0000180000000000","URB_INTERRUPT in"
"315","38.949704","1.1.1","host","USB","35","0000000000000000","URB_INTERRUPT in"
"317","38.973711","1.1.1","host","USB","35","0000060000000000","URB_INTERRUPT in"
"319","39.053726","1.1.1","host","USB","35","0000000000000000","URB_INTERRUPT in"
"321","39.117724","1.1.1","host","USB","35","00000f0000000000","URB_INTERRUPT in"
"323","39.197734","1.1.1","host","USB","35","0000000000000000","URB_INTERRUPT in"
"325","39.213732","1.1.1","host","USB","35","0000160000000000","URB_INTERRUPT in"
"327","39.269742","1.1.1","host","USB","35","0000000000000000","URB_INTERRUPT in"
"329","40.133838","1.1.1","host","USB","35","00002a0000000000","URB_INTERRUPT in"
"331","40.181843","1.1.1","host","USB","35","0000000000000000","URB_INTERRUPT in"
"333","40.285850","1.1.1","host","USB","35","00002a0000000000","URB_INTERRUPT in"
"335","40.349861","1.1.1","host","USB","35","0000000000000000","URB_INTERRUPT in"
"337","40.957934","1.1.1","host","USB","35","00000e0000000000","URB_INTERRUPT in"
"339","41.005934","1.1.1","host","USB","35","0000000000000000","URB_INTERRUPT in"
"341","41.413974","1.1.1","host","USB","35","0000160000000000","URB_INTERRUPT in"
"343","41.461990","1.1.1","host","USB","35","0000000000000000","URB_INTERRUPT in"
"345","41.814009","1.1.1","host","USB","35","0000340000000000","URB_INTERRUPT in"
"347","41.894017","1.1.1","host","USB","35","0000000000000000","URB_INTERRUPT in"
"349","42.142044","1.1.1","host","USB","35","00002c0000000000","URB_INTERRUPT in"
"351","42.222054","1.1.1","host","USB","35","0000000000000000","URB_INTERRUPT in"
"353","42.302061","1.1.1","host","USB","35","0200000000000000","URB_INTERRUPT in"
"355","42.374072","1.1.1","host","USB","35","0200160000000000","URB_INTERRUPT in"
"357","42.462079","1.1.1","host","USB","35","0200000000000000","URB_INTERRUPT in"
"359","42.478083","1.1.1","host","USB","35","0000000000000000","URB_INTERRUPT in"
"361","42.662100","1.1.1","host","USB","35","0000130000000000","URB_INTERRUPT in"
"363","42.790126","1.1.1","host","USB","35","0000000000000000","URB_INTERRUPT in"
"365","43.158166","1.1.1","host","USB","35","00000c0000000000","URB_INTERRUPT in"
"367","43.262183","1.1.1","host","USB","35","0000000000000000","URB_INTERRUPT in"
"369","43.390192","1.1.1","host","USB","35","0000150000000000","URB_INTERRUPT in"
"371","43.478205","1.1.1","host","USB","35","0000000000000000","URB_INTERRUPT in"
"373","43.598207","1.1.1","host","USB","35","0000040000000000","URB_INTERRUPT in"
"375","43.694225","1.1.1","host","USB","35","0000000000000000","URB_INTERRUPT in"
"377","43.750223","1.1.1","host","USB","35","00000f0000000000","URB_INTERRUPT in"
"379","43.838243","1.1.1","host","USB","35","0000000000000000","URB_INTERRUPT in"
"381","44.174265","1.1.1","host","USB","35","00002d0000000000","URB_INTERRUPT in"
"383","44.254277","1.1.1","host","USB","35","0000000000000000","URB_INTERRUPT in"
"385","44.382283","1.1.1","host","USB","35","0200000000000000","URB_INTERRUPT in"
"387","44.542301","1.1.1","host","USB","35","0200160000000000","URB_INTERRUPT in"
"389","44.598305","1.1.1","host","USB","35","0000160000000000","URB_INTERRUPT in"
"391","44.638310","1.1.1","host","USB","35","0000000000000000","URB_INTERRUPT in"
"393","44.862334","1.1.1","host","USB","35","0000040000000000","URB_INTERRUPT in"
"395","44.958347","1.1.1","host","USB","35","0000000000000000","URB_INTERRUPT in"
"397","44.966343","1.1.1","host","USB","35","00000b0000000000","URB_INTERRUPT in"
"399","45.038357","1.1.1","host","USB","35","0000000000000000","URB_INTERRUPT in"
"401","45.190382","1.1.1","host","USB","35","0000130000000000","URB_INTERRUPT in"
"403","45.294398","1.1.1","host","USB","35","0000000000000000","URB_INTERRUPT in"
"405","45.326401","1.1.1","host","USB","35","0000080000000000","URB_INTERRUPT in"
"407","45.406399","1.1.1","host","USB","35","0000000000000000","URB_INTERRUPT in"
"409","45.670425","1.1.1","host","USB","35","00002a0000000000","URB_INTERRUPT in"
"411","45.718443","1.1.1","host","USB","35","0000000000000000","URB_INTERRUPT in"
"413","45.798439","1.1.1","host","USB","35","00002a0000000000","URB_INTERRUPT in"
"415","45.846448","1.1.1","host","USB","35","0000000000000000","URB_INTERRUPT in"
"417","45.934458","1.1.1","host","USB","35","00002a0000000000","URB_INTERRUPT in"
"419","45.982461","1.1.1","host","USB","35","0000000000000000","URB_INTERRUPT in"
"421","46.086471","1.1.1","host","USB","35","00002a0000000000","URB_INTERRUPT in"
"423","46.142478","1.1.1","host","USB","35","0000000000000000","URB_INTERRUPT in"
"425","46.422508","1.1.1","host","USB","35","0000040000000000","URB_INTERRUPT in"
"427","46.486525","1.1.1","host","USB","35","0000000000000000","URB_INTERRUPT in"
"429","46.686545","1.1.1","host","USB","35","00002a0000000000","URB_INTERRUPT in"
"431","46.742541","1.1.1","host","USB","35","0000000000000000","URB_INTERRUPT in"
"433","46.910567","1.1.1","host","USB","35","00000b0000000000","URB_INTERRUPT in"
"435","46.966567","1.1.1","host","USB","35","0000000000000000","URB_INTERRUPT in"
"437","47.022570","1.1.1","host","USB","35","0000040000000000","URB_INTERRUPT in"
"439","47.086584","1.1.1","host","USB","35","0000000000000000","URB_INTERRUPT in"
"441","47.126582","1.1.1","host","USB","35","0000130000000000","URB_INTERRUPT in"
"443","47.222595","1.1.1","host","USB","35","0000000000000000","URB_INTERRUPT in"
"445","47.270590","1.1.1","host","USB","35","0000080000000000","URB_INTERRUPT in"
"447","47.334598","1.1.1","host","USB","35","0000000000000000","URB_INTERRUPT in"
"449","47.430608","1.1.1","host","USB","35","0000070000000000","URB_INTERRUPT in"
"451","47.494615","1.1.1","host","USB","35","0000000000000000","URB_INTERRUPT in"
"453","47.710639","1.1.1","host","USB","35","0000370000000000","URB_INTERRUPT in"
"455","47.766645","1.1.1","host","USB","35","0000000000000000","URB_INTERRUPT in"
"457","47.886657","1.1.1","host","USB","35","0000370000000000","URB_INTERRUPT in"
"459","47.926660","1.1.1","host","USB","35","0000000000000000","URB_INTERRUPT in"
"461","48.038673","1.1.1","host","USB","35","0000370000000000","URB_INTERRUPT in"
"463","48.094680","1.1.1","host","USB","35","0000000000000000","URB_INTERRUPT in"
"465","48.478737","1.1.1","host","USB","35","00002a0000000000","URB_INTERRUPT in"
"467","48.550743","1.1.1","host","USB","35","0000000000000000","URB_INTERRUPT in"
"469","48.638752","1.1.1","host","USB","35","00002a0000000000","URB_INTERRUPT in"
"471","48.694746","1.1.1","host","USB","35","0000000000000000","URB_INTERRUPT in"
"473","50.302913","1.1.1","host","USB","35","00002a0000000000","URB_INTERRUPT in"
"475","50.390922","1.1.1","host","USB","35","0000000000000000","URB_INTERRUPT in"
"477","50.414926","1.1.1","host","USB","35","00002c0000000000","URB_INTERRUPT in"
"479","50.534953","1.1.1","host","USB","35","0000000000000000","URB_INTERRUPT in"
"481","50.734976","1.1.1","host","USB","35","0200000000000000","URB_INTERRUPT in"
"483","50.846975","1.1.1","host","USB","35","0200130000000000","URB_INTERRUPT in"
"485","50.886985","1.1.1","host","USB","35","0200000000000000","URB_INTERRUPT in"
"487","50.975000","1.1.1","host","USB","35","0000000000000000","URB_INTERRUPT in"
"489","51.047008","1.1.1","host","USB","35","0000080000000000","URB_INTERRUPT in"
"491","51.151020","1.1.1","host","USB","35","0000000000000000","URB_INTERRUPT in"
"493","51.511053","1.1.1","host","USB","35","0000110000000000","URB_INTERRUPT in"
"495","51.599063","1.1.1","host","USB","35","0000110c00000000","URB_INTERRUPT in"
"497","51.671065","1.1.1","host","USB","35","0000110c16000000","URB_INTERRUPT in"
"499","51.679065","1.1.1","host","USB","35","00000c1600000000","URB_INTERRUPT in"
"501","51.695071","1.1.1","host","USB","35","0000160000000000","URB_INTERRUPT in"
"503","51.751077","1.1.1","host","USB","35","0000000000000000","URB_INTERRUPT in"
"505","52.207122","1.1.1","host","USB","35","00002a0000000000","URB_INTERRUPT in"
"507","52.271127","1.1.1","host","USB","35","0000000000000000","URB_INTERRUPT in"
"509","52.351133","1.1.1","host","USB","35","00002a0000000000","URB_INTERRUPT in"
"511","52.415144","1.1.1","host","USB","35","0000000000000000","URB_INTERRUPT in"
"513","52.487158","1.1.1","host","USB","35","00002a0000000000","URB_INTERRUPT in"
"515","52.551157","1.1.1","host","USB","35","0000000000000000","URB_INTERRUPT in"
"517","52.631166","1.1.1","host","USB","35","00002a0000000000","URB_INTERRUPT in"
"519","52.695169","1.1.1","host","USB","35","0000000000000000","URB_INTERRUPT in"
"521","52.887192","1.1.1","host","USB","35","0200000000000000","URB_INTERRUPT in"
"523","52.999201","1.1.1","host","USB","35","0000000000000000","URB_INTERRUPT in"
"525","53.127215","1.1.1","host","USB","35","00002a0000000000","URB_INTERRUPT in"
"527","53.191220","1.1.1","host","USB","35","0000000000000000","URB_INTERRUPT in"
"529","53.255227","1.1.1","host","USB","35","0200000000000000","URB_INTERRUPT in"
"531","53.335243","1.1.1","host","USB","35","0200070000000000","URB_INTERRUPT in"
"533","53.399242","1.1.1","host","USB","35","0000070000000000","URB_INTERRUPT in"
"535","53.415251","1.1.1","host","USB","35","0000000000000000","URB_INTERRUPT in"
"537","53.527256","1.1.1","host","USB","35","0000120000000000","URB_INTERRUPT in"
"539","53.639268","1.1.1","host","USB","35","0000121100000000","URB_INTERRUPT in"
"541","53.695275","1.1.1","host","USB","35","0000110000000000","URB_INTERRUPT in"
"543","53.727275","1.1.1","host","USB","35","0000000000000000","URB_INTERRUPT in"
"545","53.751277","1.1.1","host","USB","35","0000170000000000","URB_INTERRUPT in"
"547","53.823298","1.1.1","host","USB","35","0000000000000000","URB_INTERRUPT in"
"549","53.943306","1.1.1","host","USB","35","0000160000000000","URB_INTERRUPT in"
"551","54.047329","1.1.1","host","USB","35","0000000000000000","URB_INTERRUPT in"
"553","54.103332","1.1.1","host","USB","35","0200000000000000","URB_INTERRUPT in"
"555","54.239339","1.1.1","host","USB","35","0000000000000000","URB_INTERRUPT in"
"557","54.415366","1.1.1","host","USB","35","00002a0000000000","URB_INTERRUPT in"
"559","54.479373","1.1.1","host","USB","35","0000000000000000","URB_INTERRUPT in"
"561","54.527370","1.1.1","host","USB","35","00002a0000000000","URB_INTERRUPT in"
"563","54.591376","1.1.1","host","USB","35","0000000000000000","URB_INTERRUPT in"
"565","54.727388","1.1.1","host","USB","35","0000160000000000","URB_INTERRUPT in"
"567","54.791403","1.1.1","host","USB","35","0000000000000000","URB_INTERRUPT in"
"569","55.071423","1.1.1","host","USB","35","00002a0000000000","URB_INTERRUPT in"
"571","55.135435","1.1.1","host","USB","35","00002a0a00000000","URB_INTERRUPT in"
"573","55.143429","1.1.1","host","USB","35","00000a0000000000","URB_INTERRUPT in"
"575","55.183432","1.1.1","host","USB","35","00000a1600000000","URB_INTERRUPT in"
"577","55.199443","1.1.1","host","USB","35","0000160000000000","URB_INTERRUPT in"
"579","55.255439","1.1.1","host","USB","35","0000000000000000","URB_INTERRUPT in"
"581","55.335449","1.1.1","host","USB","35","0200000000000000","URB_INTERRUPT in"
"583","55.391458","1.1.1","host","USB","35","0200380000000000","URB_INTERRUPT in"
"585","55.503466","1.1.1","host","USB","35","0200000000000000","URB_INTERRUPT in"
"587","55.639491","1.1.1","host","USB","35","0000000000000000","URB_INTERRUPT in"
"589","55.775495","1.1.1","host","USB","35","00002a0000000000","URB_INTERRUPT in"
"591","55.855504","1.1.1","host","USB","35","0000000000000000","URB_INTERRUPT in"
"593","55.935512","1.1.1","host","USB","35","00002a0000000000","URB_INTERRUPT in"
"595","56.007528","1.1.1","host","USB","35","0000000000000000","URB_INTERRUPT in"
"597","56.079543","1.1.1","host","USB","35","00002a0000000000","URB_INTERRUPT in"
"599","56.143549","1.1.1","host","USB","35","0000000000000000","URB_INTERRUPT in"
"601","56.231553","1.1.1","host","USB","35","00002a0000000000","URB_INTERRUPT in"
"603","56.287558","1.1.1","host","USB","35","0000000000000000","URB_INTERRUPT in"
"605","56.375567","1.1.1","host","USB","35","00002a0000000000","URB_INTERRUPT in"
"607","56.447582","1.1.1","host","USB","35","0000000000000000","URB_INTERRUPT in"
"609","56.551586","1.1.1","host","USB","35","00002a0000000000","URB_INTERRUPT in"
"611","56.607589","1.1.1","host","USB","35","0000000000000000","URB_INTERRUPT in"
"613","56.863626","1.1.1","host","USB","35","0200000000000000","URB_INTERRUPT in"
"615","56.935619","1.1.1","host","USB","35","0200070000000000","URB_INTERRUPT in"
"617","57.015636","1.1.1","host","USB","35","0000070000000000","URB_INTERRUPT in"
"619","57.031640","1.1.1","host","USB","35","0000000000000000","URB_INTERRUPT in"
"621","57.087638","1.1.1","host","USB","35","00000c0000000000","URB_INTERRUPT in"
"623","57.159651","1.1.1","host","USB","35","00000c0600000000","URB_INTERRUPT in"
"625","57.167649","1.1.1","host","USB","35","0000060000000000","URB_INTERRUPT in"
"627","57.263660","1.1.1","host","USB","35","0000000000000000","URB_INTERRUPT in"
"629","57.279668","1.1.1","host","USB","35","00000e0000000000","URB_INTERRUPT in"
"631","57.359681","1.1.1","host","USB","35","0000000000000000","URB_INTERRUPT in"
"633","57.431671","1.1.1","host","USB","35","0000160000000000","URB_INTERRUPT in"
"635","57.487684","1.1.1","host","USB","35","0000000000000000","URB_INTERRUPT in"
"637","57.599695","1.1.1","host","USB","35","0200000000000000","URB_INTERRUPT in"
"639","57.727717","1.1.1","host","USB","35","0200380000000000","URB_INTERRUPT in"
"641","57.807721","1.1.1","host","USB","35","0200000000000000","URB_INTERRUPT in"
"643","57.991738","1.1.1","host","USB","35","0000000000000000","URB_INTERRUPT in"
"645","58.135753","1.1.1","host","USB","35","00002a0000000000","URB_INTERRUPT in"
"647","58.207754","1.1.1","host","USB","35","0000000000000000","URB_INTERRUPT in"
"649","58.279760","1.1.1","host","USB","35","00002a0000000000","URB_INTERRUPT in"
"651","58.359772","1.1.1","host","USB","35","0000000000000000","URB_INTERRUPT in"
"653","58.423779","1.1.1","host","USB","35","00002a0000000000","URB_INTERRUPT in"
"655","58.495784","1.1.1","host","USB","35","0000000000000000","URB_INTERRUPT in"
"657","58.575794","1.1.1","host","USB","35","00002a0000000000","URB_INTERRUPT in"
"659","58.631800","1.1.1","host","USB","35","0000000000000000","URB_INTERRUPT in"
"661","58.727808","1.1.1","host","USB","35","00002a0000000000","URB_INTERRUPT in"
"663","58.775816","1.1.1","host","USB","35","0000000000000000","URB_INTERRUPT in"
"665","58.863823","1.1.1","host","USB","35","00002a0000000000","URB_INTERRUPT in"
"667","58.903829","1.1.1","host","USB","35","02002a0000000000","URB_INTERRUPT in"
"669","58.919829","1.1.1","host","USB","35","0200000000000000","URB_INTERRUPT in"
"671","59.063845","1.1.1","host","USB","35","0200130000000000","URB_INTERRUPT in"
"673","59.119858","1.1.1","host","USB","35","0000130000000000","URB_INTERRUPT in"
"675","59.127852","1.1.1","host","USB","35","0000000000000000","URB_INTERRUPT in"
"677","59.215868","1.1.1","host","USB","35","0000080000000000","URB_INTERRUPT in"
"679","59.287880","1.1.1","host","USB","35","0000000000000000","URB_INTERRUPT in"
"681","59.375896","1.1.1","host","USB","35","0000110000000000","URB_INTERRUPT in"
"683","59.495904","1.1.1","host","USB","35","0000000000000000","URB_INTERRUPT in"
"685","59.567908","1.1.1","host","USB","35","00000c0000000000","URB_INTERRUPT in"
"687","59.655926","1.1.1","host","USB","35","0000000000000000","URB_INTERRUPT in"
"689","59.831943","1.1.1","host","USB","35","0000160000000000","URB_INTERRUPT in"
"691","59.975949","1.1.1","host","USB","35","0000000000000000","URB_INTERRUPT in"
"693","60.183982","1.1.1","host","USB","35","0000080000000000","URB_INTERRUPT in"
"695","60.255980","1.1.1","host","USB","35","0000000000000000","URB_INTERRUPT in"
"697","60.311980","1.1.1","host","USB","35","0000160000000000","URB_INTERRUPT in"
"699","60.375984","1.1.1","host","USB","35","0000000000000000","URB_INTERRUPT in"
"701","62.760255","1.1.1","host","USB","35","0000370000000000","URB_INTERRUPT in"
"703","62.880262","1.1.1","host","USB","35","0000000000000000","URB_INTERRUPT in"
"705","63.864359","1.1.1","host","USB","35","0000280000000000","URB_INTERRUPT in"
"707","63.904361","1.1.1","host","USB","35","0000000000000000","URB_INTERRUPT in"
"709","64.000371","1.1.1","host","USB","35","0000280000000000","URB_INTERRUPT in"
"711","64.048376","1.1.1","host","USB","35","0000000000000000","URB_INTERRUPT in"
"713","65.736568","1.1.1","host","USB","35","0200000000000000","URB_INTERRUPT in"
"715","65.840588","1.1.1","host","USB","35","0200170000000000","URB_INTERRUPT in"
"717","65.904574","1.1.1","host","USB","35","0000170000000000","URB_INTERRUPT in"
"719","65.944576","1.1.1","host","USB","35","0000000000000000","URB_INTERRUPT in"
"721","66.032584","1.1.1","host","USB","35","00000b0000000000","URB_INTERRUPT in"
"723","66.104596","1.1.1","host","USB","35","0000080000000000","URB_INTERRUPT in"
"725","66.176603","1.1.1","host","USB","35","0000081500000000","URB_INTERRUPT in"
"727","66.208606","1.1.1","host","USB","35","0000150000000000","URB_INTERRUPT in"
"729","66.288614","1.1.1","host","USB","35","0000150800000000","URB_INTERRUPT in"
"731","66.320620","1.1.1","host","USB","35","0000080000000000","URB_INTERRUPT in"
"733","66.384626","1.1.1","host","USB","35","0000000000000000","URB_INTERRUPT in"
"735","66.504639","1.1.1","host","USB","35","00002c0000000000","URB_INTERRUPT in"
"737","66.584647","1.1.1","host","USB","35","0000000000000000","URB_INTERRUPT in"
"739","66.592644","1.1.1","host","USB","35","0000040000000000","URB_INTERRUPT in"
"741","66.664653","1.1.1","host","USB","35","0000041500000000","URB_INTERRUPT in"
"743","66.704665","1.1.1","host","USB","35","0000150000000000","URB_INTERRUPT in"
"745","66.768663","1.1.1","host","USB","35","0000150800000000","URB_INTERRUPT in"
"747","66.808670","1.1.1","host","USB","35","0000080000000000","URB_INTERRUPT in"
"749","66.864676","1.1.1","host","USB","35","0000000000000000","URB_INTERRUPT in"
"751","66.920680","1.1.1","host","USB","35","00002c0000000000","URB_INTERRUPT in"
"753","67.008703","1.1.1","host","USB","35","0000000000000000","URB_INTERRUPT in"
"755","67.048695","1.1.1","host","USB","35","0000160000000000","URB_INTERRUPT in"
"757","67.128717","1.1.1","host","USB","35","0000000000000000","URB_INTERRUPT in"
"759","67.168708","1.1.1","host","USB","35","0000120000000000","URB_INTERRUPT in"
"761","67.240730","1.1.1","host","USB","35","0000121000000000","URB_INTERRUPT in"
"763","67.304730","1.1.1","host","USB","35","0000100000000000","URB_INTERRUPT in"
"765","67.336733","1.1.1","host","USB","35","0000100800000000","URB_INTERRUPT in"
"767","67.344743","1.1.1","host","USB","35","0000080000000000","URB_INTERRUPT in"
"769","67.408743","1.1.1","host","USB","35","0000000000000000","URB_INTERRUPT in"
"771","67.456750","1.1.1","host","USB","35","00002c0000000000","URB_INTERRUPT in"
"773","67.552763","1.1.1","host","USB","35","0000000000000000","URB_INTERRUPT in"
"775","67.608762","1.1.1","host","USB","35","0000090000000000","URB_INTERRUPT in"
"777","67.696779","1.1.1","host","USB","35","0000000000000000","URB_INTERRUPT in"
"779","67.776785","1.1.1","host","USB","35","0000040000000000","URB_INTERRUPT in"
"781","67.848786","1.1.1","host","USB","35","0000040600000000","URB_INTERRUPT in"
"783","67.896792","1.1.1","host","USB","35","0000060000000000","URB_INTERRUPT in"
"785","67.920794","1.1.1","host","USB","35","0000000000000000","URB_INTERRUPT in"
"787","68.024804","1.1.1","host","USB","35","0000170000000000","URB_INTERRUPT in"
"789","68.112824","1.1.1","host","USB","35","0000171600000000","URB_INTERRUPT in"
"791","68.128818","1.1.1","host","USB","35","0000160000000000","URB_INTERRUPT in"
"793","68.192830","1.1.1","host","USB","35","0000000000000000","URB_INTERRUPT in"
"795","68.208826","1.1.1","host","USB","35","00002c0000000000","URB_INTERRUPT in"
"797","68.312839","1.1.1","host","USB","35","0000000000000000","URB_INTERRUPT in"
"799","68.600865","1.1.1","host","USB","35","00001c0000000000","URB_INTERRUPT in"
"801","68.720880","1.1.1","host","USB","35","0000000000000000","URB_INTERRUPT in"
"803","68.840904","1.1.1","host","USB","35","0000120000000000","URB_INTERRUPT in"
"805","68.928912","1.1.1","host","USB","35","0000121800000000","URB_INTERRUPT in"
"807","68.976909","1.1.1","host","USB","35","0000180000000000","URB_INTERRUPT in"
"809","69.024913","1.1.1","host","USB","35","0000000000000000","URB_INTERRUPT in"
"811","69.176921","1.1.1","host","USB","35","00002c0000000000","URB_INTERRUPT in"
"813","69.272932","1.1.1","host","USB","35","0000000000000000","URB_INTERRUPT in"
"815","69.408948","1.1.1","host","USB","35","0000160000000000","URB_INTERRUPT in"
"817","69.520958","1.1.1","host","USB","35","0000000000000000","URB_INTERRUPT in"
"819","69.592965","1.1.1","host","USB","35","0000170000000000","URB_INTERRUPT in"
"821","69.672975","1.1.1","host","USB","35","0000000000000000","URB_INTERRUPT in"
"823","69.784986","1.1.1","host","USB","35","0000180000000000","URB_INTERRUPT in"
"825","69.872995","1.1.1","host","USB","35","0000000000000000","URB_INTERRUPT in"
"827","69.888995","1.1.1","host","USB","35","0000100000000000","URB_INTERRUPT in"
"829","70.017013","1.1.1","host","USB","35","0000000000000000","URB_INTERRUPT in"
"831","70.161027","1.1.1","host","USB","35","0000190000000000","URB_INTERRUPT in"
"833","70.233034","1.1.1","host","USB","35","0000000000000000","URB_INTERRUPT in"
"835","70.273038","1.1.1","host","USB","35","00000f0000000000","URB_INTERRUPT in"
"837","70.361053","1.1.1","host","USB","35","0000000000000000","URB_INTERRUPT in"
"839","70.489077","1.1.1","host","USB","35","00002c0000000000","URB_INTERRUPT in"
"841","70.553073","1.1.1","host","USB","35","0000000000000000","URB_INTERRUPT in"
"843","70.945130","1.1.1","host","USB","35","00002a0000000000","URB_INTERRUPT in"
"845","71.041128","1.1.1","host","USB","35","0000000000000000","URB_INTERRUPT in"
"847","71.081133","1.1.1","host","USB","35","0000080000000000","URB_INTERRUPT in"
"849","71.161141","1.1.1","host","USB","35","0000000000000000","URB_INTERRUPT in"
"851","71.273153","1.1.1","host","USB","35","00002c0000000000","URB_INTERRUPT in"
"853","71.345167","1.1.1","host","USB","35","0000000000000000","URB_INTERRUPT in"
"855","71.521172","1.1.1","host","USB","35","0000180000000000","URB_INTERRUPT in"
"857","71.617182","1.1.1","host","USB","35","0000000000000000","URB_INTERRUPT in"
"859","71.721192","1.1.1","host","USB","35","0000130000000000","URB_INTERRUPT in"
"861","71.817203","1.1.1","host","USB","35","0000000000000000","URB_INTERRUPT in"
"863","73.033346","1.1.1","host","USB","35","0000130000000000","URB_INTERRUPT in"
"865","73.129351","1.1.1","host","USB","35","0000000000000000","URB_INTERRUPT in"
"867","73.209365","1.1.1","host","USB","35","0000120000000000","URB_INTERRUPT in"
"869","73.313378","1.1.1","host","USB","35","0000000000000000","URB_INTERRUPT in"
"871","73.393385","1.1.1","host","USB","35","0000110000000000","URB_INTERRUPT in"
"873","73.457384","1.1.1","host","USB","35","0000000000000000","URB_INTERRUPT in"
"875","73.553396","1.1.1","host","USB","35","00002c0000000000","URB_INTERRUPT in"
"877","73.601408","1.1.1","host","USB","35","0000000000000000","URB_INTERRUPT in"
"879","73.769425","1.1.1","host","USB","35","00000c0000000000","URB_INTERRUPT in"
"881","73.849426","1.1.1","host","USB","35","00000c1100000000","URB_INTERRUPT in"
"883","73.889432","1.1.1","host","USB","35","0000110000000000","URB_INTERRUPT in"
"885","73.929430","1.1.1","host","USB","35","0000000000000000","URB_INTERRUPT in"
"887","74.009446","1.1.1","host","USB","35","00002c0000000000","URB_INTERRUPT in"
"889","74.057450","1.1.1","host","USB","35","0000000000000000","URB_INTERRUPT in"
"891","74.161467","1.1.1","host","USB","35","00000f0000000000","URB_INTERRUPT in"
"893","74.241468","1.1.1","host","USB","35","0000000000000000","URB_INTERRUPT in"
"895","74.329477","1.1.1","host","USB","35","00000c0000000000","URB_INTERRUPT in"
"897","74.441489","1.1.1","host","USB","35","0000000000000000","URB_INTERRUPT in"
"899","74.449487","1.1.1","host","USB","35","0000090000000000","URB_INTERRUPT in"
"901","74.497504","1.1.1","host","USB","35","0000090800000000","URB_INTERRUPT in"
"903","74.553510","1.1.1","host","USB","35","0000080000000000","URB_INTERRUPT in"
"905","74.569508","1.1.1","host","USB","35","0000082c00000000","URB_INTERRUPT in"
"907","74.585504","1.1.1","host","USB","35","00002c0000000000","URB_INTERRUPT in"
"909","74.641514","1.1.1","host","USB","35","0000000000000000","URB_INTERRUPT in"
"911","74.721510","1.1.1","host","USB","35","0000170000000000","URB_INTERRUPT in"
"913","74.793520","1.1.1","host","USB","35","0000000000000000","URB_INTERRUPT in"
"915","74.801519","1.1.1","host","USB","35","00000b0000000000","URB_INTERRUPT in"
"917","74.881531","1.1.1","host","USB","35","0000000000000000","URB_INTERRUPT in"
"919","74.905534","1.1.1","host","USB","35","0000040000000000","URB_INTERRUPT in"
"921","74.969538","1.1.1","host","USB","35","0000041700000000","URB_INTERRUPT in"
"923","74.985555","1.1.1","host","USB","35","0000170000000000","URB_INTERRUPT in"
"925","75.025554","1.1.1","host","USB","35","0000172c00000000","URB_INTERRUPT in"
"927","75.041547","1.1.1","host","USB","35","00002c0000000000","URB_INTERRUPT in"
"929","75.105552","1.1.1","host","USB","35","0000000000000000","URB_INTERRUPT in"
"931","75.225567","1.1.1","host","USB","35","00000f0000000000","URB_INTERRUPT in"
"933","75.321576","1.1.1","host","USB","35","00000f0800000000","URB_INTERRUPT in"
"935","75.329577","1.1.1","host","USB","35","0000080000000000","URB_INTERRUPT in"
"937","75.417592","1.1.1","host","USB","35","0000000000000000","URB_INTERRUPT in"
"939","75.425586","1.1.1","host","USB","35","0000040000000000","URB_INTERRUPT in"
"941","75.489593","1.1.1","host","USB","35","0000000000000000","URB_INTERRUPT in"
"943","75.729618","1.1.1","host","USB","35","0000080000000000","URB_INTERRUPT in"
"945","75.801627","1.1.1","host","USB","35","0000000000000000","URB_INTERRUPT in"
"947","76.145672","1.1.1","host","USB","35","00002a0000000000","URB_INTERRUPT in"
"949","76.209676","1.1.1","host","USB","35","0000000000000000","URB_INTERRUPT in"
"951","76.217681","1.1.1","host","USB","35","0000190000000000","URB_INTERRUPT in"
"953","76.353692","1.1.1","host","USB","35","0000000000000000","URB_INTERRUPT in"
"955","76.593728","1.1.1","host","USB","35","0000080000000000","URB_INTERRUPT in"
"957","76.665724","1.1.1","host","USB","35","0000000000000000","URB_INTERRUPT in"
"959","76.793749","1.1.1","host","USB","35","00002c0000000000","URB_INTERRUPT in"
"961","76.881752","1.1.1","host","USB","35","0000000000000000","URB_INTERRUPT in"
"963","77.185775","1.1.1","host","USB","35","00001c0000000000","URB_INTERRUPT in"
"965","77.289791","1.1.1","host","USB","35","0000000000000000","URB_INTERRUPT in"
"967","77.401800","1.1.1","host","USB","35","0000120000000000","URB_INTERRUPT in"
"969","77.465803","1.1.1","host","USB","35","0000121800000000","URB_INTERRUPT in"
"971","77.521810","1.1.1","host","USB","35","0000180000000000","URB_INTERRUPT in"
"973","77.553813","1.1.1","host","USB","35","0000000000000000","URB_INTERRUPT in"
"975","77.681827","1.1.1","host","USB","35","00002c0000000000","URB_INTERRUPT in"
"977","77.753841","1.1.1","host","USB","35","0000000000000000","URB_INTERRUPT in"
"979","77.889861","1.1.1","host","USB","35","0000180000000000","URB_INTERRUPT in"
"981","78.001866","1.1.1","host","USB","35","0000000000000000","URB_INTERRUPT in"
"983","78.209899","1.1.1","host","USB","35","00002a0000000000","URB_INTERRUPT in"
"985","78.273903","1.1.1","host","USB","35","0000000000000000","URB_INTERRUPT in"
"987","78.329910","1.1.1","host","USB","35","0000060000000000","URB_INTERRUPT in"
"989","78.425910","1.1.1","host","USB","35","0000000000000000","URB_INTERRUPT in"
"991","78.521925","1.1.1","host","USB","35","00000b0000000000","URB_INTERRUPT in"
"993","78.609942","1.1.1","host","USB","35","0000000000000000","URB_INTERRUPT in"
"995","78.689950","1.1.1","host","USB","35","0000040000000000","URB_INTERRUPT in"
"997","78.761958","1.1.1","host","USB","35","0000000000000000","URB_INTERRUPT in"
"999","78.865968","1.1.1","host","USB","35","0000110000000000","URB_INTERRUPT in"
"1001","78.937977","1.1.1","host","USB","35","0000000000000000","URB_INTERRUPT in"
"1003","79.001975","1.1.1","host","USB","35","00000a0000000000","URB_INTERRUPT in"
"1005","79.097990","1.1.1","host","USB","35","0000000000000000","URB_INTERRUPT in"
"1007","79.113989","1.1.1","host","USB","35","0000080000000000","URB_INTERRUPT in"
"1009","79.209998","1.1.1","host","USB","35","0000000000000000","URB_INTERRUPT in"
"1011","79.314017","1.1.1","host","USB","35","0000070000000000","URB_INTERRUPT in"
"1013","79.402017","1.1.1","host","USB","35","0000000000000000","URB_INTERRUPT in"
"1015","79.426022","1.1.1","host","USB","35","00002c0000000000","URB_INTERRUPT in"
"1017","79.514030","1.1.1","host","USB","35","0000000000000000","URB_INTERRUPT in"
"1019","79.738063","1.1.1","host","USB","35","00002a0000000000","URB_INTERRUPT in"
"1021","79.826073","1.1.1","host","USB","35","0000000000000000","URB_INTERRUPT in"
"1023","80.106090","1.1.1","host","USB","35","0000370000000000","URB_INTERRUPT in"
"1025","80.186094","1.1.1","host","USB","35","0000000000000000","URB_INTERRUPT in"
"1027","80.218096","1.1.1","host","USB","35","00002c0000000000","URB_INTERRUPT in"
"1029","80.298105","1.1.1","host","USB","35","02002c0000000000","URB_INTERRUPT in"
"1031","80.330108","1.1.1","host","USB","35","0200000000000000","URB_INTERRUPT in"
"1033","80.394115","1.1.1","host","USB","35","02000c0000000000","URB_INTERRUPT in"
"1035","80.458122","1.1.1","host","USB","35","0200000000000000","URB_INTERRUPT in"
"1037","80.474134","1.1.1","host","USB","35","0000000000000000","URB_INTERRUPT in"
"1039","80.826166","1.1.1","host","USB","35","0000340000000000","URB_INTERRUPT in"
"1041","80.930174","1.1.1","host","USB","35","0000000000000000","URB_INTERRUPT in"
"1043","81.042186","1.1.1","host","USB","35","0000100000000000","URB_INTERRUPT in"
"1045","81.114191","1.1.1","host","USB","35","0000000000000000","URB_INTERRUPT in"
"1047","81.226205","1.1.1","host","USB","35","00002c0000000000","URB_INTERRUPT in"
"1049","81.290213","1.1.1","host","USB","35","0000000000000000","URB_INTERRUPT in"
"1051","81.410237","1.1.1","host","USB","35","0000110000000000","URB_INTERRUPT in"
"1053","81.506239","1.1.1","host","USB","35","0000111200000000","URB_INTERRUPT in"
"1055","81.570245","1.1.1","host","USB","35","0000120000000000","URB_INTERRUPT in"
"1057","81.634254","1.1.1","host","USB","35","0000000000000000","URB_INTERRUPT in"
"1059","81.642250","1.1.1","host","USB","35","0000170000000000","URB_INTERRUPT in"
"1061","81.738265","1.1.1","host","USB","35","0000172c00000000","URB_INTERRUPT in"
"1063","81.746265","1.1.1","host","USB","35","00002c0000000000","URB_INTERRUPT in"
"1065","81.818270","1.1.1","host","USB","35","0000000000000000","URB_INTERRUPT in"
"1067","81.882283","1.1.1","host","USB","35","0000170000000000","URB_INTERRUPT in"
"1069","81.938296","1.1.1","host","USB","35","0000000000000000","URB_INTERRUPT in"
"1071","82.002302","1.1.1","host","USB","35","0000040000000000","URB_INTERRUPT in"
"1073","82.074309","1.1.1","host","USB","35","0000000000000000","URB_INTERRUPT in"
"1075","82.090306","1.1.1","host","USB","35","00000f0000000000","URB_INTERRUPT in"
"1077","82.138314","1.1.1","host","USB","35","00000f0e00000000","URB_INTERRUPT in"
"1079","82.170313","1.1.1","host","USB","35","00000e0000000000","URB_INTERRUPT in"
"1081","82.218319","1.1.1","host","USB","35","0000000000000000","URB_INTERRUPT in"
"1083","82.322337","1.1.1","host","USB","35","00000c0000000000","URB_INTERRUPT in"
"1085","82.386329","1.1.1","host","USB","35","00000c1100000000","URB_INTERRUPT in"
"1087","82.434332","1.1.1","host","USB","35","0000110000000000","URB_INTERRUPT in"
"1089","82.474337","1.1.1","host","USB","35","0000110a00000000","URB_INTERRUPT in"
"1091","82.482346","1.1.1","host","USB","35","00000a0000000000","URB_INTERRUPT in"
"1093","82.546344","1.1.1","host","USB","35","0000000000000000","URB_INTERRUPT in"
"1095","82.570346","1.1.1","host","USB","35","00002c0000000000","URB_INTERRUPT in"
"1097","82.642354","1.1.1","host","USB","35","0000000000000000","URB_INTERRUPT in"
"1099","82.698366","1.1.1","host","USB","35","0000040000000000","URB_INTERRUPT in"
"1101","82.770370","1.1.1","host","USB","35","0000000000000000","URB_INTERRUPT in"
"1103","82.794369","1.1.1","host","USB","35","0000050000000000","URB_INTERRUPT in"
"1105","82.850383","1.1.1","host","USB","35","0000000000000000","URB_INTERRUPT in"
"1107","82.970391","1.1.1","host","USB","35","0000120000000000","URB_INTERRUPT in"
"1109","83.050398","1.1.1","host","USB","35","0000121800000000","URB_INTERRUPT in"
"1111","83.098404","1.1.1","host","USB","35","0000180000000000","URB_INTERRUPT in"
"1113","83.130407","1.1.1","host","USB","35","0000000000000000","URB_INTERRUPT in"
"1115","83.154408","1.1.1","host","USB","35","0000170000000000","URB_INTERRUPT in"
"1117","83.234418","1.1.1","host","USB","35","0000000000000000","URB_INTERRUPT in"
"1119","83.274428","1.1.1","host","USB","35","00002c0000000000","URB_INTERRUPT in"
"1121","83.354431","1.1.1","host","USB","35","0000000000000000","URB_INTERRUPT in"
"1123","89.547089","1.1.1","host","USB","35","00000a0000000000","URB_INTERRUPT in"
"1125","89.627098","1.1.1","host","USB","35","00000a1500000000","URB_INTERRUPT in"
"1127","89.635101","1.1.1","host","USB","35","0000150000000000","URB_INTERRUPT in"
"1129","89.659106","1.1.1","host","USB","35","0000000000000000","URB_INTERRUPT in"
"1131","89.811117","1.1.1","host","USB","35","0000040000000000","URB_INTERRUPT in"
"1133","89.899128","1.1.1","host","USB","35","0000000000000000","URB_INTERRUPT in"
"1135","89.963135","1.1.1","host","USB","35","0000110000000000","URB_INTERRUPT in"
"1137","90.043143","1.1.1","host","USB","35","0000000000000000","URB_INTERRUPT in"
"1139","90.067178","1.1.1","host","USB","35","0000070000000000","URB_INTERRUPT in"
"1141","90.139153","1.1.1","host","USB","35","0000000000000000","URB_INTERRUPT in"
"1143","90.187161","1.1.1","host","USB","35","00002c0000000000","URB_INTERRUPT in"
"1145","90.283168","1.1.1","host","USB","35","0000000000000000","URB_INTERRUPT in"
"1147","90.411182","1.1.1","host","USB","35","0000150000000000","URB_INTERRUPT in"
"1149","90.491201","1.1.1","host","USB","35","0000150800000000","URB_INTERRUPT in"
"1151","90.515208","1.1.1","host","USB","35","0000080000000000","URB_INTERRUPT in"
"1153","90.587203","1.1.1","host","USB","35","0000000000000000","URB_INTERRUPT in"
"1155","90.923243","1.1.1","host","USB","35","0000190000000000","URB_INTERRUPT in"
"1157","91.115273","1.1.1","host","USB","35","0000190800000000","URB_INTERRUPT in"
"1159","91.139278","1.1.1","host","USB","35","0000080000000000","URB_INTERRUPT in"
"1161","91.187263","1.1.1","host","USB","35","0000000000000000","URB_INTERRUPT in"
"1163","91.283273","1.1.1","host","USB","35","00000f0000000000","URB_INTERRUPT in"
"1165","91.371284","1.1.1","host","USB","35","0000000000000000","URB_INTERRUPT in"
"1167","91.523304","1.1.1","host","USB","35","0000040000000000","URB_INTERRUPT in"
"1169","91.611312","1.1.1","host","USB","35","0000000000000000","URB_INTERRUPT in"
"1171","91.699319","1.1.1","host","USB","35","0000170000000000","URB_INTERRUPT in"
"1173","91.771327","1.1.1","host","USB","35","0000000000000000","URB_INTERRUPT in"
"1175","91.779328","1.1.1","host","USB","35","00000c0000000000","URB_INTERRUPT in"
"1177","91.859335","1.1.1","host","USB","35","00000c1200000000","URB_INTERRUPT in"
"1179","91.915343","1.1.1","host","USB","35","0000120000000000","URB_INTERRUPT in"
"1181","91.963347","1.1.1","host","USB","35","0000000000000000","URB_INTERRUPT in"
"1183","92.059355","1.1.1","host","USB","35","0000110000000000","URB_INTERRUPT in"
"1185","92.163368","1.1.1","host","USB","35","0000000000000000","URB_INTERRUPT in"
"1187","92.171374","1.1.1","host","USB","35","0000160000000000","URB_INTERRUPT in"
"1189","92.227374","1.1.1","host","USB","35","0000000000000000","URB_INTERRUPT in"
"1191","92.299393","1.1.1","host","USB","35","00002c0000000000","URB_INTERRUPT in"
"1193","92.347403","1.1.1","host","USB","35","0000000000000000","URB_INTERRUPT in"
"1195","92.467405","1.1.1","host","USB","35","00000f0000000000","URB_INTERRUPT in"
"1197","92.531413","1.1.1","host","USB","35","0000000000000000","URB_INTERRUPT in"
"1199","92.651424","1.1.1","host","USB","35","00000c0000000000","URB_INTERRUPT in"
"1201","92.723444","1.1.1","host","USB","35","0000000000000000","URB_INTERRUPT in"
"1203","92.811456","1.1.1","host","USB","35","00000e0000000000","URB_INTERRUPT in"
"1205","92.899457","1.1.1","host","USB","35","0000000000000000","URB_INTERRUPT in"
"1207","92.915450","1.1.1","host","USB","35","0000080000000000","URB_INTERRUPT in"
"1209","92.995466","1.1.1","host","USB","35","0000000000000000","URB_INTERRUPT in"
"1211","93.051468","1.1.1","host","USB","35","00002c0000000000","URB_INTERRUPT in"
"1213","93.131486","1.1.1","host","USB","35","0000000000000000","URB_INTERRUPT in"
"1215","93.179480","1.1.1","host","USB","35","0000150000000000","URB_INTERRUPT in"
"1217","93.243489","1.1.1","host","USB","35","0000150800000000","URB_INTERRUPT in"
"1219","93.291496","1.1.1","host","USB","35","0000080000000000","URB_INTERRUPT in"
"1221","93.315492","1.1.1","host","USB","35","0000000000000000","URB_INTERRUPT in"
"1223","93.403499","1.1.1","host","USB","35","0000040000000000","URB_INTERRUPT in"
"1225","93.459508","1.1.1","host","USB","35","0000000000000000","URB_INTERRUPT in"
"1227","93.499511","1.1.1","host","USB","35","00000f0000000000","URB_INTERRUPT in"
"1229","93.563524","1.1.1","host","USB","35","0000000000000000","URB_INTERRUPT in"
"1231","93.683531","1.1.1","host","USB","35","00000c0000000000","URB_INTERRUPT in"
"1233","93.747538","1.1.1","host","USB","35","0000000000000000","URB_INTERRUPT in"
"1235","93.779550","1.1.1","host","USB","35","00001d0000000000","URB_INTERRUPT in"
"1237","93.859557","1.1.1","host","USB","35","0000000000000000","URB_INTERRUPT in"
"1239","93.907553","1.1.1","host","USB","35","00000c0000000000","URB_INTERRUPT in"
"1241","93.963559","1.1.1","host","USB","35","00000c1100000000","URB_INTERRUPT in"
"1243","94.003563","1.1.1","host","USB","35","0000110000000000","URB_INTERRUPT in"
"1245","94.019563","1.1.1","host","USB","35","0000110a00000000","URB_INTERRUPT in"
"1247","94.035569","1.1.1","host","USB","35","00000a0000000000","URB_INTERRUPT in"
"1249","94.099579","1.1.1","host","USB","35","0000000000000000","URB_INTERRUPT in"
"1251","94.131581","1.1.1","host","USB","35","00002c0000000000","URB_INTERRUPT in"
"1253","94.187593","1.1.1","host","USB","35","0000000000000000","URB_INTERRUPT in"
"1255","94.227592","1.1.1","host","USB","35","0000170000000000","URB_INTERRUPT in"
"1257","94.307597","1.1.1","host","USB","35","0000000000000000","URB_INTERRUPT in"
"1259","94.323600","1.1.1","host","USB","35","00000b0000000000","URB_INTERRUPT in"
"1261","94.403617","1.1.1","host","USB","35","0000000000000000","URB_INTERRUPT in"
"1263","94.411605","1.1.1","host","USB","35","0000080000000000","URB_INTERRUPT in"
"1265","94.483622","1.1.1","host","USB","35","0000000000000000","URB_INTERRUPT in"
"1267","94.499619","1.1.1","host","USB","35","00002c0000000000","URB_INTERRUPT in"
"1269","94.563637","1.1.1","host","USB","35","0000000000000000","URB_INTERRUPT in"
"1271","94.659644","1.1.1","host","USB","35","0000100000000000","URB_INTERRUPT in"
"1273","94.731648","1.1.1","host","USB","35","0000100800000000","URB_INTERRUPT in"
"1275","94.747649","1.1.1","host","USB","35","0000080000000000","URB_INTERRUPT in"
"1277","94.851661","1.1.1","host","USB","35","0000080400000000","URB_INTERRUPT in"
"1279","94.859661","1.1.1","host","USB","35","0000040000000000","URB_INTERRUPT in"
"1281","94.931678","1.1.1","host","USB","35","0000000000000000","URB_INTERRUPT in"
"1283","94.995670","1.1.1","host","USB","35","0000110000000000","URB_INTERRUPT in"
"1285","95.059691","1.1.1","host","USB","35","0000000000000000","URB_INTERRUPT in"
"1287","95.139695","1.1.1","host","USB","35","00000c0000000000","URB_INTERRUPT in"
"1289","95.195706","1.1.1","host","USB","35","00000c1100000000","URB_INTERRUPT in"
"1291","95.227710","1.1.1","host","USB","35","0000110000000000","URB_INTERRUPT in"
"1293","95.259706","1.1.1","host","USB","35","0000110a00000000","URB_INTERRUPT in"
"1295","95.267705","1.1.1","host","USB","35","00000a0000000000","URB_INTERRUPT in"
"1297","95.339720","1.1.1","host","USB","35","0000000000000000","URB_INTERRUPT in"
"1299","95.371711","1.1.1","host","USB","35","00002c0000000000","URB_INTERRUPT in"
"1301","95.427723","1.1.1","host","USB","35","0000000000000000","URB_INTERRUPT in"
"1303","95.523734","1.1.1","host","USB","35","0000120000000000","URB_INTERRUPT in"
"1305","95.643750","1.1.1","host","USB","35","0000000000000000","URB_INTERRUPT in"
"1307","95.699757","1.1.1","host","USB","35","0000090000000000","URB_INTERRUPT in"
"1309","95.763756","1.1.1","host","USB","35","0000000000000000","URB_INTERRUPT in"
"1311","95.811762","1.1.1","host","USB","35","00002c0000000000","URB_INTERRUPT in"
"1313","95.899782","1.1.1","host","USB","35","0000000000000000","URB_INTERRUPT in"
"1315","96.051788","1.1.1","host","USB","35","0000080000000000","URB_INTERRUPT in"
"1317","96.099802","1.1.1","host","USB","35","0000000000000000","URB_INTERRUPT in"
"1319","96.299817","1.1.1","host","USB","35","00001b0000000000","URB_INTERRUPT in"
"1321","96.395834","1.1.1","host","USB","35","0000000000000000","URB_INTERRUPT in"
"1323","96.451840","1.1.1","host","USB","35","00000c0000000000","URB_INTERRUPT in"
"1325","96.531839","1.1.1","host","USB","35","0000000000000000","URB_INTERRUPT in"
"1327","96.555847","1.1.1","host","USB","35","0000160000000000","URB_INTERRUPT in"
"1329","96.675854","1.1.1","host","USB","35","0000000000000000","URB_INTERRUPT in"
"1331","96.691848","1.1.1","host","USB","35","0000170000000000","URB_INTERRUPT in"
"1333","96.763867","1.1.1","host","USB","35","0000000000000000","URB_INTERRUPT in"
"1335","96.923877","1.1.1","host","USB","35","0000080000000000","URB_INTERRUPT in"
"1337","96.995881","1.1.1","host","USB","35","0000000000000000","URB_INTERRUPT in"
"1339","97.075892","1.1.1","host","USB","35","0000110000000000","URB_INTERRUPT in"
"1341","97.155899","1.1.1","host","USB","35","0000000000000000","URB_INTERRUPT in"
"1343","97.227905","1.1.1","host","USB","35","0000060000000000","URB_INTERRUPT in"
"1345","97.323927","1.1.1","host","USB","35","0000060800000000","URB_INTERRUPT in"
"1347","97.355920","1.1.1","host","USB","35","0000080000000000","URB_INTERRUPT in"
"1349","97.403925","1.1.1","host","USB","35","0000000000000000","URB_INTERRUPT in"
"1351","97.755963","1.1.1","host","USB","35","00002c0000000000","URB_INTERRUPT in"
"1353","97.803971","1.1.1","host","USB","35","0000000000000000","URB_INTERRUPT in"
"1355","98.372039","1.1.1","host","USB","35","00002a0000000000","URB_INTERRUPT in"
"1357","98.460055","1.1.1","host","USB","35","0000000000000000","URB_INTERRUPT in"
"1359","98.660074","1.1.1","host","USB","35","0000360000000000","URB_INTERRUPT in"
"1361","98.740083","1.1.1","host","USB","35","0000000000000000","URB_INTERRUPT in"
"1363","98.788079","1.1.1","host","USB","35","00002c0000000000","URB_INTERRUPT in"
"1365","98.884083","1.1.1","host","USB","35","0000000000000000","URB_INTERRUPT in"
"1367","99.012097","1.1.1","host","USB","35","0000050000000000","URB_INTERRUPT in"
"1369","99.092106","1.1.1","host","USB","35","0000051800000000","URB_INTERRUPT in"
"1371","99.164112","1.1.1","host","USB","35","0000180000000000","URB_INTERRUPT in"
"1373","99.172121","1.1.1","host","USB","35","0000000000000000","URB_INTERRUPT in"
"1375","99.220119","1.1.1","host","USB","35","0000170000000000","URB_INTERRUPT in"
"1377","99.284126","1.1.1","host","USB","35","0000000000000000","URB_INTERRUPT in"
"1379","99.340138","1.1.1","host","USB","35","00002c0000000000","URB_INTERRUPT in"
"1381","99.428143","1.1.1","host","USB","35","0000000000000000","URB_INTERRUPT in"
"1383","99.476146","1.1.1","host","USB","35","0000150000000000","URB_INTERRUPT in"
"1385","99.548154","1.1.1","host","USB","35","0000000000000000","URB_INTERRUPT in"
"1387","99.692178","1.1.1","host","USB","35","0000040000000000","URB_INTERRUPT in"
"1389","99.756186","1.1.1","host","USB","35","0000000000000000","URB_INTERRUPT in"
"1391","99.852185","1.1.1","host","USB","35","0000170000000000","URB_INTERRUPT in"
"1393","99.940200","1.1.1","host","USB","35","0000000000000000","URB_INTERRUPT in"
"1395","99.964206","1.1.1","host","USB","35","00000b0000000000","URB_INTERRUPT in"
"1397","100.044209","1.1.1","host","USB","35","0000000000000000","URB_INTERRUPT in"
"1399","100.052217","1.1.1","host","USB","35","0000080000000000","URB_INTERRUPT in"
"1401","100.116229","1.1.1","host","USB","35","0000081500000000","URB_INTERRUPT in"
"1403","100.156224","1.1.1","host","USB","35","0000150000000000","URB_INTERRUPT in"
"1405","100.188231","1.1.1","host","USB","35","0000152c00000000","URB_INTERRUPT in"
"1407","100.204230","1.1.1","host","USB","35","00002c0000000000","URB_INTERRUPT in"
"1409","100.260236","1.1.1","host","USB","35","0000000000000000","URB_INTERRUPT in"
"1411","100.316242","1.1.1","host","USB","35","0000170000000000","URB_INTERRUPT in"
"1413","100.380249","1.1.1","host","USB","35","0000000000000000","URB_INTERRUPT in"
"1415","100.396256","1.1.1","host","USB","35","00000b0000000000","URB_INTERRUPT in"
"1417","100.452263","1.1.1","host","USB","35","0000000000000000","URB_INTERRUPT in"
"1419","100.540263","1.1.1","host","USB","35","0000120000000000","URB_INTERRUPT in"
"1421","100.604277","1.1.1","host","USB","35","0000121600000000","URB_INTERRUPT in"
"1423","100.628303","1.1.1","host","USB","35","0000160000000000","URB_INTERRUPT in"
"1425","100.644281","1.1.1","host","USB","35","0000160800000000","URB_INTERRUPT in"
"1427","100.724284","1.1.1","host","USB","35","0000080000000000","URB_INTERRUPT in"
"1429","100.732285","1.1.1","host","USB","35","0000000000000000","URB_INTERRUPT in"
"1431","100.748293","1.1.1","host","USB","35","00002c0000000000","URB_INTERRUPT in"
"1433","100.804297","1.1.1","host","USB","35","0000000000000000","URB_INTERRUPT in"
"1435","100.916313","1.1.1","host","USB","35","00000f0000000000","URB_INTERRUPT in"
"1437","100.980322","1.1.1","host","USB","35","0000000000000000","URB_INTERRUPT in"
"1439","101.084328","1.1.1","host","USB","35","00000c0000000000","URB_INTERRUPT in"
"1441","101.164342","1.1.1","host","USB","35","0000000000000000","URB_INTERRUPT in"
"1443","101.196338","1.1.1","host","USB","35","0000170000000000","URB_INTERRUPT in"
"1445","101.260341","1.1.1","host","USB","35","0000000000000000","URB_INTERRUPT in"
"1447","101.364364","1.1.1","host","USB","35","0000170000000000","URB_INTERRUPT in"
"1449","101.420360","1.1.1","host","USB","35","0000000000000000","URB_INTERRUPT in"
"1451","101.428355","1.1.1","host","USB","35","00000f0000000000","URB_INTERRUPT in"
"1453","101.508392","1.1.1","host","USB","35","0000000000000000","URB_INTERRUPT in"
"1455","101.540375","1.1.1","host","USB","35","0000080000000000","URB_INTERRUPT in"
"1457","101.588379","1.1.1","host","USB","35","0000000000000000","URB_INTERRUPT in"
"1459","101.652388","1.1.1","host","USB","35","0000360000000000","URB_INTERRUPT in"
"1461","101.732405","1.1.1","host","USB","35","0000362c00000000","URB_INTERRUPT in"
"1463","101.772400","1.1.1","host","USB","35","00002c0000000000","URB_INTERRUPT in"
"1465","101.820404","1.1.1","host","USB","35","0000000000000000","URB_INTERRUPT in"
"1467","101.932421","1.1.1","host","USB","35","0000120000000000","URB_INTERRUPT in"
"1469","102.012431","1.1.1","host","USB","35","0000090000000000","URB_INTERRUPT in"
"1471","102.084439","1.1.1","host","USB","35","0000000000000000","URB_INTERRUPT in"
"1473","102.204435","1.1.1","host","USB","35","0000170000000000","URB_INTERRUPT in"
"1475","102.300457","1.1.1","host","USB","35","0000000000000000","URB_INTERRUPT in"
"1477","102.972526","1.1.1","host","USB","35","0000080000000000","URB_INTERRUPT in"
"1479","103.044525","1.1.1","host","USB","35","0000000000000000","URB_INTERRUPT in"
"1481","103.084539","1.1.1","host","USB","35","0000110000000000","URB_INTERRUPT in"
"1483","103.148537","1.1.1","host","USB","35","0000000000000000","URB_INTERRUPT in"
"1485","103.228544","1.1.1","host","USB","35","00002c0000000000","URB_INTERRUPT in"
"1487","103.316571","1.1.1","host","USB","35","0000000000000000","URB_INTERRUPT in"
"1489","103.508590","1.1.1","host","USB","35","0000180000000000","URB_INTERRUPT in"
"1491","103.580599","1.1.1","host","USB","35","0000181100000000","URB_INTERRUPT in"
"1493","103.604592","1.1.1","host","USB","35","0000110000000000","URB_INTERRUPT in"
"1495","103.660607","1.1.1","host","USB","35","0000000000000000","URB_INTERRUPT in"
"1497","103.764611","1.1.1","host","USB","35","00001a0000000000","URB_INTERRUPT in"
"1499","103.876628","1.1.1","host","USB","35","00001a0400000000","URB_INTERRUPT in"
"1501","103.900630","1.1.1","host","USB","35","0000040000000000","URB_INTERRUPT in"
"1503","103.948621","1.1.1","host","USB","35","0000000000000000","URB_INTERRUPT in"
"1505","104.084651","1.1.1","host","USB","35","0000110000000000","URB_INTERRUPT in"
"1507","104.180655","1.1.1","host","USB","35","0000000000000000","URB_INTERRUPT in"
"1509","104.204662","1.1.1","host","USB","35","0000170000000000","URB_INTERRUPT in"
"1511","104.284674","1.1.1","host","USB","35","0000000000000000","URB_INTERRUPT in"
"1513","104.428672","1.1.1","host","USB","35","0000080000000000","URB_INTERRUPT in"
"1515","104.524685","1.1.1","host","USB","35","0000000000000000","URB_INTERRUPT in"
"1517","104.676699","1.1.1","host","USB","35","0000070000000000","URB_INTERRUPT in"
"1519","104.748707","1.1.1","host","USB","35","0000000000000000","URB_INTERRUPT in"
"1521","105.004733","1.1.1","host","USB","35","0000360000000000","URB_INTERRUPT in"
"1523","105.068742","1.1.1","host","USB","35","0000362c00000000","URB_INTERRUPT in"
"1525","105.108745","1.1.1","host","USB","35","00002c0000000000","URB_INTERRUPT in"
"1527","105.164750","1.1.1","host","USB","35","0000000000000000","URB_INTERRUPT in"
"1529","105.244759","1.1.1","host","USB","35","0000170000000000","URB_INTERRUPT in"
"1531","105.324770","1.1.1","host","USB","35","0000000000000000","URB_INTERRUPT in"
"1533","105.372773","1.1.1","host","USB","35","00000c0000000000","URB_INTERRUPT in"
"1535","105.460783","1.1.1","host","USB","35","0000000000000000","URB_INTERRUPT in"
"1537","105.508797","1.1.1","host","USB","35","0000070000000000","URB_INTERRUPT in"
"1539","105.580811","1.1.1","host","USB","35","0000000000000000","URB_INTERRUPT in"
"1541","105.732824","1.1.1","host","USB","35","0000050000000000","URB_INTERRUPT in"
"1543","105.804835","1.1.1","host","USB","35","0000000000000000","URB_INTERRUPT in"
"1545","105.908846","1.1.1","host","USB","35","00000c0000000000","URB_INTERRUPT in"
"1547","105.956839","1.1.1","host","USB","35","00000c1700000000","URB_INTERRUPT in"
"1549","105.980851","1.1.1","host","USB","35","0000170000000000","URB_INTERRUPT in"
"1551","106.020851","1.1.1","host","USB","35","0000171600000000","URB_INTERRUPT in"
"1553","106.044852","1.1.1","host","USB","35","0000160000000000","URB_INTERRUPT in"
"1555","106.084856","1.1.1","host","USB","35","0000000000000000","URB_INTERRUPT in"
"1557","106.124858","1.1.1","host","USB","35","00002c0000000000","URB_INTERRUPT in"
"1559","106.188867","1.1.1","host","USB","35","0000000000000000","URB_INTERRUPT in"
"1561","106.276880","1.1.1","host","USB","35","0000120000000000","URB_INTERRUPT in"
"1563","106.364888","1.1.1","host","USB","35","0000000000000000","URB_INTERRUPT in"
"1565","106.380891","1.1.1","host","USB","35","0000090000000000","URB_INTERRUPT in"
"1567","106.452896","1.1.1","host","USB","35","0000000000000000","URB_INTERRUPT in"
"1569","106.660917","1.1.1","host","USB","35","00002c0000000000","URB_INTERRUPT in"
"1571","106.796938","1.1.1","host","USB","35","0000000000000000","URB_INTERRUPT in"
"1573","107.124976","1.1.1","host","USB","35","00000e0000000000","URB_INTERRUPT in"
"1575","107.220979","1.1.1","host","USB","35","00000e1100000000","URB_INTERRUPT in"
"1577","107.252979","1.1.1","host","USB","35","0000110000000000","URB_INTERRUPT in"
"1579","107.316987","1.1.1","host","USB","35","0000000000000000","URB_INTERRUPT in"
"1581","107.653016","1.1.1","host","USB","35","0000120000000000","URB_INTERRUPT in"
"1583","107.765027","1.1.1","host","USB","35","0000000000000000","URB_INTERRUPT in"
"1585","107.909048","1.1.1","host","USB","35","00001a0000000000","URB_INTERRUPT in"
"1587","107.997053","1.1.1","host","USB","35","0000000000000000","URB_INTERRUPT in"
"1589","108.197073","1.1.1","host","USB","35","00000f0000000000","URB_INTERRUPT in"
"1591","108.301085","1.1.1","host","USB","35","0000000000000000","URB_INTERRUPT in"
"1593","108.317088","1.1.1","host","USB","35","0000080000000000","URB_INTERRUPT in"
"1595","108.389094","1.1.1","host","USB","35","0000000000000000","URB_INTERRUPT in"
"1597","108.485105","1.1.1","host","USB","35","0000070000000000","URB_INTERRUPT in"
"1599","108.557112","1.1.1","host","USB","35","0000000000000000","URB_INTERRUPT in"
"1601","109.229188","1.1.1","host","USB","35","00000a0000000000","URB_INTERRUPT in"
"1603","109.317208","1.1.1","host","USB","35","00000a0800000000","URB_INTERRUPT in"
"1605","109.341204","1.1.1","host","USB","35","0000080000000000","URB_INTERRUPT in"
"1607","109.445221","1.1.1","host","USB","35","0000000000000000","URB_INTERRUPT in"
"1609","109.493226","1.1.1","host","USB","35","00002c0000000000","URB_INTERRUPT in"
"1611","109.565232","1.1.1","host","USB","35","0000000000000000","URB_INTERRUPT in"
"1613","109.725244","1.1.1","host","USB","35","0000120000000000","URB_INTERRUPT in"
"1615","109.805261","1.1.1","host","USB","35","0000000000000000","URB_INTERRUPT in"
"1617","109.845257","1.1.1","host","USB","35","0000090000000000","URB_INTERRUPT in"
"1619","109.925258","1.1.1","host","USB","35","0000000000000000","URB_INTERRUPT in"
"1621","109.965268","1.1.1","host","USB","35","00002c0000000000","URB_INTERRUPT in"
"1623","110.077281","1.1.1","host","USB","35","0000000000000000","URB_INTERRUPT in"
"1625","111.405433","1.1.1","host","USB","35","00002a0000000000","URB_INTERRUPT in"
"1627","111.469432","1.1.1","host","USB","35","0000000000000000","URB_INTERRUPT in"
"1629","111.565452","1.1.1","host","USB","35","00002a0000000000","URB_INTERRUPT in"
"1631","111.613445","1.1.1","host","USB","35","0000000000000000","URB_INTERRUPT in"
"1633","111.701456","1.1.1","host","USB","35","00002a0000000000","URB_INTERRUPT in"
"1635","111.781462","1.1.1","host","USB","35","0000000000000000","URB_INTERRUPT in"
"1637","111.837472","1.1.1","host","USB","35","0000170000000000","URB_INTERRUPT in"
"1639","111.917484","1.1.1","host","USB","35","0000000000000000","URB_INTERRUPT in"
"1641","111.973480","1.1.1","host","USB","35","00000b0000000000","URB_INTERRUPT in"
"1643","112.021491","1.1.1","host","USB","35","00000b0400000000","URB_INTERRUPT in"
"1645","112.037493","1.1.1","host","USB","35","0000040000000000","URB_INTERRUPT in"
"1647","112.085495","1.1.1","host","USB","35","0000041700000000","URB_INTERRUPT in"
"1649","112.101509","1.1.1","host","USB","35","0000170000000000","URB_INTERRUPT in"
"1651","112.149499","1.1.1","host","USB","35","0000000000000000","URB_INTERRUPT in"
"1653","112.181508","1.1.1","host","USB","35","00002c0000000000","URB_INTERRUPT in"
"1655","112.245511","1.1.1","host","USB","35","0000000000000000","URB_INTERRUPT in"
"1657","112.413529","1.1.1","host","USB","35","0000120000000000","URB_INTERRUPT in"
"1659","112.517548","1.1.1","host","USB","35","0000000000000000","URB_INTERRUPT in"
"1661","112.693558","1.1.1","host","USB","35","00002a0000000000","URB_INTERRUPT in"
"1663","112.765573","1.1.1","host","USB","35","0000000000000000","URB_INTERRUPT in"
"1665","112.789570","1.1.1","host","USB","35","0000160000000000","URB_INTERRUPT in"
"1667","112.853584","1.1.1","host","USB","35","0000000000000000","URB_INTERRUPT in"
"1669","112.893584","1.1.1","host","USB","35","0000120000000000","URB_INTERRUPT in"
"1671","112.949593","1.1.1","host","USB","35","0000121000000000","URB_INTERRUPT in"
"1673","112.997599","1.1.1","host","USB","35","0000100000000000","URB_INTERRUPT in"
"1675","113.021599","1.1.1","host","USB","35","0000100800000000","URB_INTERRUPT in"
"1677","113.037596","1.1.1","host","USB","35","0000080000000000","URB_INTERRUPT in"
"1679","113.101599","1.1.1","host","USB","35","0000000000000000","URB_INTERRUPT in"
"1681","113.213618","1.1.1","host","USB","35","00000b0000000000","URB_INTERRUPT in"
"1683","113.269613","1.1.1","host","USB","35","0000000000000000","URB_INTERRUPT in"
"1685","113.349620","1.1.1","host","USB","35","0000120000000000","URB_INTERRUPT in"
"1687","113.421630","1.1.1","host","USB","35","0000000000000000","URB_INTERRUPT in"
"1689","113.445630","1.1.1","host","USB","35","00001a0000000000","URB_INTERRUPT in"
"1691","113.509639","1.1.1","host","USB","35","0000000000000000","URB_INTERRUPT in"
"1693","113.541652","1.1.1","host","USB","35","00002c0000000000","URB_INTERRUPT in"
"1695","113.621655","1.1.1","host","USB","35","0000000000000000","URB_INTERRUPT in"
"1697","113.877682","1.1.1","host","USB","35","0000100000000000","URB_INTERRUPT in"
"1699","113.965687","1.1.1","host","USB","35","0000000000000000","URB_INTERRUPT in"
"1701","114.037695","1.1.1","host","USB","35","0000040000000000","URB_INTERRUPT in"
"1703","114.101704","1.1.1","host","USB","35","0000000000000000","URB_INTERRUPT in"
"1705","114.149708","1.1.1","host","USB","35","0000110000000000","URB_INTERRUPT in"
"1707","114.229715","1.1.1","host","USB","35","0000110400000000","URB_INTERRUPT in"
"1709","114.237722","1.1.1","host","USB","35","0000040000000000","URB_INTERRUPT in"
"1711","114.317729","1.1.1","host","USB","35","0000000000000000","URB_INTERRUPT in"
"1713","114.389734","1.1.1","host","USB","35","00000a0000000000","URB_INTERRUPT in"
"1715","114.477750","1.1.1","host","USB","35","00000a0800000000","URB_INTERRUPT in"
"1717","114.493751","1.1.1","host","USB","35","0000080000000000","URB_INTERRUPT in"
"1719","114.557753","1.1.1","host","USB","35","0000000000000000","URB_INTERRUPT in"
"1721","114.573765","1.1.1","host","USB","35","00002c0000000000","URB_INTERRUPT in"
"1723","114.637768","1.1.1","host","USB","35","0000000000000000","URB_INTERRUPT in"
"1725","114.677773","1.1.1","host","USB","35","0000170000000000","URB_INTERRUPT in"
"1727","114.757779","1.1.1","host","USB","35","0000171200000000","URB_INTERRUPT in"
"1729","114.773789","1.1.1","host","USB","35","0000120000000000","URB_INTERRUPT in"
"1731","114.853796","1.1.1","host","USB","35","0000000000000000","URB_INTERRUPT in"
"1733","114.973803","1.1.1","host","USB","35","00002c0000000000","URB_INTERRUPT in"
"1735","115.061811","1.1.1","host","USB","35","0000000000000000","URB_INTERRUPT in"
"1737","115.093818","1.1.1","host","USB","35","00001a0000000000","URB_INTERRUPT in"
"1739","115.181823","1.1.1","host","USB","35","0000000000000000","URB_INTERRUPT in"
"1741","115.261845","1.1.1","host","USB","35","0000120000000000","URB_INTERRUPT in"
"1743","115.325846","1.1.1","host","USB","35","0000121500000000","URB_INTERRUPT in"
"1745","115.341840","1.1.1","host","USB","35","0000150000000000","URB_INTERRUPT in"
"1747","115.381836","1.1.1","host","USB","35","0000000000000000","URB_INTERRUPT in"
"1749","115.453846","1.1.1","host","USB","35","00000e0000000000","URB_INTERRUPT in"
"1751","115.525860","1.1.1","host","USB","35","0000000000000000","URB_INTERRUPT in"
"1753","115.645871","1.1.1","host","USB","35","00002c0000000000","URB_INTERRUPT in"
"1755","115.741878","1.1.1","host","USB","35","0000000000000000","URB_INTERRUPT in"
"1757","115.933898","1.1.1","host","USB","35","00002a0000000000","URB_INTERRUPT in"
"1759","115.989902","1.1.1","host","USB","35","0000000000000000","URB_INTERRUPT in"
"1761","116.069919","1.1.1","host","USB","35","00002a0000000000","URB_INTERRUPT in"
"1763","116.117916","1.1.1","host","USB","35","0000000000000000","URB_INTERRUPT in"
"1765","116.213929","1.1.1","host","USB","35","0000100000000000","URB_INTERRUPT in"
"1767","116.277934","1.1.1","host","USB","35","0000000000000000","URB_INTERRUPT in"
"1769","116.357942","1.1.1","host","USB","35","00002c0000000000","URB_INTERRUPT in"
"1771","116.429950","1.1.1","host","USB","35","0000000000000000","URB_INTERRUPT in"
"1773","116.437949","1.1.1","host","USB","35","0000170000000000","URB_INTERRUPT in"
"1775","116.517970","1.1.1","host","USB","35","0000000000000000","URB_INTERRUPT in"
"1777","116.549971","1.1.1","host","USB","35","00000b0000000000","URB_INTERRUPT in"
"1779","116.589982","1.1.1","host","USB","35","00000b0800000000","URB_INTERRUPT in"
"1781","116.613982","1.1.1","host","USB","35","0000080000000000","URB_INTERRUPT in"
"1783","116.677979","1.1.1","host","USB","35","0000000000000000","URB_INTERRUPT in"
"1785","116.709984","1.1.1","host","USB","35","00000c0000000000","URB_INTERRUPT in"
"1787","116.790002","1.1.1","host","USB","35","0000000000000000","URB_INTERRUPT in"
"1789","116.805994","1.1.1","host","USB","35","0000150000000000","URB_INTERRUPT in"
"1791","116.886014","1.1.1","host","USB","35","0000000000000000","URB_INTERRUPT in"
"1793","116.894007","1.1.1","host","USB","35","00002c0000000000","URB_INTERRUPT in"
"1795","116.902008","1.1.1","host","USB","35","00002c1100000000","URB_INTERRUPT in"
"1797","116.950012","1.1.1","host","USB","35","0000000000000000","URB_INTERRUPT in"
"1799","116.998021","1.1.1","host","USB","35","00001a0000000000","URB_INTERRUPT in"
"1801","117.086029","1.1.1","host","USB","35","0000000000000000","URB_INTERRUPT in"
"1803","117.206041","1.1.1","host","USB","35","0000040000000000","URB_INTERRUPT in"
"1805","117.238055","1.1.1","host","USB","35","0000000000000000","URB_INTERRUPT in"
"1807","117.742107","1.1.1","host","USB","35","00002a0000000000","URB_INTERRUPT in"
"1809","117.798102","1.1.1","host","USB","35","0000000000000000","URB_INTERRUPT in"
"1811","117.894120","1.1.1","host","USB","35","00002a0000000000","URB_INTERRUPT in"
"1813","117.950128","1.1.1","host","USB","35","0000000000000000","URB_INTERRUPT in"
"1815","117.966118","1.1.1","host","USB","35","00001a0000000000","URB_INTERRUPT in"
"1817","118.070134","1.1.1","host","USB","35","00001a0400000000","URB_INTERRUPT in"
"1819","118.078134","1.1.1","host","USB","35","0000040000000000","URB_INTERRUPT in"
"1821","118.118141","1.1.1","host","USB","35","0000000000000000","URB_INTERRUPT in"
"1823","118.318157","1.1.1","host","USB","35","00002a0000000000","URB_INTERRUPT in"
"1825","118.374170","1.1.1","host","USB","35","0000000000000000","URB_INTERRUPT in"
"1827","118.462173","1.1.1","host","USB","35","00002a0000000000","URB_INTERRUPT in"
"1829","118.502186","1.1.1","host","USB","35","0000000000000000","URB_INTERRUPT in"
"1831","118.598187","1.1.1","host","USB","35","00002a0000000000","URB_INTERRUPT in"
"1833","118.646199","1.1.1","host","USB","35","0000000000000000","URB_INTERRUPT in"
"1835","118.662193","1.1.1","host","USB","35","00001a0000000000","URB_INTERRUPT in"
"1837","118.742202","1.1.1","host","USB","35","00001a0400000000","URB_INTERRUPT in"
"1839","118.782200","1.1.1","host","USB","35","0000040000000000","URB_INTERRUPT in"
"1841","118.806203","1.1.1","host","USB","35","0000000000000000","URB_INTERRUPT in"
"1843","118.830203","1.1.1","host","USB","35","00001c0000000000","URB_INTERRUPT in"
"1845","118.870211","1.1.1","host","USB","35","0000000000000000","URB_INTERRUPT in"
"1847","119.006224","1.1.1","host","USB","35","00002c0000000000","URB_INTERRUPT in"
"1849","119.070235","1.1.1","host","USB","35","0000000000000000","URB_INTERRUPT in"
"1851","119.310257","1.1.1","host","USB","35","00000c0000000000","URB_INTERRUPT in"
"1853","119.382265","1.1.1","host","USB","35","00000c1100000000","URB_INTERRUPT in"
"1855","119.430273","1.1.1","host","USB","35","0000110000000000","URB_INTERRUPT in"
"1857","119.486280","1.1.1","host","USB","35","0000000000000000","URB_INTERRUPT in"
"1859","119.510276","1.1.1","host","USB","35","0000170000000000","URB_INTERRUPT in"
"1861","119.574284","1.1.1","host","USB","35","0000000000000000","URB_INTERRUPT in"
"1863","119.606290","1.1.1","host","USB","35","0000120000000000","URB_INTERRUPT in"
"1865","119.654293","1.1.1","host","USB","35","0000000000000000","URB_INTERRUPT in"
"1867","119.750301","1.1.1","host","USB","35","00002c0000000000","URB_INTERRUPT in"
"1869","119.830314","1.1.1","host","USB","35","0000000000000000","URB_INTERRUPT in"
"1871","119.974334","1.1.1","host","USB","35","00001c0000000000","URB_INTERRUPT in"
"1873","120.046349","1.1.1","host","USB","35","0000000000000000","URB_INTERRUPT in"
"1875","120.166361","1.1.1","host","USB","35","0000120000000000","URB_INTERRUPT in"
"1877","120.222360","1.1.1","host","USB","35","0000121800000000","URB_INTERRUPT in"
"1879","120.270372","1.1.1","host","USB","35","0000180000000000","URB_INTERRUPT in"
"1881","120.310375","1.1.1","host","USB","35","0000000000000000","URB_INTERRUPT in"
"1883","120.342367","1.1.1","host","USB","35","0000150000000000","URB_INTERRUPT in"
"1885","120.438383","1.1.1","host","USB","35","0000000000000000","URB_INTERRUPT in"
"1887","120.518400","1.1.1","host","USB","35","00002c0000000000","URB_INTERRUPT in"
"1889","120.598410","1.1.1","host","USB","35","0000000000000000","URB_INTERRUPT in"
"1891","121.030439","1.1.1","host","USB","35","0000050000000000","URB_INTERRUPT in"
"1893","121.094455","1.1.1","host","USB","35","0000000000000000","URB_INTERRUPT in"
"1895","121.118448","1.1.1","host","USB","35","0000150000000000","URB_INTERRUPT in"
"1897","121.198467","1.1.1","host","USB","35","0000150400000000","URB_INTERRUPT in"
"1899","121.214461","1.1.1","host","USB","35","0000040000000000","URB_INTERRUPT in"
"1901","121.278466","1.1.1","host","USB","35","0000000000000000","URB_INTERRUPT in"
"1903","121.294470","1.1.1","host","USB","35","00000c0000000000","URB_INTERRUPT in"
"1905","121.350476","1.1.1","host","USB","35","00000c1100000000","URB_INTERRUPT in"
"1907","121.382480","1.1.1","host","USB","35","0000110000000000","URB_INTERRUPT in"
"1909","121.414480","1.1.1","host","USB","35","0000000000000000","URB_INTERRUPT in"
"1911","121.502504","1.1.1","host","USB","35","00002c0000000000","URB_INTERRUPT in"
"1913","121.574500","1.1.1","host","USB","35","0000000000000000","URB_INTERRUPT in"
"1915","121.614501","1.1.1","host","USB","35","0000040000000000","URB_INTERRUPT in"
"1917","121.710517","1.1.1","host","USB","35","0000000000000000","URB_INTERRUPT in"
"1919","121.718519","1.1.1","host","USB","35","0000110000000000","URB_INTERRUPT in"
"1921","121.798529","1.1.1","host","USB","35","0000000000000000","URB_INTERRUPT in"
"1923","121.814521","1.1.1","host","USB","35","0000070000000000","URB_INTERRUPT in"
"1925","121.894534","1.1.1","host","USB","35","0000072c00000000","URB_INTERRUPT in"
"1927","121.902540","1.1.1","host","USB","35","00002c0000000000","URB_INTERRUPT in"
"1929","121.998550","1.1.1","host","USB","35","0000000000000000","URB_INTERRUPT in"
"1931","122.022560","1.1.1","host","USB","35","0000160000000000","URB_INTERRUPT in"
"1933","122.126571","1.1.1","host","USB","35","0000000000000000","URB_INTERRUPT in"
"1935","122.158565","1.1.1","host","USB","35","0000170000000000","URB_INTERRUPT in"
"1937","122.254586","1.1.1","host","USB","35","0000000000000000","URB_INTERRUPT in"
"1939","122.342597","1.1.1","host","USB","35","0000040000000000","URB_INTERRUPT in"
"1941","122.438605","1.1.1","host","USB","35","0000000000000000","URB_INTERRUPT in"
"1943","122.478610","1.1.1","host","USB","35","00001c0000000000","URB_INTERRUPT in"
"1945","122.558607","1.1.1","host","USB","35","0000000000000000","URB_INTERRUPT in"
"1947","122.678630","1.1.1","host","USB","35","00002c0000000000","URB_INTERRUPT in"
"1949","122.742628","1.1.1","host","USB","35","0000000000000000","URB_INTERRUPT in"
"1951","122.806637","1.1.1","host","USB","35","0000170000000000","URB_INTERRUPT in"
"1953","122.886654","1.1.1","host","USB","35","0000000000000000","URB_INTERRUPT in"
"1955","122.910648","1.1.1","host","USB","35","00000b0000000000","URB_INTERRUPT in"
"1957","122.966653","1.1.1","host","USB","35","00000b0800000000","URB_INTERRUPT in"
"1959","122.990657","1.1.1","host","USB","35","0000080000000000","URB_INTERRUPT in"
"1961","123.030665","1.1.1","host","USB","35","0000081500000000","URB_INTERRUPT in"
"1963","123.054661","1.1.1","host","USB","35","0000150000000000","URB_INTERRUPT in"
"1965","123.142666","1.1.1","host","USB","35","0000150800000000","URB_INTERRUPT in"
"1967","123.158682","1.1.1","host","USB","35","0000080000000000","URB_INTERRUPT in"
"1969","123.206675","1.1.1","host","USB","35","0000000000000000","URB_INTERRUPT in"
"1971","123.278680","1.1.1","host","USB","35","0000370000000000","URB_INTERRUPT in"
"1973","123.350701","1.1.1","host","USB","35","0000000000000000","URB_INTERRUPT in"
"1975","123.422694","1.1.1","host","USB","35","00002c0000000000","URB_INTERRUPT in"
"1977","123.494721","1.1.1","host","USB","35","02002c0000000000","URB_INTERRUPT in"
"1979","123.510701","1.1.1","host","USB","35","0200000000000000","URB_INTERRUPT in"
"1981","123.566728","1.1.1","host","USB","35","0200090000000000","URB_INTERRUPT in"
"1983","123.638735","1.1.1","host","USB","35","0000000000000000","URB_INTERRUPT in"
"1985","123.670729","1.1.1","host","USB","35","0000120000000000","URB_INTERRUPT in"
"1987","123.758746","1.1.1","host","USB","35","0000000000000000","URB_INTERRUPT in"
"1989","123.806736","1.1.1","host","USB","35","0000150000000000","URB_INTERRUPT in"
"1991","123.886759","1.1.1","host","USB","35","0000000000000000","URB_INTERRUPT in"
"1993","123.990762","1.1.1","host","USB","35","0000080000000000","URB_INTERRUPT in"
"1995","124.078779","1.1.1","host","USB","35","0000000000000000","URB_INTERRUPT in"
"1997","124.182774","1.1.1","host","USB","35","0000190000000000","URB_INTERRUPT in"
"1999","124.254782","1.1.1","host","USB","35","0000000000000000","URB_INTERRUPT in"
"2001","124.270783","1.1.1","host","USB","35","0000080000000000","URB_INTERRUPT in"
"2003","124.374802","1.1.1","host","USB","35","0000000000000000","URB_INTERRUPT in"
"2005","124.414798","1.1.1","host","USB","35","0000150000000000","URB_INTERRUPT in"
"2007","124.494807","1.1.1","host","USB","35","0000000000000000","URB_INTERRUPT in"
"2009","125.374907","1.1.1","host","USB","35","0000370000000000","URB_INTERRUPT in"
"2011","125.430922","1.1.1","host","USB","35","0000000000000000","URB_INTERRUPT in"
"2013","125.502925","1.1.1","host","USB","35","0000370000000000","URB_INTERRUPT in"
"2015","125.558927","1.1.1","host","USB","35","0000000000000000","URB_INTERRUPT in"
"2017","125.638940","1.1.1","host","USB","35","0000370000000000","URB_INTERRUPT in"
"2019","125.694949","1.1.1","host","USB","35","0000000000000000","URB_INTERRUPT in"
"2021","125.766946","1.1.1","host","USB","35","0000370000000000","URB_INTERRUPT in"
"2023","125.822956","1.1.1","host","USB","35","0000000000000000","URB_INTERRUPT in"
"2025","125.910970","1.1.1","host","USB","35","0000370000000000","URB_INTERRUPT in"
"2027","125.950971","1.1.1","host","USB","35","0000000000000000","URB_INTERRUPT in"
"2029","126.639036","1.1.1","host","USB","35","00002c0000000000","URB_INTERRUPT in"
"2031","126.711044","1.1.1","host","USB","35","02002c0000000000","URB_INTERRUPT in"
"2033","126.791050","1.1.1","host","USB","35","0200000000000000","URB_INTERRUPT in"
"2035","126.799056","1.1.1","host","USB","35","0200090000000000","URB_INTERRUPT in"
"2037","126.871060","1.1.1","host","USB","35","0000090000000000","URB_INTERRUPT in"
"2039","126.895072","1.1.1","host","USB","35","0000000000000000","URB_INTERRUPT in"
"2041","126.919068","1.1.1","host","USB","35","0000120000000000","URB_INTERRUPT in"
"2043","126.999073","1.1.1","host","USB","35","0000000000000000","URB_INTERRUPT in"
"2045","127.015085","1.1.1","host","USB","35","0000150000000000","URB_INTERRUPT in"
"2047","127.103085","1.1.1","host","USB","35","0000000000000000","URB_INTERRUPT in"
"2049","127.111085","1.1.1","host","USB","35","00002c0000000000","URB_INTERRUPT in"
"2051","127.183098","1.1.1","host","USB","35","0000000000000000","URB_INTERRUPT in"
"2053","127.391117","1.1.1","host","USB","35","0000100000000000","URB_INTERRUPT in"
"2055","127.463125","1.1.1","host","USB","35","0000000000000000","URB_INTERRUPT in"
"2057","127.479122","1.1.1","host","USB","35","0000080000000000","URB_INTERRUPT in"
"2059","127.527133","1.1.1","host","USB","35","0000000000000000","URB_INTERRUPT in"
"2061","127.983197","1.1.1","host","USB","35","0000360000000000","URB_INTERRUPT in"
"2063","128.039199","1.1.1","host","USB","35","0000362c00000000","URB_INTERRUPT in"
"2065","128.079196","1.1.1","host","USB","35","00002c0000000000","URB_INTERRUPT in"
"2067","128.143210","1.1.1","host","USB","35","0000000000000000","URB_INTERRUPT in"
"2069","128.663268","1.1.1","host","USB","35","0000120000000000","URB_INTERRUPT in"
"2071","128.735275","1.1.1","host","USB","35","0000121100000000","URB_INTERRUPT in"
"2073","128.775276","1.1.1","host","USB","35","0000110000000000","URB_INTERRUPT in"
"2075","128.783265","1.1.1","host","USB","35","0000110800000000","URB_INTERRUPT in"
"2077","128.815274","1.1.1","host","USB","35","0000080000000000","URB_INTERRUPT in"
"2079","128.839269","1.1.1","host","USB","35","0000000000000000","URB_INTERRUPT in"
"2081","128.919292","1.1.1","host","USB","35","00002c0000000000","URB_INTERRUPT in"
"2083","128.975290","1.1.1","host","USB","35","0000000000000000","URB_INTERRUPT in"
"2085","129.047298","1.1.1","host","USB","35","0000120000000000","URB_INTERRUPT in"
"2087","129.127312","1.1.1","host","USB","35","0000000000000000","URB_INTERRUPT in"
"2089","129.151311","1.1.1","host","USB","35","0000090000000000","URB_INTERRUPT in"
"2091","129.223320","1.1.1","host","USB","35","0000000000000000","URB_INTERRUPT in"
"2093","129.239322","1.1.1","host","USB","35","00002c0000000000","URB_INTERRUPT in"
"2095","129.327329","1.1.1","host","USB","35","0000000000000000","URB_INTERRUPT in"
"2097","129.375330","1.1.1","host","USB","35","0000170000000000","URB_INTERRUPT in"
"2099","129.455342","1.1.1","host","USB","35","0000000000000000","URB_INTERRUPT in"
"2101","129.967391","1.1.1","host","USB","35","00000b0000000000","URB_INTERRUPT in"
"2103","130.039398","1.1.1","host","USB","35","0000000000000000","URB_INTERRUPT in"
"2105","130.151412","1.1.1","host","USB","35","0000120000000000","URB_INTERRUPT in"
"2107","130.223417","1.1.1","host","USB","35","0000000000000000","URB_INTERRUPT in"
"2109","130.231416","1.1.1","host","USB","35","0000160000000000","URB_INTERRUPT in"
"2111","130.287436","1.1.1","host","USB","35","0000160800000000","URB_INTERRUPT in"
"2113","130.351430","1.1.1","host","USB","35","0000160000000000","URB_INTERRUPT in"
"2115","130.359431","1.1.1","host","USB","35","0000000000000000","URB_INTERRUPT in"
"2117","130.383431","1.1.1","host","USB","35","00002c0000000000","URB_INTERRUPT in"
"2119","130.471446","1.1.1","host","USB","35","0000000000000000","URB_INTERRUPT in"
"2121","130.687476","1.1.1","host","USB","35","0000090000000000","URB_INTERRUPT in"
"2123","130.759473","1.1.1","host","USB","35","0000000000000000","URB_INTERRUPT in"
"2125","130.807489","1.1.1","host","USB","35","0000040000000000","URB_INTERRUPT in"
"2127","130.903505","1.1.1","host","USB","35","0000000000000000","URB_INTERRUPT in"
"2129","130.967508","1.1.1","host","USB","35","0000060000000000","URB_INTERRUPT in"
"2131","131.071516","1.1.1","host","USB","35","0000000000000000","URB_INTERRUPT in"
"2133","131.207538","1.1.1","host","USB","35","0000170000000000","URB_INTERRUPT in"
"2135","131.287546","1.1.1","host","USB","35","0000171600000000","URB_INTERRUPT in"
"2137","131.295538","1.1.1","host","USB","35","0000160000000000","URB_INTERRUPT in"
"2139","131.351552","1.1.1","host","USB","35","0000000000000000","URB_INTERRUPT in"
"2141","131.415555","1.1.1","host","USB","35","00002c0000000000","URB_INTERRUPT in"
"2143","131.503559","1.1.1","host","USB","35","0000000000000000","URB_INTERRUPT in"
"2145","131.599575","1.1.1","host","USB","35","00000c0000000000","URB_INTERRUPT in"
"2147","131.663576","1.1.1","host","USB","35","0000000000000000","URB_INTERRUPT in"
"2149","131.687575","1.1.1","host","USB","35","0000160000000000","URB_INTERRUPT in"
"2151","131.775599","1.1.1","host","USB","35","0000000000000000","URB_INTERRUPT in"
"2153","131.807600","1.1.1","host","USB","35","00002c0000000000","URB_INTERRUPT in"
"2155","131.887602","1.1.1","host","USB","35","0000000000000000","URB_INTERRUPT in"
"2157","131.951602","1.1.1","host","USB","35","0000170000000000","URB_INTERRUPT in"
"2159","132.031609","1.1.1","host","USB","35","0000000000000000","URB_INTERRUPT in"
"2161","132.055612","1.1.1","host","USB","35","00000b0000000000","URB_INTERRUPT in"
"2163","132.119619","1.1.1","host","USB","35","00000b0c00000000","URB_INTERRUPT in"
"2165","132.183626","1.1.1","host","USB","35","00000c0000000000","URB_INTERRUPT in"
"2167","132.191626","1.1.1","host","USB","35","0000160000000000","URB_INTERRUPT in"
"2169","132.255634","1.1.1","host","USB","35","0000000000000000","URB_INTERRUPT in"
"2171","132.367645","1.1.1","host","USB","35","0200000000000000","URB_INTERRUPT in"
"2173","132.423651","1.1.1","host","USB","35","0200330000000000","URB_INTERRUPT in"
"2175","132.527662","1.1.1","host","USB","35","0200000000000000","URB_INTERRUPT in"
"2177","132.535666","1.1.1","host","USB","35","0000000000000000","URB_INTERRUPT in"
"2179","132.631674","1.1.1","host","USB","35","00002c0000000000","URB_INTERRUPT in"
"2181","132.711682","1.1.1","host","USB","35","0000000000000000","URB_INTERRUPT in"
"2183","132.831710","1.1.1","host","USB","35","0000070000000000","URB_INTERRUPT in"
"2185","132.919711","1.1.1","host","USB","35","0000000000000000","URB_INTERRUPT in"
"2187","133.007723","1.1.1","host","USB","35","0000180000000000","URB_INTERRUPT in"
"2189","133.095737","1.1.1","host","USB","35","0000000000000000","URB_INTERRUPT in"
"2191","133.119730","1.1.1","host","USB","35","0000060000000000","URB_INTERRUPT in"
"2193","133.199740","1.1.1","host","USB","35","0000000000000000","URB_INTERRUPT in"
"2195","133.343757","1.1.1","host","USB","35","0000160000000000","URB_INTERRUPT in"
"2197","133.431771","1.1.1","host","USB","35","0000000000000000","URB_INTERRUPT in"
"2199","133.679791","1.1.1","host","USB","35","00002a0000000000","URB_INTERRUPT in"
"2201","133.783813","1.1.1","host","USB","35","0000000000000000","URB_INTERRUPT in"
"2203","133.911830","1.1.1","host","USB","35","00000e0000000000","URB_INTERRUPT in"
"2205","134.007827","1.1.1","host","USB","35","0000000000000000","URB_INTERRUPT in"
"2207","134.015827","1.1.1","host","USB","35","0000160000000000","URB_INTERRUPT in"
"2209","134.079843","1.1.1","host","USB","35","0000000000000000","URB_INTERRUPT in"
"2211","134.135834","1.1.1","host","USB","35","00002c0000000000","URB_INTERRUPT in"
"2213","134.223861","1.1.1","host","USB","35","0000000000000000","URB_INTERRUPT in"
"2215","134.359869","1.1.1","host","USB","35","00000b0000000000","URB_INTERRUPT in"
"2217","134.439882","1.1.1","host","USB","35","00000b0400000000","URB_INTERRUPT in"
"2219","134.455882","1.1.1","host","USB","35","0000040000000000","URB_INTERRUPT in"
"2221","134.519887","1.1.1","host","USB","35","0000000000000000","URB_INTERRUPT in"
"2223","134.591881","1.1.1","host","USB","35","0000190000000000","URB_INTERRUPT in"
"2225","134.663903","1.1.1","host","USB","35","0000190800000000","URB_INTERRUPT in"
"2227","134.695931","1.1.1","host","USB","35","0000080000000000","URB_INTERRUPT in"
"2229","134.711901","1.1.1","host","USB","35","0000082c00000000","URB_INTERRUPT in"
"2231","134.743904","1.1.1","host","USB","35","00002c0000000000","URB_INTERRUPT in"
"2233","134.823909","1.1.1","host","USB","35","0000000000000000","URB_INTERRUPT in"
"2235","134.959937","1.1.1","host","USB","35","0000160000000000","URB_INTERRUPT in"
"2237","135.047947","1.1.1","host","USB","35","0000000000000000","URB_INTERRUPT in"
"2239","135.103948","1.1.1","host","USB","35","0000130000000000","URB_INTERRUPT in"
"2241","135.191955","1.1.1","host","USB","35","0000130c00000000","URB_INTERRUPT in"
"2243","135.215951","1.1.1","host","USB","35","00000c0000000000","URB_INTERRUPT in"
"2245","135.271954","1.1.1","host","USB","35","0000000000000000","URB_INTERRUPT in"
"2247","135.287954","1.1.1","host","USB","35","0000150000000000","URB_INTERRUPT in"
"2249","135.367973","1.1.1","host","USB","35","0000000000000000","URB_INTERRUPT in"
"2251","135.463975","1.1.1","host","USB","35","0000040000000000","URB_INTERRUPT in"
"2253","135.527983","1.1.1","host","USB","35","0000000000000000","URB_INTERRUPT in"
"2255","135.559996","1.1.1","host","USB","35","00000f0000000000","URB_INTERRUPT in"
"2257","135.647996","1.1.1","host","USB","35","0000000000000000","URB_INTERRUPT in"
"2259","136.232056","1.1.1","host","USB","35","00002d0000000000","URB_INTERRUPT in"
"2261","136.296062","1.1.1","host","USB","35","0000000000000000","URB_INTERRUPT in"
"2263","136.376089","1.1.1","host","USB","35","0000160000000000","URB_INTERRUPT in"
"2265","136.464098","1.1.1","host","USB","35","0000000000000000","URB_INTERRUPT in"
"2267","136.504098","1.1.1","host","USB","35","00000b0000000000","URB_INTERRUPT in"
"2269","136.568105","1.1.1","host","USB","35","0000000000000000","URB_INTERRUPT in"
"2271","136.616096","1.1.1","host","USB","35","0000040000000000","URB_INTERRUPT in"
"2273","136.664117","1.1.1","host","USB","35","0000000000000000","URB_INTERRUPT in"
"2275","136.720111","1.1.1","host","USB","35","0000130000000000","URB_INTERRUPT in"
"2277","136.808127","1.1.1","host","USB","35","0000000000000000","URB_INTERRUPT in"
"2279","137.000144","1.1.1","host","USB","35","0000080000000000","URB_INTERRUPT in"
"2281","137.096165","1.1.1","host","USB","35","0000000000000000","URB_INTERRUPT in"
"2283","137.216175","1.1.1","host","USB","35","0000070000000000","URB_INTERRUPT in"
"2285","137.304188","1.1.1","host","USB","35","0000000000000000","URB_INTERRUPT in"
"2287","137.320174","1.1.1","host","USB","35","00002c0000000000","URB_INTERRUPT in"
"2289","137.384184","1.1.1","host","USB","35","0000000000000000","URB_INTERRUPT in"
"2291","137.624208","1.1.1","host","USB","35","0000130000000000","URB_INTERRUPT in"
"2293","137.720216","1.1.1","host","USB","35","0000130800000000","URB_INTERRUPT in"
"2295","137.728222","1.1.1","host","USB","35","0000080000000000","URB_INTERRUPT in"
"2297","137.792225","1.1.1","host","USB","35","0000000000000000","URB_INTERRUPT in"
"2299","137.840228","1.1.1","host","USB","35","0000110000000000","URB_INTERRUPT in"
"2301","137.936238","1.1.1","host","USB","35","0000110c00000000","URB_INTERRUPT in"
"2303","137.944241","1.1.1","host","USB","35","00000c0000000000","URB_INTERRUPT in"
"2305","138.024249","1.1.1","host","USB","35","0000000000000000","URB_INTERRUPT in"
"2307","138.048250","1.1.1","host","USB","35","0000080000000000","URB_INTERRUPT in"
"2309","138.136258","1.1.1","host","USB","35","0000000000000000","URB_INTERRUPT in"
"2311","138.168273","1.1.1","host","USB","35","0000160000000000","URB_INTERRUPT in"
"2313","138.240271","1.1.1","host","USB","35","0000000000000000","URB_INTERRUPT in"
"2315","138.360292","1.1.1","host","USB","35","0000160000000000","URB_INTERRUPT in"
"2317","138.440292","1.1.1","host","USB","35","0000000000000000","URB_INTERRUPT in"
"2319","138.824341","1.1.1","host","USB","35","00002a0000000000","URB_INTERRUPT in"
"2321","138.864343","1.1.1","host","USB","35","00002a0800000000","URB_INTERRUPT in"
"2323","138.896354","1.1.1","host","USB","35","0000080000000000","URB_INTERRUPT in"
"2325","138.968363","1.1.1","host","USB","35","0000081600000000","URB_INTERRUPT in"
"2327","138.992365","1.1.1","host","USB","35","0000160000000000","URB_INTERRUPT in"
"2329","139.040365","1.1.1","host","USB","35","0000000000000000","URB_INTERRUPT in"
"2331","139.160379","1.1.1","host","USB","35","0000370000000000","URB_INTERRUPT in"
"2333","139.272391","1.1.1","host","USB","35","0000000000000000","URB_INTERRUPT in"
"2335","140.192486","1.1.1","host","USB","35","0000280000000000","URB_INTERRUPT in"
"2337","140.248489","1.1.1","host","USB","35","0000000000000000","URB_INTERRUPT in"
"2339","140.328503","1.1.1","host","USB","35","0000280000000000","URB_INTERRUPT in"
"2341","140.416518","1.1.1","host","USB","35","0000000000000000","URB_INTERRUPT in"
"2343","140.528533","1.1.1","host","USB","35","0200000000000000","URB_INTERRUPT in"
"2345","140.664531","1.1.1","host","USB","35","0000000000000000","URB_INTERRUPT in"
"2347","141.536621","1.1.1","host","USB","35","0200000000000000","URB_INTERRUPT in"
"2349","141.672641","1.1.1","host","USB","35","0000000000000000","URB_INTERRUPT in"
"2351","141.728638","1.1.1","host","USB","35","0000120000000000","URB_INTERRUPT in"
"2353","141.792668","1.1.1","host","USB","35","0000000000000000","URB_INTERRUPT in"
"2355","142.040683","1.1.1","host","USB","35","00002a0000000000","URB_INTERRUPT in"
"2357","142.112697","1.1.1","host","USB","35","0000000000000000","URB_INTERRUPT in"
"2359","142.152695","1.1.1","host","USB","35","0200000000000000","URB_INTERRUPT in"
"2361","142.216698","1.1.1","host","USB","35","0200110000000000","URB_INTERRUPT in"
"2363","142.280707","1.1.1","host","USB","35","0200000000000000","URB_INTERRUPT in"
"2365","142.312717","1.1.1","host","USB","35","0000000000000000","URB_INTERRUPT in"
"2367","142.352710","1.1.1","host","USB","35","0000120000000000","URB_INTERRUPT in"
"2369","142.424724","1.1.1","host","USB","35","0000000000000000","URB_INTERRUPT in"
"2371","142.432726","1.1.1","host","USB","35","00001a0000000000","URB_INTERRUPT in"
"2373","142.496732","1.1.1","host","USB","35","0000000000000000","URB_INTERRUPT in"
"2375","142.672757","1.1.1","host","USB","35","0000360000000000","URB_INTERRUPT in"
"2377","142.704752","1.1.1","host","USB","35","0000362c00000000","URB_INTERRUPT in"
"2379","142.768757","1.1.1","host","USB","35","00002c0000000000","URB_INTERRUPT in"
"2381","142.808767","1.1.1","host","USB","35","0000000000000000","URB_INTERRUPT in"
"2383","143.472834","1.1.1","host","USB","35","0000050000000000","URB_INTERRUPT in"
"2385","143.560839","1.1.1","host","USB","35","0000000000000000","URB_INTERRUPT in"
"2387","143.624843","1.1.1","host","USB","35","0000080000000000","URB_INTERRUPT in"
"2389","143.736859","1.1.1","host","USB","35","0000000000000000","URB_INTERRUPT in"
"2391","143.768857","1.1.1","host","USB","35","0000090000000000","URB_INTERRUPT in"
"2393","143.848871","1.1.1","host","USB","35","0000000000000000","URB_INTERRUPT in"
"2395","143.864878","1.1.1","host","USB","35","0000120000000000","URB_INTERRUPT in"
"2397","143.936875","1.1.1","host","USB","35","0000000000000000","URB_INTERRUPT in"
"2399","143.952877","1.1.1","host","USB","35","0000150000000000","URB_INTERRUPT in"
"2401","144.024895","1.1.1","host","USB","35","0000150800000000","URB_INTERRUPT in"
"2403","144.056904","1.1.1","host","USB","35","0000080000000000","URB_INTERRUPT in"
"2405","144.064893","1.1.1","host","USB","35","0000082c00000000","URB_INTERRUPT in"
"2407","144.088901","1.1.1","host","USB","35","00002c0000000000","URB_INTERRUPT in"
"2409","144.144908","1.1.1","host","USB","35","0000000000000000","URB_INTERRUPT in"
"2411","144.296929","1.1.1","host","USB","35","00001c0000000000","URB_INTERRUPT in"
"2413","144.376941","1.1.1","host","USB","35","0000000000000000","URB_INTERRUPT in"
"2415","144.464949","1.1.1","host","USB","35","0000120000000000","URB_INTERRUPT in"
"2417","144.520944","1.1.1","host","USB","35","0000121800000000","URB_INTERRUPT in"
"2419","144.560955","1.1.1","host","USB","35","0000180000000000","URB_INTERRUPT in"
"2421","144.592955","1.1.1","host","USB","35","0000000000000000","URB_INTERRUPT in"
"2423","144.752974","1.1.1","host","USB","35","00002c0000000000","URB_INTERRUPT in"
"2425","144.896984","1.1.1","host","USB","35","0000000000000000","URB_INTERRUPT in"
"2427","145.017003","1.1.1","host","USB","35","0000060000000000","URB_INTERRUPT in"
"2429","145.105015","1.1.1","host","USB","35","0000000000000000","URB_INTERRUPT in"
"2431","145.137009","1.1.1","host","USB","35","00000f0000000000","URB_INTERRUPT in"
"2433","145.201020","1.1.1","host","USB","35","0000000000000000","URB_INTERRUPT in"
"2435","145.313026","1.1.1","host","USB","35","00000c0000000000","URB_INTERRUPT in"
"2437","145.377035","1.1.1","host","USB","35","0000000000000000","URB_INTERRUPT in"
"2439","145.465045","1.1.1","host","USB","35","0000060000000000","URB_INTERRUPT in"
"2441","145.513062","1.1.1","host","USB","35","0000000000000000","URB_INTERRUPT in"
"2443","145.521045","1.1.1","host","USB","35","00000e0000000000","URB_INTERRUPT in"
"2445","145.601065","1.1.1","host","USB","35","0000000000000000","URB_INTERRUPT in"
"2447","145.689073","1.1.1","host","USB","35","00002c0000000000","URB_INTERRUPT in"
"2449","145.793089","1.1.1","host","USB","35","0000040000000000","URB_INTERRUPT in"
"2451","145.929104","1.1.1","host","USB","35","0000041a00000000","URB_INTERRUPT in"
"2453","145.961097","1.1.1","host","USB","35","00001a0000000000","URB_INTERRUPT in"
"2455","146.033108","1.1.1","host","USB","35","0000000000000000","URB_INTERRUPT in"
"2457","146.105113","1.1.1","host","USB","35","0000040000000000","URB_INTERRUPT in"
"2459","146.201117","1.1.1","host","USB","35","0000000000000000","URB_INTERRUPT in"
"2461","146.449145","1.1.1","host","USB","35","00001c0000000000","URB_INTERRUPT in"
"2463","146.569166","1.1.1","host","USB","35","0000000000000000","URB_INTERRUPT in"
"2465","148.305358","1.1.1","host","USB","35","0000360000000000","URB_INTERRUPT in"
"2467","148.393357","1.1.1","host","USB","35","0000000000000000","URB_INTERRUPT in"
"2469","148.457355","1.1.1","host","USB","35","00002c0000000000","URB_INTERRUPT in"
"2471","148.553365","1.1.1","host","USB","35","0000000000000000","URB_INTERRUPT in"
"2473","148.617373","1.1.1","host","USB","35","0000170000000000","URB_INTERRUPT in"
"2475","148.713384","1.1.1","host","USB","35","0000000000000000","URB_INTERRUPT in"
"2477","148.721385","1.1.1","host","USB","35","00000b0000000000","URB_INTERRUPT in"
"2479","148.793392","1.1.1","host","USB","35","00000b0c00000000","URB_INTERRUPT in"
"2481","148.809400","1.1.1","host","USB","35","00000c0000000000","URB_INTERRUPT in"
"2483","148.881401","1.1.1","host","USB","35","0000000000000000","URB_INTERRUPT in"
"2485","148.929407","1.1.1","host","USB","35","0000110000000000","URB_INTERRUPT in"
"2487","148.985412","1.1.1","host","USB","35","0000110e00000000","URB_INTERRUPT in"
"2489","149.001429","1.1.1","host","USB","35","00000e0000000000","URB_INTERRUPT in"
"2491","149.065421","1.1.1","host","USB","35","0000000000000000","URB_INTERRUPT in"
"2493","149.169433","1.1.1","host","USB","35","00000c0000000000","URB_INTERRUPT in"
"2495","149.217439","1.1.1","host","USB","35","00000c1100000000","URB_INTERRUPT in"
"2497","149.249447","1.1.1","host","USB","35","0000110000000000","URB_INTERRUPT in"
"2499","149.273443","1.1.1","host","USB","35","0000000000000000","URB_INTERRUPT in"
"2501","149.305445","1.1.1","host","USB","35","00000a0000000000","URB_INTERRUPT in"
"2503","149.369454","1.1.1","host","USB","35","00000a2c00000000","URB_INTERRUPT in"
"2505","149.377454","1.1.1","host","USB","35","00002c0000000000","URB_INTERRUPT in"
"2507","149.433460","1.1.1","host","USB","35","0000000000000000","URB_INTERRUPT in"
"2509","149.577483","1.1.1","host","USB","35","0000170000000000","URB_INTERRUPT in"
"2511","149.617493","1.1.1","host","USB","35","0000170b00000000","URB_INTERRUPT in"
"2513","149.633488","1.1.1","host","USB","35","00000b0000000000","URB_INTERRUPT in"
"2515","149.681487","1.1.1","host","USB","35","00000b0c00000000","URB_INTERRUPT in"
"2517","149.713500","1.1.1","host","USB","35","00000c0000000000","URB_INTERRUPT in"
"2519","149.753495","1.1.1","host","USB","35","0000000000000000","URB_INTERRUPT in"
"2521","149.777502","1.1.1","host","USB","35","0000160000000000","URB_INTERRUPT in"
"2523","149.833512","1.1.1","host","USB","35","0000162c00000000","URB_INTERRUPT in"
"2525","149.849519","1.1.1","host","USB","35","00002c0000000000","URB_INTERRUPT in"
"2527","149.929518","1.1.1","host","USB","35","0000000000000000","URB_INTERRUPT in"
"2529","150.009528","1.1.1","host","USB","35","00000c0000000000","URB_INTERRUPT in"
"2531","150.073541","1.1.1","host","USB","35","0000000000000000","URB_INTERRUPT in"
"2533","150.089538","1.1.1","host","USB","35","0000160000000000","URB_INTERRUPT in"
"2535","150.153552","1.1.1","host","USB","35","0000000000000000","URB_INTERRUPT in"
"2537","150.169540","1.1.1","host","USB","35","00002c0000000000","URB_INTERRUPT in"
"2539","150.249563","1.1.1","host","USB","35","0000000000000000","URB_INTERRUPT in"
"2541","150.353571","1.1.1","host","USB","35","0000160000000000","URB_INTERRUPT in"
"2543","150.465578","1.1.1","host","USB","35","0000000000000000","URB_INTERRUPT in"
"2545","150.497578","1.1.1","host","USB","35","0000120000000000","URB_INTERRUPT in"
"2547","150.553586","1.1.1","host","USB","35","0000121000000000","URB_INTERRUPT in"
"2549","150.617601","1.1.1","host","USB","35","0000100000000000","URB_INTERRUPT in"
"2551","150.673597","1.1.1","host","USB","35","0000080000000000","URB_INTERRUPT in"
"2553","150.745606","1.1.1","host","USB","35","0000000000000000","URB_INTERRUPT in"
"2555","150.817622","1.1.1","host","USB","35","00002c0000000000","URB_INTERRUPT in"
"2557","150.897631","1.1.1","host","USB","35","0000000000000000","URB_INTERRUPT in"
"2559","151.001637","1.1.1","host","USB","35","0000160000000000","URB_INTERRUPT in"
"2561","151.097656","1.1.1","host","USB","35","0000000000000000","URB_INTERRUPT in"
"2563","151.113650","1.1.1","host","USB","35","0000120000000000","URB_INTERRUPT in"
"2565","151.185662","1.1.1","host","USB","35","0000000000000000","URB_INTERRUPT in"
"2567","151.193646","1.1.1","host","USB","35","0000150000000000","URB_INTERRUPT in"
"2569","151.273669","1.1.1","host","USB","35","0000000000000000","URB_INTERRUPT in"
"2571","151.369671","1.1.1","host","USB","35","0000170000000000","URB_INTERRUPT in"
"2573","151.449691","1.1.1","host","USB","35","0000000000000000","URB_INTERRUPT in"
"2575","151.465679","1.1.1","host","USB","35","00002c0000000000","URB_INTERRUPT in"
"2577","151.529690","1.1.1","host","USB","35","0000000000000000","URB_INTERRUPT in"
"2579","151.609700","1.1.1","host","USB","35","0000120000000000","URB_INTERRUPT in"
"2581","151.705703","1.1.1","host","USB","35","0000120900000000","URB_INTERRUPT in"
"2583","151.713715","1.1.1","host","USB","35","0000090000000000","URB_INTERRUPT in"
"2585","151.801721","1.1.1","host","USB","35","0000000000000000","URB_INTERRUPT in"
"2587","151.817711","1.1.1","host","USB","35","00002c0000000000","URB_INTERRUPT in"
"2589","151.905724","1.1.1","host","USB","35","0000000000000000","URB_INTERRUPT in"
"2591","151.945726","1.1.1","host","USB","35","0000040000000000","URB_INTERRUPT in"
"2593","152.017735","1.1.1","host","USB","35","0000000000000000","URB_INTERRUPT in"
"2595","152.073740","1.1.1","host","USB","35","0000050000000000","URB_INTERRUPT in"
"2597","152.153750","1.1.1","host","USB","35","0000000000000000","URB_INTERRUPT in"
"2599","152.249758","1.1.1","host","USB","35","0000160000000000","URB_INTERRUPT in"
"2601","152.321775","1.1.1","host","USB","35","0000000000000000","URB_INTERRUPT in"
"2603","152.441788","1.1.1","host","USB","35","0000180000000000","URB_INTERRUPT in"
"2605","152.537791","1.1.1","host","USB","35","0000000000000000","URB_INTERRUPT in"
"2607","152.545796","1.1.1","host","USB","35","0000150000000000","URB_INTERRUPT in"
"2609","152.641802","1.1.1","host","USB","35","0000000000000000","URB_INTERRUPT in"
"2611","152.865830","1.1.1","host","USB","35","0000070000000000","URB_INTERRUPT in"
"2613","152.969852","1.1.1","host","USB","35","0000000000000000","URB_INTERRUPT in"
"2615","153.001852","1.1.1","host","USB","35","00002c0000000000","URB_INTERRUPT in"
"2617","153.089866","1.1.1","host","USB","35","0000000000000000","URB_INTERRUPT in"
"2619","153.313890","1.1.1","host","USB","35","0000130000000000","URB_INTERRUPT in"
"2621","153.433893","1.1.1","host","USB","35","0000000000000000","URB_INTERRUPT in"
"2623","153.481903","1.1.1","host","USB","35","0000150000000000","URB_INTERRUPT in"
"2625","153.561905","1.1.1","host","USB","35","0000000000000000","URB_INTERRUPT in"
"2627","153.593909","1.1.1","host","USB","35","0000040000000000","URB_INTERRUPT in"
"2629","153.665924","1.1.1","host","USB","35","0000000000000000","URB_INTERRUPT in"
"2631","153.729926","1.1.1","host","USB","35","0000110000000000","URB_INTERRUPT in"
"2633","153.841943","1.1.1","host","USB","35","0000000000000000","URB_INTERRUPT in"
"2635","154.089956","1.1.1","host","USB","35","00000e0000000000","URB_INTERRUPT in"
"2637","154.169964","1.1.1","host","USB","35","0000000000000000","URB_INTERRUPT in"
"2639","154.273974","1.1.1","host","USB","35","00002c0000000000","URB_INTERRUPT in"
"2641","154.329981","1.1.1","host","USB","35","0000000000000000","URB_INTERRUPT in"
"2643","154.425994","1.1.1","host","USB","35","0000120000000000","URB_INTERRUPT in"
"2645","154.522002","1.1.1","host","USB","35","0000000000000000","URB_INTERRUPT in"
"2647","154.530005","1.1.1","host","USB","35","0000150000000000","URB_INTERRUPT in"
"2649","154.586009","1.1.1","host","USB","35","0000000000000000","URB_INTERRUPT in"
"2651","154.610010","1.1.1","host","USB","35","00002c0000000000","URB_INTERRUPT in"
"2653","154.698022","1.1.1","host","USB","35","0000000000000000","URB_INTERRUPT in"
"2655","154.914043","1.1.1","host","USB","35","0000120000000000","URB_INTERRUPT in"
"2657","155.018059","1.1.1","host","USB","35","0000121800000000","URB_INTERRUPT in"
"2659","155.050064","1.1.1","host","USB","35","0000180000000000","URB_INTERRUPT in"
"2661","155.122080","1.1.1","host","USB","35","0000000000000000","URB_INTERRUPT in"
"2663","155.138077","1.1.1","host","USB","35","0000170000000000","URB_INTERRUPT in"
"2665","155.218095","1.1.1","host","USB","35","0000000000000000","URB_INTERRUPT in"
"2667","155.346097","1.1.1","host","USB","35","00000f0000000000","URB_INTERRUPT in"
"2669","155.434116","1.1.1","host","USB","35","0000000000000000","URB_INTERRUPT in"
"2671","155.442110","1.1.1","host","USB","35","0000040000000000","URB_INTERRUPT in"
"2673","155.522116","1.1.1","host","USB","35","0000000000000000","URB_INTERRUPT in"
"2675","155.554113","1.1.1","host","USB","35","0000110000000000","URB_INTERRUPT in"
"2677","155.634129","1.1.1","host","USB","35","0000000000000000","URB_INTERRUPT in"
"2679","155.650132","1.1.1","host","USB","35","0000070000000000","URB_INTERRUPT in"
"2681","155.714142","1.1.1","host","USB","35","0000000000000000","URB_INTERRUPT in"
"2683","155.882159","1.1.1","host","USB","35","00000c0000000000","URB_INTERRUPT in"
"2685","155.978165","1.1.1","host","USB","35","0000000000000000","URB_INTERRUPT in"
"2687","156.002171","1.1.1","host","USB","35","0000160000000000","URB_INTERRUPT in"
"2689","156.082183","1.1.1","host","USB","35","0000000000000000","URB_INTERRUPT in"
"2691","156.106180","1.1.1","host","USB","35","00000b0000000000","URB_INTERRUPT in"
"2693","156.178195","1.1.1","host","USB","35","0000000000000000","URB_INTERRUPT in"
"2695","156.282194","1.1.1","host","USB","35","00002c0000000000","URB_INTERRUPT in"
"2697","156.354213","1.1.1","host","USB","35","0000000000000000","URB_INTERRUPT in"
"2699","156.418215","1.1.1","host","USB","35","0000060000000000","URB_INTERRUPT in"
"2701","156.482227","1.1.1","host","USB","35","0000000000000000","URB_INTERRUPT in"
"2703","156.522222","1.1.1","host","USB","35","00000f0000000000","URB_INTERRUPT in"
"2705","156.586231","1.1.1","host","USB","35","0000000000000000","URB_INTERRUPT in"
"2707","156.690247","1.1.1","host","USB","35","00000c0000000000","URB_INTERRUPT in"
"2709","156.786255","1.1.1","host","USB","35","0000000000000000","URB_INTERRUPT in"
"2711","156.874262","1.1.1","host","USB","35","0000060000000000","URB_INTERRUPT in"
"2713","156.970269","1.1.1","host","USB","35","0000000000000000","URB_INTERRUPT in"
"2715","157.026275","1.1.1","host","USB","35","00000e0000000000","URB_INTERRUPT in"
"2717","157.130292","1.1.1","host","USB","35","0000000000000000","URB_INTERRUPT in"
"2719","157.610330","1.1.1","host","USB","35","0000050000000000","URB_INTERRUPT in"
"2721","157.682337","1.1.1","host","USB","35","0000000000000000","URB_INTERRUPT in"
"2723","157.698339","1.1.1","host","USB","35","0000040000000000","URB_INTERRUPT in"
"2725","157.770347","1.1.1","host","USB","35","0000000000000000","URB_INTERRUPT in"
"2727","157.810350","1.1.1","host","USB","35","00000c0000000000","URB_INTERRUPT in"
"2729","157.906362","1.1.1","host","USB","35","0000000000000000","URB_INTERRUPT in"
"2731","158.002377","1.1.1","host","USB","35","0000170000000000","URB_INTERRUPT in"
"2733","158.082386","1.1.1","host","USB","35","0000000000000000","URB_INTERRUPT in"
"2735","159.090503","1.1.1","host","USB","35","00002d0000000000","URB_INTERRUPT in"
"2737","159.162510","1.1.1","host","USB","35","0000000000000000","URB_INTERRUPT in"
"2739","159.418523","1.1.1","host","USB","35","00000f0000000000","URB_INTERRUPT in"
"2741","159.482529","1.1.1","host","USB","35","00000f0800000000","URB_INTERRUPT in"
"2743","159.490533","1.1.1","host","USB","35","0000080000000000","URB_INTERRUPT in"
"2745","159.594550","1.1.1","host","USB","35","0000000000000000","URB_INTERRUPT in"
"2747","159.602545","1.1.1","host","USB","35","0000170000000000","URB_INTERRUPT in"
"2749","159.682550","1.1.1","host","USB","35","0000000000000000","URB_INTERRUPT in"
"2751","159.698550","1.1.1","host","USB","35","00002c0000000000","URB_INTERRUPT in"
"2753","159.786561","1.1.1","host","USB","35","0000000000000000","URB_INTERRUPT in"
"2755","159.874569","1.1.1","host","USB","35","0000100000000000","URB_INTERRUPT in"
"2757","159.986583","1.1.1","host","USB","35","0000000000000000","URB_INTERRUPT in"
"2759","160.010586","1.1.1","host","USB","35","0000080000000000","URB_INTERRUPT in"
"2761","160.074591","1.1.1","host","USB","35","0000000000000000","URB_INTERRUPT in"
"2763","160.114599","1.1.1","host","USB","35","00002c0000000000","URB_INTERRUPT in"
"2765","160.210607","1.1.1","host","USB","35","0000000000000000","URB_INTERRUPT in"
"2767","160.218604","1.1.1","host","USB","35","0000040000000000","URB_INTERRUPT in"
"2769","160.282620","1.1.1","host","USB","35","0000041600000000","URB_INTERRUPT in"
"2771","160.314623","1.1.1","host","USB","35","0000160000000000","URB_INTERRUPT in"
"2773","160.330617","1.1.1","host","USB","35","0000000000000000","URB_INTERRUPT in"
"2775","160.426632","1.1.1","host","USB","35","0000160000000000","URB_INTERRUPT in"
"2777","160.514647","1.1.1","host","USB","35","0000000000000000","URB_INTERRUPT in"
"2779","160.554651","1.1.1","host","USB","35","0000180000000000","URB_INTERRUPT in"
"2781","160.642668","1.1.1","host","USB","35","0000180800000000","URB_INTERRUPT in"
"2783","160.650664","1.1.1","host","USB","35","0000080000000000","URB_INTERRUPT in"
"2785","160.722675","1.1.1","host","USB","35","0000000000000000","URB_INTERRUPT in"
"2787","160.802681","1.1.1","host","USB","35","00002c0000000000","URB_INTERRUPT in"
"2789","160.882690","1.1.1","host","USB","35","0000000000000000","URB_INTERRUPT in"
"2791","161.170725","1.1.1","host","USB","35","00001c0000000000","URB_INTERRUPT in"
"2793","161.266736","1.1.1","host","USB","35","0000000000000000","URB_INTERRUPT in"
"2795","161.514754","1.1.1","host","USB","35","00002a0000000000","URB_INTERRUPT in"
"2797","161.562763","1.1.1","host","USB","35","0000000000000000","URB_INTERRUPT in"
"2799","161.650775","1.1.1","host","USB","35","00002a0000000000","URB_INTERRUPT in"
"2801","161.690783","1.1.1","host","USB","35","0000000000000000","URB_INTERRUPT in"
"2803","161.778786","1.1.1","host","USB","35","00002a0000000000","URB_INTERRUPT in"
"2805","161.826790","1.1.1","host","USB","35","0000000000000000","URB_INTERRUPT in"
"2807","161.898791","1.1.1","host","USB","35","0000150000000000","URB_INTERRUPT in"
"2809","161.962800","1.1.1","host","USB","35","0000150800000000","URB_INTERRUPT in"
"2811","161.994810","1.1.1","host","USB","35","0000080000000000","URB_INTERRUPT in"
"2813","162.010800","1.1.1","host","USB","35","0000000000000000","URB_INTERRUPT in"
"2815","162.122823","1.1.1","host","USB","35","00002c0000000000","URB_INTERRUPT in"
"2817","162.194825","1.1.1","host","USB","35","0000000000000000","URB_INTERRUPT in"
"2819","162.418858","1.1.1","host","USB","35","00001c0000000000","URB_INTERRUPT in"
"2821","162.498863","1.1.1","host","USB","35","0000000000000000","URB_INTERRUPT in"
"2823","162.682868","1.1.1","host","USB","35","0000120000000000","URB_INTERRUPT in"
"2825","162.690872","1.1.1","host","USB","35","0000121300000000","URB_INTERRUPT in"
"2827","162.706873","1.1.1","host","USB","35","0000121318000000","URB_INTERRUPT in"
"2829","162.722875","1.1.1","host","USB","35","0000121300000000","URB_INTERRUPT in"
"2831","162.730877","1.1.1","host","USB","35","0000120000000000","URB_INTERRUPT in"
"2833","162.850888","1.1.1","host","USB","35","0000000000000000","URB_INTERRUPT in"
"2835","163.202924","1.1.1","host","USB","35","00002a0000000000","URB_INTERRUPT in"
"2837","163.250930","1.1.1","host","USB","35","0000000000000000","URB_INTERRUPT in"
"2839","163.338939","1.1.1","host","USB","35","00002a0000000000","URB_INTERRUPT in"
"2841","163.378944","1.1.1","host","USB","35","0000000000000000","URB_INTERRUPT in"
"2843","163.891009","1.1.1","host","USB","35","0000180000000000","URB_INTERRUPT in"
"2845","163.995026","1.1.1","host","USB","35","0000000000000000","URB_INTERRUPT in"
"2847","164.371064","1.1.1","host","USB","35","0000360000000000","URB_INTERRUPT in"
"2849","164.491071","1.1.1","host","USB","35","0000000000000000","URB_INTERRUPT in"
"2851","164.499067","1.1.1","host","USB","35","00002c0000000000","URB_INTERRUPT in"
"2853","164.595083","1.1.1","host","USB","35","0000000000000000","URB_INTERRUPT in"
"2855","165.331152","1.1.1","host","USB","35","0000170000000000","URB_INTERRUPT in"
"2857","165.403165","1.1.1","host","USB","35","0000170b00000000","URB_INTERRUPT in"
"2859","165.411165","1.1.1","host","USB","35","00000b0000000000","URB_INTERRUPT in"
"2861","165.475166","1.1.1","host","USB","35","00000b0c00000000","URB_INTERRUPT in"
"2863","165.499171","1.1.1","host","USB","35","00000c0000000000","URB_INTERRUPT in"
"2865","165.523170","1.1.1","host","USB","35","00000c1600000000","URB_INTERRUPT in"
"2867","165.531182","1.1.1","host","USB","35","0000160000000000","URB_INTERRUPT in"
"2869","165.587185","1.1.1","host","USB","35","0000000000000000","URB_INTERRUPT in"
"2871","165.619185","1.1.1","host","USB","35","00002c0000000000","URB_INTERRUPT in"
"2873","165.683189","1.1.1","host","USB","35","0000000000000000","URB_INTERRUPT in"
"2875","165.755195","1.1.1","host","USB","35","00000c0000000000","URB_INTERRUPT in"
"2877","165.819213","1.1.1","host","USB","35","00000c1600000000","URB_INTERRUPT in"
"2879","165.827208","1.1.1","host","USB","35","0000160000000000","URB_INTERRUPT in"
"2881","165.883208","1.1.1","host","USB","35","0000000000000000","URB_INTERRUPT in"
"2883","165.923214","1.1.1","host","USB","35","00002c0000000000","URB_INTERRUPT in"
"2885","166.027227","1.1.1","host","USB","35","0000000000000000","URB_INTERRUPT in"
"2887","166.035234","1.1.1","host","USB","35","0000150000000000","URB_INTERRUPT in"
"2889","166.083247","1.1.1","host","USB","35","0000150800000000","URB_INTERRUPT in"
"2891","166.147254","1.1.1","host","USB","35","0000080000000000","URB_INTERRUPT in"
"2893","166.171251","1.1.1","host","USB","35","0000000000000000","URB_INTERRUPT in"
"2895","166.251253","1.1.1","host","USB","35","0000040000000000","URB_INTERRUPT in"
"2897","166.323263","1.1.1","host","USB","35","0000000000000000","URB_INTERRUPT in"
"2899","166.355260","1.1.1","host","USB","35","00000f0000000000","URB_INTERRUPT in"
"2901","166.427276","1.1.1","host","USB","35","0000000000000000","URB_INTERRUPT in"
"2903","166.603302","1.1.1","host","USB","35","0000370000000000","URB_INTERRUPT in"
"2905","166.691314","1.1.1","host","USB","35","0000000000000000","URB_INTERRUPT in"
"2907","167.323371","1.1.1","host","USB","35","00002c0000000000","URB_INTERRUPT in"
"2909","167.419382","1.1.1","host","USB","35","0000000000000000","URB_INTERRUPT in"
"2911","167.459391","1.1.1","host","USB","35","0200000000000000","URB_INTERRUPT in"
"2913","168.371475","1.1.1","host","USB","35","0200250000000000","URB_INTERRUPT in"
"2915","168.435481","1.1.1","host","USB","35","0200000000000000","URB_INTERRUPT in"
"2917","168.835524","1.1.1","host","USB","35","0200250000000000","URB_INTERRUPT in"
"2919","168.915533","1.1.1","host","USB","35","0200000000000000","URB_INTERRUPT in"
"2921","168.939534","1.1.1","host","USB","35","0000000000000000","URB_INTERRUPT in"
"2923","169.051548","1.1.1","host","USB","35","0000170000000000","URB_INTERRUPT in"
"2925","169.139556","1.1.1","host","USB","35","0000000000000000","URB_INTERRUPT in"
"2927","169.331584","1.1.1","host","USB","35","00002a0000000000","URB_INTERRUPT in"
"2929","169.347588","1.1.1","host","USB","35","02002a0000000000","URB_INTERRUPT in"
"2931","169.395592","1.1.1","host","USB","35","0200000000000000","URB_INTERRUPT in"
"2933","169.419588","1.1.1","host","USB","35","0200170000000000","URB_INTERRUPT in"
"2935","169.459617","1.1.1","host","USB","35","0000170000000000","URB_INTERRUPT in"
"2937","169.467599","1.1.1","host","USB","35","0000000000000000","URB_INTERRUPT in"
"2939","169.531604","1.1.1","host","USB","35","0000120000000000","URB_INTERRUPT in"
"2941","169.571617","1.1.1","host","USB","35","0000000000000000","URB_INTERRUPT in"
"2943","169.651620","1.1.1","host","USB","35","0000120000000000","URB_INTERRUPT in"
"2945","169.723633","1.1.1","host","USB","35","0000000000000000","URB_INTERRUPT in"
"2947","169.795633","1.1.1","host","USB","35","0200000000000000","URB_INTERRUPT in"
"2949","169.907644","1.1.1","host","USB","35","0200250000000000","URB_INTERRUPT in"
"2951","170.019668","1.1.1","host","USB","35","0200000000000000","URB_INTERRUPT in"
"2953","170.187686","1.1.1","host","USB","35","0200250000000000","URB_INTERRUPT in"
"2955","170.283686","1.1.1","host","USB","35","0200000000000000","URB_INTERRUPT in"
"2957","170.371688","1.1.1","host","USB","35","0000000000000000","URB_INTERRUPT in"
"2959","170.635717","1.1.1","host","USB","35","00002c0000000000","URB_INTERRUPT in"
"2961","170.747732","1.1.1","host","USB","35","0000000000000000","URB_INTERRUPT in"
"2963","170.763730","1.1.1","host","USB","35","0000150000000000","URB_INTERRUPT in"
"2965","170.803738","1.1.1","host","USB","35","0000150800000000","URB_INTERRUPT in"
"2967","170.867740","1.1.1","host","USB","35","0000080000000000","URB_INTERRUPT in"
"2969","170.891744","1.1.1","host","USB","35","0000000000000000","URB_INTERRUPT in"
"2971","170.963748","1.1.1","host","USB","35","0000040000000000","URB_INTERRUPT in"
"2973","171.027757","1.1.1","host","USB","35","0000000000000000","URB_INTERRUPT in"
"2975","171.067763","1.1.1","host","USB","35","00000f0000000000","URB_INTERRUPT in"
"2977","171.163771","1.1.1","host","USB","35","0000000000000000","URB_INTERRUPT in"
"2979","171.363793","1.1.1","host","USB","35","0000360000000000","URB_INTERRUPT in"
"2981","171.419807","1.1.1","host","USB","35","0000362c00000000","URB_INTERRUPT in"
"2983","171.475814","1.1.1","host","USB","35","00002c0000000000","URB_INTERRUPT in"
"2985","171.563820","1.1.1","host","USB","35","0000000000000000","URB_INTERRUPT in"
"2987","171.739849","1.1.1","host","USB","35","00000c0000000000","URB_INTERRUPT in"
"2989","171.835860","1.1.1","host","USB","35","0000000000000000","URB_INTERRUPT in"
"2991","171.843848","1.1.1","host","USB","35","0000090000000000","URB_INTERRUPT in"
"2993","171.923869","1.1.1","host","USB","35","0000000000000000","URB_INTERRUPT in"
"2995","171.955864","1.1.1","host","USB","35","00002c0000000000","URB_INTERRUPT in"
"2997","172.035880","1.1.1","host","USB","35","0000000000000000","URB_INTERRUPT in"
"2999","172.043867","1.1.1","host","USB","35","0200000000000000","URB_INTERRUPT in"
"3001","172.115882","1.1.1","host","USB","35","02000c0000000000","URB_INTERRUPT in"
"3003","172.179888","1.1.1","host","USB","35","0200000000000000","URB_INTERRUPT in"
"3005","172.195892","1.1.1","host","USB","35","0000000000000000","URB_INTERRUPT in"
"3007","172.243897","1.1.1","host","USB","35","00002c0000000000","URB_INTERRUPT in"
"3009","172.331912","1.1.1","host","USB","35","0000000000000000","URB_INTERRUPT in"
"3011","172.435925","1.1.1","host","USB","35","0000100000000000","URB_INTERRUPT in"
"3013","172.515932","1.1.1","host","USB","35","0000000000000000","URB_INTERRUPT in"
"3015","172.547929","1.1.1","host","USB","35","0000040000000000","URB_INTERRUPT in"
"3017","172.627943","1.1.1","host","USB","35","0000000000000000","URB_INTERRUPT in"
"3019","172.723948","1.1.1","host","USB","35","00001c0000000000","URB_INTERRUPT in"
"3021","172.795966","1.1.1","host","USB","35","0000000000000000","URB_INTERRUPT in"
"3023","172.899965","1.1.1","host","USB","35","00002c0000000000","URB_INTERRUPT in"
"3025","172.971978","1.1.1","host","USB","35","0000000000000000","URB_INTERRUPT in"
"3027","172.995975","1.1.1","host","USB","35","0000160000000000","URB_INTERRUPT in"
"3029","173.099985","1.1.1","host","USB","35","0000160400000000","URB_INTERRUPT in"
"3031","173.115994","1.1.1","host","USB","35","0000040000000000","URB_INTERRUPT in"
"3033","173.147987","1.1.1","host","USB","35","0000000000000000","URB_INTERRUPT in"
"3035","173.179986","1.1.1","host","USB","35","00001c0000000000","URB_INTERRUPT in"
"3037","173.260001","1.1.1","host","USB","35","0000000000000000","URB_INTERRUPT in"
"3039","173.444028","1.1.1","host","USB","35","0000370000000000","URB_INTERRUPT in"
"3041","173.532041","1.1.1","host","USB","35","0000000000000000","URB_INTERRUPT in"
"3043","173.660044","1.1.1","host","USB","35","00002c0000000000","URB_INTERRUPT in"
"3045","173.700049","1.1.1","host","USB","35","02002c0000000000","URB_INTERRUPT in"
"3047","173.740055","1.1.1","host","USB","35","0200000000000000","URB_INTERRUPT in"
"3049","173.836054","1.1.1","host","USB","35","0200070000000000","URB_INTERRUPT in"
"3051","173.844060","1.1.1","host","USB","35","0000070000000000","URB_INTERRUPT in"
"3053","173.868059","1.1.1","host","USB","35","0000000000000000","URB_INTERRUPT in"
"3055","174.060080","1.1.1","host","USB","35","0000180000000000","URB_INTERRUPT in"
"3057","174.156090","1.1.1","host","USB","35","0000000000000000","URB_INTERRUPT in"
"3059","174.204099","1.1.1","host","USB","35","0000060000000000","URB_INTERRUPT in"
"3061","174.292104","1.1.1","host","USB","35","0000000000000000","URB_INTERRUPT in"
"3063","174.324108","1.1.1","host","USB","35","00000e0000000000","URB_INTERRUPT in"
"3065","174.404118","1.1.1","host","USB","35","0000000000000000","URB_INTERRUPT in"
"3067","174.412116","1.1.1","host","USB","35","0000160000000000","URB_INTERRUPT in"
"3069","174.500127","1.1.1","host","USB","35","0000000000000000","URB_INTERRUPT in"
"3071","174.532127","1.1.1","host","USB","35","00002c0000000000","URB_INTERRUPT in"
"3073","174.652144","1.1.1","host","USB","35","0000000000000000","URB_INTERRUPT in"
"3075","174.900182","1.1.1","host","USB","35","00002a0000000000","URB_INTERRUPT in"
"3077","174.956182","1.1.1","host","USB","35","0000000000000000","URB_INTERRUPT in"
"3079","175.124198","1.1.1","host","USB","35","0000360000000000","URB_INTERRUPT in"
"3081","175.188215","1.1.1","host","USB","35","0000362c00000000","URB_INTERRUPT in"
"3083","175.228217","1.1.1","host","USB","35","00002c0000000000","URB_INTERRUPT in"
"3085","175.308221","1.1.1","host","USB","35","0000000000000000","URB_INTERRUPT in"
"3087","175.388236","1.1.1","host","USB","35","0000170000000000","URB_INTERRUPT in"
"3089","175.452236","1.1.1","host","USB","35","0000000000000000","URB_INTERRUPT in"
"3091","175.492239","1.1.1","host","USB","35","00000b0000000000","URB_INTERRUPT in"
"3093","175.572256","1.1.1","host","USB","35","0000000000000000","URB_INTERRUPT in"
"3095","175.652263","1.1.1","host","USB","35","0000120000000000","URB_INTERRUPT in"
"3097","175.732266","1.1.1","host","USB","35","0000000000000000","URB_INTERRUPT in"
"3099","175.764267","1.1.1","host","USB","35","0000160000000000","URB_INTERRUPT in"
"3101","175.828282","1.1.1","host","USB","35","0000160800000000","URB_INTERRUPT in"
"3103","175.884273","1.1.1","host","USB","35","0000080000000000","URB_INTERRUPT in"
"3105","175.892273","1.1.1","host","USB","35","0000000000000000","URB_INTERRUPT in"
"3107","175.948281","1.1.1","host","USB","35","00002c0000000000","URB_INTERRUPT in"
"3109","176.052291","1.1.1","host","USB","35","0000000000000000","URB_INTERRUPT in"
"3111","176.580348","1.1.1","host","USB","35","0000140000000000","URB_INTERRUPT in"
"3113","176.684360","1.1.1","host","USB","35","0000000000000000","URB_INTERRUPT in"
"3115","176.724363","1.1.1","host","USB","35","0000180000000000","URB_INTERRUPT in"
"3117","176.812383","1.1.1","host","USB","35","0000000000000000","URB_INTERRUPT in"
"3119","176.844381","1.1.1","host","USB","35","0000040000000000","URB_INTERRUPT in"
"3121","176.940386","1.1.1","host","USB","35","0000000000000000","URB_INTERRUPT in"
"3123","177.092418","1.1.1","host","USB","35","00000c0000000000","URB_INTERRUPT in"
"3125","177.172427","1.1.1","host","USB","35","0000000000000000","URB_INTERRUPT in"
"3127","177.204429","1.1.1","host","USB","35","0000170000000000","URB_INTERRUPT in"
"3129","177.276430","1.1.1","host","USB","35","0000000000000000","URB_INTERRUPT in"
"3131","177.524458","1.1.1","host","USB","35","00002a0000000000","URB_INTERRUPT in"
"3133","177.580461","1.1.1","host","USB","35","0000000000000000","URB_INTERRUPT in"
"3135","177.692474","1.1.1","host","USB","35","0000110000000000","URB_INTERRUPT in"
"3137","177.740486","1.1.1","host","USB","35","0000111700000000","URB_INTERRUPT in"
"3139","177.748505","1.1.1","host","USB","35","0000170000000000","URB_INTERRUPT in"
"3141","177.804485","1.1.1","host","USB","35","0000000000000000","URB_INTERRUPT in"
"3143","177.844487","1.1.1","host","USB","35","00002c0000000000","URB_INTERRUPT in"
"3145","177.892502","1.1.1","host","USB","35","0000000000000000","URB_INTERRUPT in"
"3147","178.124518","1.1.1","host","USB","35","00000c0000000000","URB_INTERRUPT in"
"3149","178.188524","1.1.1","host","USB","35","0000000000000000","URB_INTERRUPT in"
"3151","179.092632","1.1.1","host","USB","35","00002a0000000000","URB_INTERRUPT in"
"3153","179.148634","1.1.1","host","USB","35","0000000000000000","URB_INTERRUPT in"
"3155","179.292637","1.1.1","host","USB","35","00000f0000000000","URB_INTERRUPT in"
"3157","179.356644","1.1.1","host","USB","35","0000000000000000","URB_INTERRUPT in"
"3159","179.492660","1.1.1","host","USB","35","00000c0000000000","URB_INTERRUPT in"
"3161","179.596671","1.1.1","host","USB","35","0000000000000000","URB_INTERRUPT in"
"3163","179.644674","1.1.1","host","USB","35","0000170000000000","URB_INTERRUPT in"
"3165","179.708681","1.1.1","host","USB","35","0000000000000000","URB_INTERRUPT in"
"3167","179.796690","1.1.1","host","USB","35","0000170000000000","URB_INTERRUPT in"
"3169","179.876698","1.1.1","host","USB","35","0000000000000000","URB_INTERRUPT in"
"3171","179.916702","1.1.1","host","USB","35","00000f0000000000","URB_INTERRUPT in"
"3173","180.012712","1.1.1","host","USB","35","0000000000000000","URB_INTERRUPT in"
"3175","180.044719","1.1.1","host","USB","35","0000080000000000","URB_INTERRUPT in"
"3177","180.124725","1.1.1","host","USB","35","0000000000000000","URB_INTERRUPT in"
"3179","180.164737","1.1.1","host","USB","35","00002c0000000000","URB_INTERRUPT in"
"3181","180.244741","1.1.1","host","USB","35","0000000000000000","URB_INTERRUPT in"
"3183","180.844807","1.1.1","host","USB","35","0000060000000000","URB_INTERRUPT in"
"3185","180.964823","1.1.1","host","USB","35","0000000000000000","URB_INTERRUPT in"
"3187","181.076843","1.1.1","host","USB","35","0000150000000000","URB_INTERRUPT in"
"3189","181.148842","1.1.1","host","USB","35","0000150800000000","URB_INTERRUPT in"
"3191","181.180849","1.1.1","host","USB","35","0000080000000000","URB_INTERRUPT in"
"3193","181.228849","1.1.1","host","USB","35","0000080400000000","URB_INTERRUPT in"
"3195","181.236849","1.1.1","host","USB","35","0000040000000000","URB_INTERRUPT in"
"3197","181.332869","1.1.1","host","USB","35","0000000000000000","URB_INTERRUPT in"
"3199","181.380867","1.1.1","host","USB","35","0000170000000000","URB_INTERRUPT in"
"3201","181.484868","1.1.1","host","USB","35","0000000000000000","URB_INTERRUPT in"
"3203","181.612882","1.1.1","host","USB","35","0000180000000000","URB_INTERRUPT in"
"3205","181.716894","1.1.1","host","USB","35","0000000000000000","URB_INTERRUPT in"
"3207","181.724894","1.1.1","host","USB","35","0000150000000000","URB_INTERRUPT in"
"3209","181.772906","1.1.1","host","USB","35","0000150800000000","URB_INTERRUPT in"
"3211","181.828905","1.1.1","host","USB","35","0000080000000000","URB_INTERRUPT in"
"3213","181.860919","1.1.1","host","USB","35","0000000000000000","URB_INTERRUPT in"
"3215","181.908912","1.1.1","host","USB","35","0000160000000000","URB_INTERRUPT in"
"3217","181.996923","1.1.1","host","USB","35","0000000000000000","URB_INTERRUPT in"
"3219","182.092934","1.1.1","host","USB","35","00002c0000000000","URB_INTERRUPT in"
"3221","182.180944","1.1.1","host","USB","35","0000000000000000","URB_INTERRUPT in"
"3223","182.244952","1.1.1","host","USB","35","0000170000000000","URB_INTERRUPT in"
"3225","182.324958","1.1.1","host","USB","35","0000000000000000","URB_INTERRUPT in"
"3227","182.348963","1.1.1","host","USB","35","00000b0000000000","URB_INTERRUPT in"
"3229","182.412975","1.1.1","host","USB","35","00000b0400000000","URB_INTERRUPT in"
"3231","182.420968","1.1.1","host","USB","35","0000040000000000","URB_INTERRUPT in"
"3233","182.492985","1.1.1","host","USB","35","0000041700000000","URB_INTERRUPT in"
"3235","182.508999","1.1.1","host","USB","35","0000170000000000","URB_INTERRUPT in"
"3237","182.556987","1.1.1","host","USB","35","0000172c00000000","URB_INTERRUPT in"
"3239","182.573001","1.1.1","host","USB","35","00002c0000000000","URB_INTERRUPT in"
"3241","182.637001","1.1.1","host","USB","35","0000000000000000","URB_INTERRUPT in"
"3243","182.709014","1.1.1","host","USB","35","00001a0000000000","URB_INTERRUPT in"
"3245","182.821022","1.1.1","host","USB","35","0000000000000000","URB_INTERRUPT in"
"3247","182.845020","1.1.1","host","USB","35","0000040000000000","URB_INTERRUPT in"
"3249","182.957032","1.1.1","host","USB","35","0000040700000000","URB_INTERRUPT in"
"3251","182.973034","1.1.1","host","USB","35","0000070000000000","URB_INTERRUPT in"
"3253","183.037045","1.1.1","host","USB","35","0000000000000000","URB_INTERRUPT in"
"3255","183.133055","1.1.1","host","USB","35","0000070000000000","URB_INTERRUPT in"
"3257","183.197057","1.1.1","host","USB","35","0000000000000000","URB_INTERRUPT in"
"3259","183.237067","1.1.1","host","USB","35","00000f0000000000","URB_INTERRUPT in"
"3261","183.333075","1.1.1","host","USB","35","0000000000000000","URB_INTERRUPT in"
"3263","183.341069","1.1.1","host","USB","35","0000080000000000","URB_INTERRUPT in"
"3265","183.405083","1.1.1","host","USB","35","0000000000000000","URB_INTERRUPT in"
"3267","183.445088","1.1.1","host","USB","35","00002c0000000000","URB_INTERRUPT in"
"3269","183.533099","1.1.1","host","USB","35","0000000000000000","URB_INTERRUPT in"
"3271","183.685109","1.1.1","host","USB","35","0000050000000000","URB_INTERRUPT in"
"3273","183.773121","1.1.1","host","USB","35","0000000000000000","URB_INTERRUPT in"
"3275","183.869139","1.1.1","host","USB","35","00001c0000000000","URB_INTERRUPT in"
"3277","183.933139","1.1.1","host","USB","35","0000000000000000","URB_INTERRUPT in"
"3279","184.045152","1.1.1","host","USB","35","00002c0000000000","URB_INTERRUPT in"
"3281","184.117155","1.1.1","host","USB","35","0000000000000000","URB_INTERRUPT in"
"3283","184.629218","1.1.1","host","USB","35","0000130000000000","URB_INTERRUPT in"
"3285","184.701211","1.1.1","host","USB","35","0000000000000000","URB_INTERRUPT in"
"3287","184.813227","1.1.1","host","USB","35","0000120000000000","URB_INTERRUPT in"
"3289","184.925235","1.1.1","host","USB","35","0000000000000000","URB_INTERRUPT in"
"3291","184.989244","1.1.1","host","USB","35","0000110000000000","URB_INTERRUPT in"
"3293","185.093266","1.1.1","host","USB","35","0000000000000000","URB_INTERRUPT in"
"3295","185.157259","1.1.1","host","USB","35","0000070000000000","URB_INTERRUPT in"
"3297","185.213275","1.1.1","host","USB","35","0000071600000000","URB_INTERRUPT in"
"3299","185.253280","1.1.1","host","USB","35","0000160000000000","URB_INTERRUPT in"
"3301","185.293274","1.1.1","host","USB","35","0000000000000000","URB_INTERRUPT in"
"3303","185.333277","1.1.1","host","USB","35","00002c0000000000","URB_INTERRUPT in"
"3305","185.421287","1.1.1","host","USB","35","00002c0400000000","URB_INTERRUPT in"
"3307","185.429288","1.1.1","host","USB","35","0000040000000000","URB_INTERRUPT in"
"3309","185.517297","1.1.1","host","USB","35","0000000000000000","URB_INTERRUPT in"
"3311","185.549301","1.1.1","host","USB","35","0000110000000000","URB_INTERRUPT in"
"3313","185.645318","1.1.1","host","USB","35","0000000000000000","URB_INTERRUPT in"
"3315","185.653312","1.1.1","host","USB","35","0000070000000000","URB_INTERRUPT in"
"3317","185.749322","1.1.1","host","USB","35","0000000000000000","URB_INTERRUPT in"
"3319","185.765323","1.1.1","host","USB","35","00002c0000000000","URB_INTERRUPT in"
"3321","185.861346","1.1.1","host","USB","35","0000000000000000","URB_INTERRUPT in"
"3323","186.165375","1.1.1","host","USB","35","0000140000000000","URB_INTERRUPT in"
"3325","186.245392","1.1.1","host","USB","35","0000000000000000","URB_INTERRUPT in"
"3327","186.309398","1.1.1","host","USB","35","0000180000000000","URB_INTERRUPT in"
"3329","186.421404","1.1.1","host","USB","35","0000000000000000","URB_INTERRUPT in"
"3331","186.429407","1.1.1","host","USB","35","0000040000000000","URB_INTERRUPT in"
"3333","186.509415","1.1.1","host","USB","35","0000000000000000","URB_INTERRUPT in"
"3335","186.661435","1.1.1","host","USB","35","0000060000000000","URB_INTERRUPT in"
"3337","186.765437","1.1.1","host","USB","35","0000060e00000000","URB_INTERRUPT in"
"3339","186.773443","1.1.1","host","USB","35","00000e0000000000","URB_INTERRUPT in"
"3341","186.845448","1.1.1","host","USB","35","0000000000000000","URB_INTERRUPT in"
"3343","186.957454","1.1.1","host","USB","35","00002c0000000000","URB_INTERRUPT in"
"3345","187.053461","1.1.1","host","USB","35","0000000000000000","URB_INTERRUPT in"
"3347","187.061466","1.1.1","host","USB","35","0000040000000000","URB_INTERRUPT in"
"3349","187.149471","1.1.1","host","USB","35","0000000000000000","URB_INTERRUPT in"
"3351","187.237480","1.1.1","host","USB","35","0000170000000000","URB_INTERRUPT in"
"3353","187.333499","1.1.1","host","USB","35","0000000000000000","URB_INTERRUPT in"
"3355","187.357493","1.1.1","host","USB","35","00002c0000000000","URB_INTERRUPT in"
"3357","187.461505","1.1.1","host","USB","35","0000000000000000","URB_INTERRUPT in"
"3359","187.605528","1.1.1","host","USB","35","0000130000000000","URB_INTERRUPT in"
"3361","187.701530","1.1.1","host","USB","35","0000130400000000","URB_INTERRUPT in"
"3363","187.725536","1.1.1","host","USB","35","0000040000000000","URB_INTERRUPT in"
"3365","187.789539","1.1.1","host","USB","35","0000041600000000","URB_INTERRUPT in"
"3367","187.837546","1.1.1","host","USB","35","0000160000000000","URB_INTERRUPT in"
"3369","187.861547","1.1.1","host","USB","35","0000000000000000","URB_INTERRUPT in"
"3371","187.957560","1.1.1","host","USB","35","0000160000000000","URB_INTERRUPT in"
"3373","188.037575","1.1.1","host","USB","35","0000000000000000","URB_INTERRUPT in"
"3375","188.149585","1.1.1","host","USB","35","0000080000000000","URB_INTERRUPT in"
"3377","188.237603","1.1.1","host","USB","35","0000081500000000","URB_INTERRUPT in"
"3379","188.293606","1.1.1","host","USB","35","0000150000000000","URB_INTERRUPT in"
"3381","188.349615","1.1.1","host","USB","35","0000000000000000","URB_INTERRUPT in"
"3383","188.853671","1.1.1","host","USB","35","0000160000000000","URB_INTERRUPT in"
"3385","188.933677","1.1.1","host","USB","35","0000000000000000","URB_INTERRUPT in"
"3387","189.005675","1.1.1","host","USB","35","0000050000000000","URB_INTERRUPT in"
"3389","189.109687","1.1.1","host","USB","35","0000000000000000","URB_INTERRUPT in"
"3391","189.221708","1.1.1","host","USB","35","00001c0000000000","URB_INTERRUPT in"
"3393","189.301716","1.1.1","host","USB","35","0000000000000000","URB_INTERRUPT in"
"3395","189.637745","1.1.1","host","USB","35","0000360000000000","URB_INTERRUPT in"
"3397","189.805761","1.1.1","host","USB","35","0000362c00000000","URB_INTERRUPT in"
"3399","189.813760","1.1.1","host","USB","35","00002c0000000000","URB_INTERRUPT in"
"3401","189.877778","1.1.1","host","USB","35","0000000000000000","URB_INTERRUPT in"
"3403","190.021792","1.1.1","host","USB","35","00000b0000000000","URB_INTERRUPT in"
"3405","190.101804","1.1.1","host","USB","35","00000b0400000000","URB_INTERRUPT in"
"3407","190.109793","1.1.1","host","USB","35","0000040000000000","URB_INTERRUPT in"
"3409","190.173799","1.1.1","host","USB","35","0000000000000000","URB_INTERRUPT in"
"3411","190.237800","1.1.1","host","USB","35","0000190000000000","URB_INTERRUPT in"
"3413","190.293810","1.1.1","host","USB","35","0000190800000000","URB_INTERRUPT in"
"3415","190.333811","1.1.1","host","USB","35","0000080000000000","URB_INTERRUPT in"
"3417","190.389827","1.1.1","host","USB","35","0000082c00000000","URB_INTERRUPT in"
"3419","190.397818","1.1.1","host","USB","35","00002c0000000000","URB_INTERRUPT in"
"3421","190.477822","1.1.1","host","USB","35","0000000000000000","URB_INTERRUPT in"
"3423","190.525832","1.1.1","host","USB","35","00000a0000000000","URB_INTERRUPT in"
"3425","190.621842","1.1.1","host","USB","35","0000000000000000","URB_INTERRUPT in"
"3427","190.669844","1.1.1","host","USB","35","0000080000000000","URB_INTERRUPT in"
"3429","190.757866","1.1.1","host","USB","35","0000000000000000","URB_INTERRUPT in"
"3431","190.813859","1.1.1","host","USB","35","0000110000000000","URB_INTERRUPT in"
"3433","190.909872","1.1.1","host","USB","35","0000000000000000","URB_INTERRUPT in"
"3435","191.165903","1.1.1","host","USB","35","00000c0000000000","URB_INTERRUPT in"
"3437","191.245908","1.1.1","host","USB","35","0000000000000000","URB_INTERRUPT in"
"3439","191.397939","1.1.1","host","USB","35","0000170000000000","URB_INTERRUPT in"
"3441","191.461936","1.1.1","host","USB","35","0000000000000000","URB_INTERRUPT in"
"3443","191.541958","1.1.1","host","USB","35","0000040000000000","URB_INTERRUPT in"
"3445","191.621963","1.1.1","host","USB","35","0000000000000000","URB_INTERRUPT in"
"3447","191.661963","1.1.1","host","USB","35","00000f0000000000","URB_INTERRUPT in"
"3449","191.725975","1.1.1","host","USB","35","0000000000000000","URB_INTERRUPT in"
"3451","191.845985","1.1.1","host","USB","35","00000c0000000000","URB_INTERRUPT in"
"3453","191.917996","1.1.1","host","USB","35","0000000000000000","URB_INTERRUPT in"
"3455","192.005998","1.1.1","host","USB","35","0000040000000000","URB_INTERRUPT in"
"3457","192.094013","1.1.1","host","USB","35","0000000000000000","URB_INTERRUPT in"
"3459","192.446046","1.1.1","host","USB","35","00002c0000000000","URB_INTERRUPT in"
"3461","192.502043","1.1.1","host","USB","35","0000000000000000","URB_INTERRUPT in"
"3463","192.550044","1.1.1","host","USB","35","0000170000000000","URB_INTERRUPT in"
"3465","192.630054","1.1.1","host","USB","35","0000000000000000","URB_INTERRUPT in"
"3467","192.654055","1.1.1","host","USB","35","00000b0000000000","URB_INTERRUPT in"
"3469","192.718062","1.1.1","host","USB","35","00000b0400000000","URB_INTERRUPT in"
"3471","192.726063","1.1.1","host","USB","35","0000040000000000","URB_INTERRUPT in"
"3473","192.782078","1.1.1","host","USB","35","0000041700000000","URB_INTERRUPT in"
"3475","192.798078","1.1.1","host","USB","35","0000170000000000","URB_INTERRUPT in"
"3477","192.862090","1.1.1","host","USB","35","0000172c00000000","URB_INTERRUPT in"
"3479","192.870079","1.1.1","host","USB","35","00002c0000000000","URB_INTERRUPT in"
"3481","192.942087","1.1.1","host","USB","35","0000000000000000","URB_INTERRUPT in"
"3483","193.054100","1.1.1","host","USB","35","0000060000000000","URB_INTERRUPT in"
"3485","193.118107","1.1.1","host","USB","35","0000061200000000","URB_INTERRUPT in"
"3487","193.142110","1.1.1","host","USB","35","0000120000000000","URB_INTERRUPT in"
"3489","193.230127","1.1.1","host","USB","35","0000000000000000","URB_INTERRUPT in"
"3491","193.278125","1.1.1","host","USB","35","0000150000000000","URB_INTERRUPT in"
"3493","193.350131","1.1.1","host","USB","35","0000000000000000","URB_INTERRUPT in"
"3495","193.358135","1.1.1","host","USB","35","00000e0000000000","URB_INTERRUPT in"
"3497","193.454144","1.1.1","host","USB","35","0000000000000000","URB_INTERRUPT in"
"3499","193.550161","1.1.1","host","USB","35","0000160000000000","URB_INTERRUPT in"
"3501","193.646179","1.1.1","host","USB","35","0000000000000000","URB_INTERRUPT in"
"3503","193.774184","1.1.1","host","USB","35","0000060000000000","URB_INTERRUPT in"
"3505","193.862203","1.1.1","host","USB","35","0000000000000000","URB_INTERRUPT in"
"3507","193.998212","1.1.1","host","USB","35","0000150000000000","URB_INTERRUPT in"
"3509","194.070223","1.1.1","host","USB","35","0000150800000000","URB_INTERRUPT in"
"3511","194.102226","1.1.1","host","USB","35","0000080000000000","URB_INTERRUPT in"
"3513","194.166225","1.1.1","host","USB","35","0000000000000000","URB_INTERRUPT in"
"3515","194.470264","1.1.1","host","USB","35","00001a0000000000","URB_INTERRUPT in"
"3517","194.566276","1.1.1","host","USB","35","0000000000000000","URB_INTERRUPT in"
"3519","194.630279","1.1.1","host","USB","35","00002c0000000000","URB_INTERRUPT in"
"3521","194.702281","1.1.1","host","USB","35","0000000000000000","URB_INTERRUPT in"
"3523","194.798300","1.1.1","host","USB","35","00000c0000000000","URB_INTERRUPT in"
"3525","194.846297","1.1.1","host","USB","35","00000c1100000000","URB_INTERRUPT in"
"3527","194.886300","1.1.1","host","USB","35","0000110000000000","URB_INTERRUPT in"
"3529","194.918306","1.1.1","host","USB","35","0000000000000000","URB_INTERRUPT in"
"3531","194.998312","1.1.1","host","USB","35","00002c0000000000","URB_INTERRUPT in"
"3533","195.078331","1.1.1","host","USB","35","0000000000000000","URB_INTERRUPT in"
"3535","195.094317","1.1.1","host","USB","35","00001a0000000000","URB_INTERRUPT in"
"3537","195.238338","1.1.1","host","USB","35","00001a0400000000","URB_INTERRUPT in"
"3539","195.254349","1.1.1","host","USB","35","0000040000000000","URB_INTERRUPT in"
"3541","195.302343","1.1.1","host","USB","35","0000000000000000","URB_INTERRUPT in"
"3543","195.366349","1.1.1","host","USB","35","00001c0000000000","URB_INTERRUPT in"
"3545","195.446361","1.1.1","host","USB","35","0000000000000000","URB_INTERRUPT in"
"3547","195.542372","1.1.1","host","USB","35","00002c0000000000","URB_INTERRUPT in"
"3549","195.614378","1.1.1","host","USB","35","0000000000000000","URB_INTERRUPT in"
"3551","195.630383","1.1.1","host","USB","35","0200000000000000","URB_INTERRUPT in"
"3553","195.710387","1.1.1","host","USB","35","02000c0000000000","URB_INTERRUPT in"
"3555","195.766402","1.1.1","host","USB","35","0200000000000000","URB_INTERRUPT in"
"3557","195.790389","1.1.1","host","USB","35","0000000000000000","URB_INTERRUPT in"
"3559","195.846397","1.1.1","host","USB","35","00002c0000000000","URB_INTERRUPT in"
"3561","195.910413","1.1.1","host","USB","35","0000000000000000","URB_INTERRUPT in"
"3563","195.974417","1.1.1","host","USB","35","0000110000000000","URB_INTERRUPT in"
"3565","196.046418","1.1.1","host","USB","35","0000110800000000","URB_INTERRUPT in"
"3567","196.054435","1.1.1","host","USB","35","0000080000000000","URB_INTERRUPT in"
"3569","196.142427","1.1.1","host","USB","35","0000000000000000","URB_INTERRUPT in"
"3571","196.182432","1.1.1","host","USB","35","0000190000000000","URB_INTERRUPT in"
"3573","196.286445","1.1.1","host","USB","35","0000080000000000","URB_INTERRUPT in"
"3575","196.398457","1.1.1","host","USB","35","0000000000000000","URB_INTERRUPT in"
"3577","196.414459","1.1.1","host","USB","35","0000150000000000","URB_INTERRUPT in"
"3579","196.462465","1.1.1","host","USB","35","0000152c00000000","URB_INTERRUPT in"
"3581","196.470466","1.1.1","host","USB","35","00002c0000000000","URB_INTERRUPT in"
"3583","196.558472","1.1.1","host","USB","35","0000000000000000","URB_INTERRUPT in"
"3585","196.630481","1.1.1","host","USB","35","0000170000000000","URB_INTERRUPT in"
"3587","196.702498","1.1.1","host","USB","35","0000170b00000000","URB_INTERRUPT in"
"3589","196.710487","1.1.1","host","USB","35","00000b0000000000","URB_INTERRUPT in"
"3591","196.766498","1.1.1","host","USB","35","0000000000000000","URB_INTERRUPT in"
"3593","196.854503","1.1.1","host","USB","35","0000120000000000","URB_INTERRUPT in"
"3595","196.910525","1.1.1","host","USB","35","0000121800000000","URB_INTERRUPT in"
"3597","196.966528","1.1.1","host","USB","35","0000180000000000","URB_INTERRUPT in"
"3599","196.982532","1.1.1","host","USB","35","0000180a00000000","URB_INTERRUPT in"
"3601","196.990526","1.1.1","host","USB","35","00000a0000000000","URB_INTERRUPT in"
"3603","197.038525","1.1.1","host","USB","35","00000a0b00000000","URB_INTERRUPT in"
"3605","197.078541","1.1.1","host","USB","35","00000b0000000000","URB_INTERRUPT in"
"3607","197.126547","1.1.1","host","USB","35","0000000000000000","URB_INTERRUPT in"
"3609","197.174546","1.1.1","host","USB","35","00002c0000000000","URB_INTERRUPT in"
"3611","197.262562","1.1.1","host","USB","35","0000000000000000","URB_INTERRUPT in"
"3613","197.758607","1.1.1","host","USB","35","00002a0000000000","URB_INTERRUPT in"
"3615","197.822623","1.1.1","host","USB","35","00002a1700000000","URB_INTERRUPT in"
"3617","197.838620","1.1.1","host","USB","35","0000170000000000","URB_INTERRUPT in"
"3619","197.926615","1.1.1","host","USB","35","0000000000000000","URB_INTERRUPT in"
"3621","197.982623","1.1.1","host","USB","35","00002c0000000000","URB_INTERRUPT in"
"3623","198.070635","1.1.1","host","USB","35","0000000000000000","URB_INTERRUPT in"
"3625","198.230649","1.1.1","host","USB","35","0000130000000000","URB_INTERRUPT in"
"3627","198.294661","1.1.1","host","USB","35","0000131200000000","URB_INTERRUPT in"
"3629","198.326662","1.1.1","host","USB","35","0000120000000000","URB_INTERRUPT in"
"3631","198.342667","1.1.1","host","USB","35","0000121600000000","URB_INTERRUPT in"
"3633","198.350665","1.1.1","host","USB","35","0000160000000000","URB_INTERRUPT in"
"3635","198.406676","1.1.1","host","USB","35","0000000000000000","URB_INTERRUPT in"
"3637","198.502681","1.1.1","host","USB","35","0000160000000000","URB_INTERRUPT in"
"3639","198.590689","1.1.1","host","USB","35","0000000000000000","URB_INTERRUPT in"
"3641","198.622692","1.1.1","host","USB","35","00000c0000000000","URB_INTERRUPT in"
"3643","198.694701","1.1.1","host","USB","35","0000000000000000","URB_INTERRUPT in"
"3645","198.710708","1.1.1","host","USB","35","0000050000000000","URB_INTERRUPT in"
"3647","198.798711","1.1.1","host","USB","35","0000000000000000","URB_INTERRUPT in"
"3649","198.918724","1.1.1","host","USB","35","00000f0000000000","URB_INTERRUPT in"
"3651","198.998740","1.1.1","host","USB","35","0000000000000000","URB_INTERRUPT in"
"3653","199.134751","1.1.1","host","USB","35","0000080000000000","URB_INTERRUPT in"
"3655","199.206769","1.1.1","host","USB","35","0000000000000000","URB_INTERRUPT in"
"3657","199.470798","1.1.1","host","USB","35","00002a0000000000","URB_INTERRUPT in"
"3659","199.502793","1.1.1","host","USB","35","0000000000000000","URB_INTERRUPT in"
"3661","199.590799","1.1.1","host","USB","35","00002a0000000000","URB_INTERRUPT in"
"3663","199.646816","1.1.1","host","USB","35","0000000000000000","URB_INTERRUPT in"
"3665","199.654801","1.1.1","host","USB","35","0000080000000000","URB_INTERRUPT in"
"3667","199.718824","1.1.1","host","USB","35","0000000000000000","URB_INTERRUPT in"
"3669","200.134869","1.1.1","host","USB","35","00002a0000000000","URB_INTERRUPT in"
"3671","200.198874","1.1.1","host","USB","35","0000000000000000","URB_INTERRUPT in"
"3673","200.246865","1.1.1","host","USB","35","00000f0000000000","URB_INTERRUPT in"
"3675","200.326880","1.1.1","host","USB","35","00000f0800000000","URB_INTERRUPT in"
"3677","200.334880","1.1.1","host","USB","35","0000080000000000","URB_INTERRUPT in"
"3679","200.390887","1.1.1","host","USB","35","0000000000000000","URB_INTERRUPT in"
"3681","201.302978","1.1.1","host","USB","35","00002c0000000000","URB_INTERRUPT in"
"3683","201.398986","1.1.1","host","USB","35","0000000000000000","URB_INTERRUPT in"
"3685","201.511001","1.1.1","host","USB","35","0000120000000000","URB_INTERRUPT in"
"3687","201.607008","1.1.1","host","USB","35","0000121500000000","URB_INTERRUPT in"
"3689","201.615009","1.1.1","host","USB","35","0000150000000000","URB_INTERRUPT in"
"3691","201.687018","1.1.1","host","USB","35","0000000000000000","URB_INTERRUPT in"
"3693","201.711021","1.1.1","host","USB","35","00002c0000000000","URB_INTERRUPT in"
"3695","201.783028","1.1.1","host","USB","35","0000000000000000","URB_INTERRUPT in"
"3697","201.911042","1.1.1","host","USB","35","0000110000000000","URB_INTERRUPT in"
"3699","202.015053","1.1.1","host","USB","35","0000000000000000","URB_INTERRUPT in"
"3701","202.287085","1.1.1","host","USB","35","0000080000000000","URB_INTERRUPT in"
"3703","202.423112","1.1.1","host","USB","35","0000000000000000","URB_INTERRUPT in"
"3705","203.047180","1.1.1","host","USB","35","0000060000000000","URB_INTERRUPT in"
"3707","203.159190","1.1.1","host","USB","35","0000060800000000","URB_INTERRUPT in"
"3709","203.175183","1.1.1","host","USB","35","0000080000000000","URB_INTERRUPT in"
"3711","203.279203","1.1.1","host","USB","35","0000000000000000","URB_INTERRUPT in"
"3713","203.415200","1.1.1","host","USB","35","0000160000000000","URB_INTERRUPT in"
"3715","203.495211","1.1.1","host","USB","35","0000000000000000","URB_INTERRUPT in"
"3717","203.575220","1.1.1","host","USB","35","0000160000000000","URB_INTERRUPT in"
"3719","203.663227","1.1.1","host","USB","35","0000000000000000","URB_INTERRUPT in"
"3721","203.775242","1.1.1","host","USB","35","0000040000000000","URB_INTERRUPT in"
"3723","203.855254","1.1.1","host","USB","35","0000041500000000","URB_INTERRUPT in"
"3725","203.871249","1.1.1","host","USB","35","0000150000000000","URB_INTERRUPT in"
"3727","203.975262","1.1.1","host","USB","35","0000000000000000","URB_INTERRUPT in"
"3729","204.031264","1.1.1","host","USB","35","00001c0000000000","URB_INTERRUPT in"
"3731","204.127284","1.1.1","host","USB","35","0000000000000000","URB_INTERRUPT in"
"3733","204.359301","1.1.1","host","USB","35","0000370000000000","URB_INTERRUPT in"
"3735","204.463323","1.1.1","host","USB","35","0000000000000000","URB_INTERRUPT in"
"3737","204.559326","1.1.1","host","USB","35","00002c0000000000","URB_INTERRUPT in"
"3739","204.655350","1.1.1","host","USB","35","0000000000000000","URB_INTERRUPT in"
"3741","204.703345","1.1.1","host","USB","35","0200000000000000","URB_INTERRUPT in"
"3743","204.783363","1.1.1","host","USB","35","0200170000000000","URB_INTERRUPT in"
"3745","204.855369","1.1.1","host","USB","35","0000170000000000","URB_INTERRUPT in"
"3747","204.863365","1.1.1","host","USB","35","0000000000000000","URB_INTERRUPT in"
"3749","204.911361","1.1.1","host","USB","35","00000b0000000000","URB_INTERRUPT in"
"3751","204.999376","1.1.1","host","USB","35","0000000000000000","URB_INTERRUPT in"
"3753","205.007370","1.1.1","host","USB","35","0000080000000000","URB_INTERRUPT in"
"3755","205.079391","1.1.1","host","USB","35","0000000000000000","URB_INTERRUPT in"
"3757","205.111387","1.1.1","host","USB","35","00002c0000000000","URB_INTERRUPT in"
"3759","205.191401","1.1.1","host","USB","35","0000000000000000","URB_INTERRUPT in"
"3761","205.607440","1.1.1","host","USB","35","0000090000000000","URB_INTERRUPT in"
"3763","205.687459","1.1.1","host","USB","35","0000000000000000","URB_INTERRUPT in"
"3765","205.743455","1.1.1","host","USB","35","00000c0000000000","URB_INTERRUPT in"
"3767","205.823467","1.1.1","host","USB","35","0000000000000000","URB_INTERRUPT in"
"3769","206.791565","1.1.1","host","USB","35","0000150000000000","URB_INTERRUPT in"
"3771","206.895573","1.1.1","host","USB","35","0000000000000000","URB_INTERRUPT in"
"3773","206.967581","1.1.1","host","USB","35","0000160000000000","URB_INTERRUPT in"
"3775","207.087595","1.1.1","host","USB","35","0000161700000000","URB_INTERRUPT in"
"3777","207.095598","1.1.1","host","USB","35","0000170000000000","URB_INTERRUPT in"
"3779","207.175603","1.1.1","host","USB","35","0000000000000000","URB_INTERRUPT in"
"3781","207.191609","1.1.1","host","USB","35","00002c0000000000","URB_INTERRUPT in"
"3783","207.295623","1.1.1","host","USB","35","0000000000000000","URB_INTERRUPT in"
"3785","207.399626","1.1.1","host","USB","35","0000170000000000","URB_INTERRUPT in"
"3787","207.503643","1.1.1","host","USB","35","0000000000000000","URB_INTERRUPT in"
"3789","207.543641","1.1.1","host","USB","35","00000c0000000000","URB_INTERRUPT in"
"3791","207.591647","1.1.1","host","USB","35","00000c1000000000","URB_INTERRUPT in"
"3793","207.639659","1.1.1","host","USB","35","0000100000000000","URB_INTERRUPT in"
"3795","207.687662","1.1.1","host","USB","35","0000000000000000","URB_INTERRUPT in"
"3797","207.695666","1.1.1","host","USB","35","0000080000000000","URB_INTERRUPT in"
"3799","207.791677","1.1.1","host","USB","35","0000000000000000","URB_INTERRUPT in"
"3801","207.847685","1.1.1","host","USB","35","00002c0000000000","URB_INTERRUPT in"
"3803","207.999696","1.1.1","host","USB","35","0000000000000000","URB_INTERRUPT in"
"3805","208.871786","1.1.1","host","USB","35","0200000000000000","URB_INTERRUPT in"
"3807","208.927788","1.1.1","host","USB","35","02000c0000000000","URB_INTERRUPT in"
"3809","208.983802","1.1.1","host","USB","35","0200000000000000","URB_INTERRUPT in"
"3811","208.999805","1.1.1","host","USB","35","0000000000000000","URB_INTERRUPT in"
"3813","209.087805","1.1.1","host","USB","35","00002c0000000000","URB_INTERRUPT in"
"3815","209.175817","1.1.1","host","USB","35","0000000000000000","URB_INTERRUPT in"
"3817","209.295829","1.1.1","host","USB","35","00000f0000000000","URB_INTERRUPT in"
"3819","209.383837","1.1.1","host","USB","35","0000000000000000","URB_INTERRUPT in"
"3821","209.399838","1.1.1","host","USB","35","0000080000000000","URB_INTERRUPT in"
"3823","209.503852","1.1.1","host","USB","35","0000080400000000","URB_INTERRUPT in"
"3825","209.527854","1.1.1","host","USB","35","0000040000000000","URB_INTERRUPT in"
"3827","209.599857","1.1.1","host","USB","35","0000000000000000","URB_INTERRUPT in"
"3829","209.655867","1.1.1","host","USB","35","0000150000000000","URB_INTERRUPT in"
"3831","209.751878","1.1.1","host","USB","35","0000000000000000","URB_INTERRUPT in"
"3833","209.807880","1.1.1","host","USB","35","0000110000000000","URB_INTERRUPT in"
"3835","209.879892","1.1.1","host","USB","35","0000000000000000","URB_INTERRUPT in"
"3837","209.927893","1.1.1","host","USB","35","0000080000000000","URB_INTERRUPT in"
"3839","210.047908","1.1.1","host","USB","35","0000000000000000","URB_INTERRUPT in"
"3841","210.159927","1.1.1","host","USB","35","0000070000000000","URB_INTERRUPT in"
"3843","210.223940","1.1.1","host","USB","35","0000000000000000","URB_INTERRUPT in"
"3845","210.231936","1.1.1","host","USB","35","00002c0000000000","URB_INTERRUPT in"
"3847","210.343947","1.1.1","host","USB","35","0000000000000000","URB_INTERRUPT in"
"3849","210.375946","1.1.1","host","USB","35","0000040000000000","URB_INTERRUPT in"
"3851","210.463963","1.1.1","host","USB","35","0000040500000000","URB_INTERRUPT in"
"3853","210.471958","1.1.1","host","USB","35","0000050000000000","URB_INTERRUPT in"
"3855","210.543974","1.1.1","host","USB","35","0000000000000000","URB_INTERRUPT in"
"3857","210.639981","1.1.1","host","USB","35","0000120000000000","URB_INTERRUPT in"
"3859","210.735996","1.1.1","host","USB","35","0000121800000000","URB_INTERRUPT in"
"3861","210.824007","1.1.1","host","USB","35","0000180000000000","URB_INTERRUPT in"
"3863","210.840002","1.1.1","host","USB","35","0000000000000000","URB_INTERRUPT in"
"3865","210.888000","1.1.1","host","USB","35","0000170000000000","URB_INTERRUPT in"
"3867","210.976011","1.1.1","host","USB","35","0000000000000000","URB_INTERRUPT in"
"3869","211.032019","1.1.1","host","USB","35","00002c0000000000","URB_INTERRUPT in"
"3871","211.144030","1.1.1","host","USB","35","0000000000000000","URB_INTERRUPT in"
"3873","211.632085","1.1.1","host","USB","35","0000170000000000","URB_INTERRUPT in"
"3875","211.712099","1.1.1","host","USB","35","0000000000000000","URB_INTERRUPT in"
"3877","211.728096","1.1.1","host","USB","35","00000b0000000000","URB_INTERRUPT in"
"3879","211.784097","1.1.1","host","USB","35","00000b0c00000000","URB_INTERRUPT in"
"3881","211.832109","1.1.1","host","USB","35","00000c0000000000","URB_INTERRUPT in"
"3883","211.872108","1.1.1","host","USB","35","0000000000000000","URB_INTERRUPT in"
"3885","211.896111","1.1.1","host","USB","35","0000160000000000","URB_INTERRUPT in"
"3887","212.000125","1.1.1","host","USB","35","0000162c00000000","URB_INTERRUPT in"
"3889","212.008123","1.1.1","host","USB","35","00002c0000000000","URB_INTERRUPT in"
"3891","212.088139","1.1.1","host","USB","35","0000000000000000","URB_INTERRUPT in"
"3893","212.480165","1.1.1","host","USB","35","00002a0000000000","URB_INTERRUPT in"
"3895","212.528177","1.1.1","host","USB","35","0000000000000000","URB_INTERRUPT in"
"3897","212.704199","1.1.1","host","USB","35","0000360000000000","URB_INTERRUPT in"
"3899","212.760199","1.1.1","host","USB","35","0000362c00000000","URB_INTERRUPT in"
"3901","212.808201","1.1.1","host","USB","35","00002c0000000000","URB_INTERRUPT in"
"3903","212.872216","1.1.1","host","USB","35","0000000000000000","URB_INTERRUPT in"
"3905","213.008221","1.1.1","host","USB","35","0000100000000000","URB_INTERRUPT in"
"3907","213.120236","1.1.1","host","USB","35","0000000000000000","URB_INTERRUPT in"
"3909","213.144244","1.1.1","host","USB","35","00001c0000000000","URB_INTERRUPT in"
"3911","213.240247","1.1.1","host","USB","35","0000000000000000","URB_INTERRUPT in"
"3913","213.288260","1.1.1","host","USB","35","00002c0000000000","URB_INTERRUPT in"
"3915","213.400279","1.1.1","host","USB","35","0000000000000000","URB_INTERRUPT in"
"3917","213.856342","1.1.1","host","USB","35","00000c0000000000","URB_INTERRUPT in"
"3919","213.920335","1.1.1","host","USB","35","00000c1000000000","URB_INTERRUPT in"
"3921","213.952337","1.1.1","host","USB","35","0000100000000000","URB_INTERRUPT in"
"3923","214.000340","1.1.1","host","USB","35","0000000000000000","URB_INTERRUPT in"
"3925","214.096344","1.1.1","host","USB","35","0000100000000000","URB_INTERRUPT in"
"3927","214.200365","1.1.1","host","USB","35","0000000000000000","URB_INTERRUPT in"
"3929","214.208351","1.1.1","host","USB","35","0000080000000000","URB_INTERRUPT in"
"3931","214.288365","1.1.1","host","USB","35","0000000000000000","URB_INTERRUPT in"
"3933","214.376379","1.1.1","host","USB","35","0000070000000000","URB_INTERRUPT in"
"3935","214.464380","1.1.1","host","USB","35","0000000000000000","URB_INTERRUPT in"
"3937","214.480386","1.1.1","host","USB","35","00000c0000000000","URB_INTERRUPT in"
"3939","214.568388","1.1.1","host","USB","35","0000000000000000","URB_INTERRUPT in"
"3941","214.584391","1.1.1","host","USB","35","0000040000000000","URB_INTERRUPT in"
"3943","214.664402","1.1.1","host","USB","35","0000000000000000","URB_INTERRUPT in"
"3945","214.752417","1.1.1","host","USB","35","0000170000000000","URB_INTERRUPT in"
"3947","214.816415","1.1.1","host","USB","35","0000170800000000","URB_INTERRUPT in"
"3949","214.848418","1.1.1","host","USB","35","0000080000000000","URB_INTERRUPT in"
"3951","214.888421","1.1.1","host","USB","35","0000000000000000","URB_INTERRUPT in"
"3953","214.904425","1.1.1","host","USB","35","00002c0000000000","URB_INTERRUPT in"
"3955","215.016436","1.1.1","host","USB","35","0000000000000000","URB_INTERRUPT in"
"3957","215.048439","1.1.1","host","USB","35","0000150000000000","URB_INTERRUPT in"
"3959","215.120447","1.1.1","host","USB","35","0000150800000000","URB_INTERRUPT in"
"3961","215.152452","1.1.1","host","USB","35","0000080000000000","URB_INTERRUPT in"
"3963","215.192452","1.1.1","host","USB","35","0000000000000000","URB_INTERRUPT in"
"3965","215.264462","1.1.1","host","USB","35","0000160000000000","URB_INTERRUPT in"
"3967","215.336469","1.1.1","host","USB","35","0000000000000000","URB_INTERRUPT in"
"3969","215.360472","1.1.1","host","USB","35","0000130000000000","URB_INTERRUPT in"
"3971","215.432479","1.1.1","host","USB","35","0000131200000000","URB_INTERRUPT in"
"3973","215.472490","1.1.1","host","USB","35","0000120000000000","URB_INTERRUPT in"
"3975","215.496493","1.1.1","host","USB","35","0000000000000000","URB_INTERRUPT in"
"3977","215.616507","1.1.1","host","USB","35","0000110000000000","URB_INTERRUPT in"
"3979","215.672511","1.1.1","host","USB","35","0000111600000000","URB_INTERRUPT in"
"3981","215.696521","1.1.1","host","USB","35","0000160000000000","URB_INTERRUPT in"
"3983","215.704513","1.1.1","host","USB","35","0000160800000000","URB_INTERRUPT in"
"3985","215.760528","1.1.1","host","USB","35","0000080000000000","URB_INTERRUPT in"
"3987","215.784525","1.1.1","host","USB","35","0000000000000000","URB_INTERRUPT in"
"3989","215.816530","1.1.1","host","USB","35","00002c0000000000","URB_INTERRUPT in"
"3991","215.920537","1.1.1","host","USB","35","0000000000000000","URB_INTERRUPT in"
"3993","215.936546","1.1.1","host","USB","35","00001a0000000000","URB_INTERRUPT in"
"3995","216.032551","1.1.1","host","USB","35","0000000000000000","URB_INTERRUPT in"
"3997","216.048547","1.1.1","host","USB","35","0000040000000000","URB_INTERRUPT in"
"3999","216.144572","1.1.1","host","USB","35","0000041600000000","URB_INTERRUPT in"
"4001","216.184574","1.1.1","host","USB","35","0000160000000000","URB_INTERRUPT in"
"4003","216.240576","1.1.1","host","USB","35","0000000000000000","URB_INTERRUPT in"
"4005","216.248567","1.1.1","host","USB","35","00002c0000000000","URB_INTERRUPT in"
"4007","216.320590","1.1.1","host","USB","35","00002c0400000000","URB_INTERRUPT in"
"4009","216.336581","1.1.1","host","USB","35","0000040000000000","URB_INTERRUPT in"
"4011","216.416601","1.1.1","host","USB","35","0000000000000000","URB_INTERRUPT in"
"4013","216.432598","1.1.1","host","USB","35","00002c0000000000","URB_INTERRUPT in"
"4015","216.536616","1.1.1","host","USB","35","0000000000000000","URB_INTERRUPT in"
"4017","216.640618","1.1.1","host","USB","35","0000050000000000","URB_INTERRUPT in"
"4019","216.720633","1.1.1","host","USB","35","0000000000000000","URB_INTERRUPT in"
"4021","216.776633","1.1.1","host","USB","35","0000080000000000","URB_INTERRUPT in"
"4023","216.832633","1.1.1","host","USB","35","0000000000000000","URB_INTERRUPT in"
"4025","217.176681","1.1.1","host","USB","35","00001a0000000000","URB_INTERRUPT in"
"4027","217.248687","1.1.1","host","USB","35","0000000000000000","URB_INTERRUPT in"
"4029","217.272684","1.1.1","host","USB","35","00000c0000000000","URB_INTERRUPT in"
"4031","217.360690","1.1.1","host","USB","35","0000000000000000","URB_INTERRUPT in"
"4033","217.472704","1.1.1","host","USB","35","00000f0000000000","URB_INTERRUPT in"
"4035","217.568721","1.1.1","host","USB","35","0000000000000000","URB_INTERRUPT in"
"4037","217.624726","1.1.1","host","USB","35","0000070000000000","URB_INTERRUPT in"
"4039","217.720724","1.1.1","host","USB","35","0000000000000000","URB_INTERRUPT in"
"4041","217.768726","1.1.1","host","USB","35","0000080000000000","URB_INTERRUPT in"
"4043","217.904745","1.1.1","host","USB","35","0000000000000000","URB_INTERRUPT in"
"4045","217.912742","1.1.1","host","USB","35","0000150000000000","URB_INTERRUPT in"
"4047","218.032755","1.1.1","host","USB","35","0000150800000000","URB_INTERRUPT in"
"4049","218.056759","1.1.1","host","USB","35","0000080000000000","URB_INTERRUPT in"
"4051","218.136764","1.1.1","host","USB","35","0000000000000000","URB_INTERRUPT in"
"4053","218.224777","1.1.1","host","USB","35","0000070000000000","URB_INTERRUPT in"
"4055","218.296784","1.1.1","host","USB","35","0000072c00000000","URB_INTERRUPT in"
"4057","218.312785","1.1.1","host","USB","35","00002c0000000000","URB_INTERRUPT in"
"4059","218.400797","1.1.1","host","USB","35","0000000000000000","URB_INTERRUPT in"
"4061","218.608818","1.1.1","host","USB","35","00001a0000000000","URB_INTERRUPT in"
"4063","218.720831","1.1.1","host","USB","35","0000000000000000","URB_INTERRUPT in"
"4065","218.744832","1.1.1","host","USB","35","00000b0000000000","URB_INTERRUPT in"
"4067","218.880856","1.1.1","host","USB","35","00000b1c00000000","URB_INTERRUPT in"
"4069","218.888852","1.1.1","host","USB","35","00001c0000000000","URB_INTERRUPT in"
"4071","218.960867","1.1.1","host","USB","35","0000000000000000","URB_INTERRUPT in"
"4073","219.376904","1.1.1","host","USB","35","0100000000000000","URB_INTERRUPT in"
"4075","219.472915","1.1.1","host","USB","35","01002a0000000000","URB_INTERRUPT in"
"4077","219.552932","1.1.1","host","USB","35","0000000000000000","URB_INTERRUPT in"
"4079","219.664945","1.1.1","host","USB","35","0200000000000000","URB_INTERRUPT in"
"4081","219.760970","1.1.1","host","USB","35","0200340000000000","URB_INTERRUPT in"
"4083","219.864950","1.1.1","host","USB","35","0200000000000000","URB_INTERRUPT in"
"4085","220.016976","1.1.1","host","USB","35","02001a0000000000","URB_INTERRUPT in"
"4087","220.088976","1.1.1","host","USB","35","0000000000000000","URB_INTERRUPT in"
"4089","220.361006","1.1.1","host","USB","35","00002a0000000000","URB_INTERRUPT in"
"4091","220.377007","1.1.1","host","USB","35","0000000000000000","URB_INTERRUPT in"
"4093","220.393007","1.1.1","host","USB","35","00001a0000000000","URB_INTERRUPT in"
"4095","220.465014","1.1.1","host","USB","35","0000000000000000","URB_INTERRUPT in"
"4097","220.617029","1.1.1","host","USB","35","00000b0000000000","URB_INTERRUPT in"
"4099","220.697039","1.1.1","host","USB","35","00000b1c00000000","URB_INTERRUPT in"
"4101","220.753050","1.1.1","host","USB","35","00001c0000000000","URB_INTERRUPT in"
"4103","220.785055","1.1.1","host","USB","35","0000000000000000","URB_INTERRUPT in"
"4105","221.801162","1.1.1","host","USB","35","0200000000000000","URB_INTERRUPT in"
"4107","221.961189","1.1.1","host","USB","35","0200340000000000","URB_INTERRUPT in"
"4109","222.041191","1.1.1","host","USB","35","0200000000000000","URB_INTERRUPT in"
"4111","222.257213","1.1.1","host","USB","35","0000000000000000","URB_INTERRUPT in"
"4113","222.377232","1.1.1","host","USB","35","00002a0000000000","URB_INTERRUPT in"
"4115","222.529249","1.1.1","host","USB","35","0000000000000000","URB_INTERRUPT in"
"4117","222.601249","1.1.1","host","USB","35","0200000000000000","URB_INTERRUPT in"
"4119","223.105310","1.1.1","host","USB","35","0200380000000000","URB_INTERRUPT in"
"4121","223.169307","1.1.1","host","USB","35","0200000000000000","URB_INTERRUPT in"
"4123","223.345321","1.1.1","host","USB","35","0200340000000000","URB_INTERRUPT in"
"4125","223.481335","1.1.1","host","USB","35","0200000000000000","URB_INTERRUPT in"
"4127","223.881380","1.1.1","host","USB","35","0000000000000000","URB_INTERRUPT in"
"4129","224.737705","1.1.1","host","USB","35","00002c0000000000","URB_INTERRUPT in"
"4131","224.801490","1.1.1","host","USB","35","0000000000000000","URB_INTERRUPT in"
"4133","224.897503","1.1.1","host","USB","35","0000090000000000","URB_INTERRUPT in"
"4135","224.985511","1.1.1","host","USB","35","0000000000000000","URB_INTERRUPT in"
"4137","225.009502","1.1.1","host","USB","35","0000120000000000","URB_INTERRUPT in"
"4139","225.033507","1.1.1","host","USB","35","0000000000000000","URB_INTERRUPT in"
"4141","225.161518","1.1.1","host","USB","35","00000f0000000000","URB_INTERRUPT in"
"4143","225.249533","1.1.1","host","USB","35","0000000000000000","URB_INTERRUPT in"
"4145","225.321538","1.1.1","host","USB","35","00000f0000000000","URB_INTERRUPT in"
"4147","225.393549","1.1.1","host","USB","35","0000000000000000","URB_INTERRUPT in"
"4149","225.577561","1.1.1","host","USB","35","0000120000000000","URB_INTERRUPT in"
"4151","225.657567","1.1.1","host","USB","35","0000000000000000","URB_INTERRUPT in"
"4153","225.697570","1.1.1","host","USB","35","00001a0000000000","URB_INTERRUPT in"
"4155","225.777582","1.1.1","host","USB","35","0000000000000000","URB_INTERRUPT in"
"4157","225.913594","1.1.1","host","USB","35","0000080000000000","URB_INTERRUPT in"
"4159","225.929594","1.1.1","host","USB","35","0000000000000000","URB_INTERRUPT in"
"4161","226.001604","1.1.1","host","USB","35","0000070000000000","URB_INTERRUPT in"
"4163","226.089614","1.1.1","host","USB","35","0000000000000000","URB_INTERRUPT in"
"4165","226.113615","1.1.1","host","USB","35","00002c0000000000","URB_INTERRUPT in"
"4167","226.225629","1.1.1","host","USB","35","0000000000000000","URB_INTERRUPT in"
"4169","226.329640","1.1.1","host","USB","35","0000050000000000","URB_INTERRUPT in"
"4171","226.401647","1.1.1","host","USB","35","0000051c00000000","URB_INTERRUPT in"
"4173","226.449651","1.1.1","host","USB","35","00001c0000000000","URB_INTERRUPT in"
"4175","226.473653","1.1.1","host","USB","35","0000000000000000","URB_INTERRUPT in"
"4177","226.569668","1.1.1","host","USB","35","00002c0000000000","URB_INTERRUPT in"
"4179","226.625681","1.1.1","host","USB","35","0000000000000000","URB_INTERRUPT in"
"4181","226.641671","1.1.1","host","USB","35","0000040000000000","URB_INTERRUPT in"
"4183","226.721696","1.1.1","host","USB","35","0000000000000000","URB_INTERRUPT in"
"4185","226.729689","1.1.1","host","USB","35","00002c0000000000","URB_INTERRUPT in"
"4187","226.793702","1.1.1","host","USB","35","0000000000000000","URB_INTERRUPT in"
"4189","226.881706","1.1.1","host","USB","35","0000160000000000","URB_INTERRUPT in"
"4191","226.977714","1.1.1","host","USB","35","0000000000000000","URB_INTERRUPT in"
"4193","227.001719","1.1.1","host","USB","35","00000f0000000000","URB_INTERRUPT in"
"4195","227.057722","1.1.1","host","USB","35","0000000000000000","URB_INTERRUPT in"
"4197","227.129732","1.1.1","host","USB","35","0000120000000000","URB_INTERRUPT in"
"4199","227.217738","1.1.1","host","USB","35","0000000000000000","URB_INTERRUPT in"
"4201","227.233736","1.1.1","host","USB","35","00001a0000000000","URB_INTERRUPT in"
"4203","227.297747","1.1.1","host","USB","35","0000000000000000","URB_INTERRUPT in"
"4205","227.321752","1.1.1","host","USB","35","00002c0000000000","URB_INTERRUPT in"
"4207","227.417760","1.1.1","host","USB","35","0000000000000000","URB_INTERRUPT in"
"4209","227.481766","1.1.1","host","USB","35","0000060000000000","URB_INTERRUPT in"
"4211","227.569787","1.1.1","host","USB","35","0000000000000000","URB_INTERRUPT in"
"4213","227.689796","1.1.1","host","USB","35","0000150000000000","URB_INTERRUPT in"
"4215","227.769809","1.1.1","host","USB","35","0000150800000000","URB_INTERRUPT in"
"4217","227.793809","1.1.1","host","USB","35","0000080000000000","URB_INTERRUPT in"
"4219","227.833806","1.1.1","host","USB","35","0000000000000000","URB_INTERRUPT in"
"4221","227.937815","1.1.1","host","USB","35","0000080000000000","URB_INTERRUPT in"
"4223","228.001831","1.1.1","host","USB","35","0000000000000000","URB_INTERRUPT in"
"4225","228.233845","1.1.1","host","USB","35","0000130000000000","URB_INTERRUPT in"
"4227","228.329867","1.1.1","host","USB","35","0000000000000000","URB_INTERRUPT in"
"4229","228.481872","1.1.1","host","USB","35","00000c0000000000","URB_INTERRUPT in"
"4231","228.553889","1.1.1","host","USB","35","00000c1100000000","URB_INTERRUPT in"
"4233","228.601895","1.1.1","host","USB","35","0000110000000000","URB_INTERRUPT in"
"4235","228.625885","1.1.1","host","USB","35","0000000000000000","URB_INTERRUPT in"
"4237","228.633893","1.1.1","host","USB","35","00000a0000000000","URB_INTERRUPT in"
"4239","228.705901","1.1.1","host","USB","35","0000000000000000","URB_INTERRUPT in"
"4241","228.713890","1.1.1","host","USB","35","00002c0000000000","URB_INTERRUPT in"
"4243","228.801902","1.1.1","host","USB","35","0000000000000000","URB_INTERRUPT in"
"4245","228.841903","1.1.1","host","USB","35","0000070000000000","URB_INTERRUPT in"
"4247","228.937915","1.1.1","host","USB","35","0000000000000000","URB_INTERRUPT in"
"4249","228.953914","1.1.1","host","USB","35","00000c0000000000","URB_INTERRUPT in"
"4251","229.033933","1.1.1","host","USB","35","0000000000000000","URB_INTERRUPT in"
"4253","229.041923","1.1.1","host","USB","35","0000160000000000","URB_INTERRUPT in"
"4255","229.105935","1.1.1","host","USB","35","0000000000000000","URB_INTERRUPT in"
"4257","229.225947","1.1.1","host","USB","35","0000060000000000","URB_INTERRUPT in"
"4259","229.313955","1.1.1","host","USB","35","0000000000000000","URB_INTERRUPT in"
"4261","229.337958","1.1.1","host","USB","35","0000120000000000","URB_INTERRUPT in"
"4263","229.417966","1.1.1","host","USB","35","0000000000000000","URB_INTERRUPT in"
"4265","229.553982","1.1.1","host","USB","35","0000100000000000","URB_INTERRUPT in"
"4267","229.641992","1.1.1","host","USB","35","0000000000000000","URB_INTERRUPT in"
"4269","229.890018","1.1.1","host","USB","35","0000090000000000","URB_INTERRUPT in"
"4271","229.994046","1.1.1","host","USB","35","0000000000000000","URB_INTERRUPT in"
"4273","230.034046","1.1.1","host","USB","35","0000120000000000","URB_INTERRUPT in"
"4275","230.130049","1.1.1","host","USB","35","0000121500000000","URB_INTERRUPT in"
"4277","230.138058","1.1.1","host","USB","35","0000150000000000","URB_INTERRUPT in"
"4279","230.210064","1.1.1","host","USB","35","0000000000000000","URB_INTERRUPT in"
"4281","230.346077","1.1.1","host","USB","35","0000170000000000","URB_INTERRUPT in"
"4283","230.426090","1.1.1","host","USB","35","0000000000000000","URB_INTERRUPT in"
"4285","230.586106","1.1.1","host","USB","35","00002c0000000000","URB_INTERRUPT in"
"4287","230.690109","1.1.1","host","USB","35","0000000000000000","URB_INTERRUPT in"
"4289","230.714108","1.1.1","host","USB","35","0000170000000000","URB_INTERRUPT in"
"4291","230.786121","1.1.1","host","USB","35","0000000000000000","URB_INTERRUPT in"
"4293","230.818125","1.1.1","host","USB","35","00000b0000000000","URB_INTERRUPT in"
"4295","230.874122","1.1.1","host","USB","35","00000b0400000000","URB_INTERRUPT in"
"4297","230.890134","1.1.1","host","USB","35","0000040000000000","URB_INTERRUPT in"
"4299","230.938128","1.1.1","host","USB","35","0000041700000000","URB_INTERRUPT in"
"4301","230.962130","1.1.1","host","USB","35","0000170000000000","URB_INTERRUPT in"
"4303","231.010136","1.1.1","host","USB","35","0000172c00000000","URB_INTERRUPT in"
"4305","231.018137","1.1.1","host","USB","35","00002c0000000000","URB_INTERRUPT in"
"4307","231.082145","1.1.1","host","USB","35","0000000000000000","URB_INTERRUPT in"
"4309","231.122149","1.1.1","host","USB","35","0200000000000000","URB_INTERRUPT in"
"4311","231.170156","1.1.1","host","USB","35","02000c0000000000","URB_INTERRUPT in"
"4313","231.242172","1.1.1","host","USB","35","0200000000000000","URB_INTERRUPT in"
"4315","231.266162","1.1.1","host","USB","35","0000000000000000","URB_INTERRUPT in"
"4317","231.298173","1.1.1","host","USB","35","00002c0000000000","URB_INTERRUPT in"
"4319","231.386179","1.1.1","host","USB","35","0000000000000000","URB_INTERRUPT in"
"4321","231.474185","1.1.1","host","USB","35","00000b0000000000","URB_INTERRUPT in"
"4323","231.562204","1.1.1","host","USB","35","0000000000000000","URB_INTERRUPT in"
"4325","231.610199","1.1.1","host","USB","35","0000040000000000","URB_INTERRUPT in"
"4327","231.706217","1.1.1","host","USB","35","0000000000000000","URB_INTERRUPT in"
"4329","231.738222","1.1.1","host","USB","35","0000190000000000","URB_INTERRUPT in"
"4331","231.826232","1.1.1","host","USB","35","0000000000000000","URB_INTERRUPT in"
"4333","231.890228","1.1.1","host","USB","35","0000050000000000","URB_INTERRUPT in"
"4335","231.930233","1.1.1","host","USB","35","0000000000000000","URB_INTERRUPT in"
"4337","232.618315","1.1.1","host","USB","35","00002a0000000000","URB_INTERRUPT in"
"4339","232.682318","1.1.1","host","USB","35","0000000000000000","URB_INTERRUPT in"
"4341","232.802344","1.1.1","host","USB","35","0000110000000000","URB_INTERRUPT in"
"4343","232.866349","1.1.1","host","USB","35","0000000000000000","URB_INTERRUPT in"
"4345","232.994352","1.1.1","host","USB","35","0000340000000000","URB_INTERRUPT in"
"4347","233.082368","1.1.1","host","USB","35","0000000000000000","URB_INTERRUPT in"
"4349","233.090358","1.1.1","host","USB","35","0000170000000000","URB_INTERRUPT in"
"4351","233.154377","1.1.1","host","USB","35","0000000000000000","URB_INTERRUPT in"
"4353","233.194378","1.1.1","host","USB","35","00002c0000000000","URB_INTERRUPT in"
"4355","233.250380","1.1.1","host","USB","35","0000000000000000","URB_INTERRUPT in"
"4357","233.338392","1.1.1","host","USB","35","0000050000000000","URB_INTERRUPT in"
"4359","233.410400","1.1.1","host","USB","35","0000050800000000","URB_INTERRUPT in"
"4361","233.418412","1.1.1","host","USB","35","0000080000000000","URB_INTERRUPT in"
"4363","233.458400","1.1.1","host","USB","35","0000000000000000","URB_INTERRUPT in"
"4365","233.562412","1.1.1","host","USB","35","0000080000000000","URB_INTERRUPT in"
"4367","233.594416","1.1.1","host","USB","35","0000081100000000","URB_INTERRUPT in"
"4369","233.610427","1.1.1","host","USB","35","0000110000000000","URB_INTERRUPT in"
"4371","233.666433","1.1.1","host","USB","35","0000000000000000","URB_INTERRUPT in"
"4373","233.730439","1.1.1","host","USB","35","00002c0000000000","URB_INTERRUPT in"
"4375","233.826451","1.1.1","host","USB","35","0000000000000000","URB_INTERRUPT in"
"4377","233.866453","1.1.1","host","USB","35","0000040000000000","URB_INTERRUPT in"
"4379","233.938456","1.1.1","host","USB","35","0000000000000000","URB_INTERRUPT in"
"4381","233.954460","1.1.1","host","USB","35","0000050000000000","URB_INTERRUPT in"
"4383","234.042474","1.1.1","host","USB","35","0000000000000000","URB_INTERRUPT in"
"4385","234.354491","1.1.1","host","USB","35","00000f0000000000","URB_INTERRUPT in"
"4387","234.466505","1.1.1","host","USB","35","0000000000000000","URB_INTERRUPT in"
"4389","234.490505","1.1.1","host","USB","35","0000080000000000","URB_INTERRUPT in"
"4391","234.562516","1.1.1","host","USB","35","0000000000000000","URB_INTERRUPT in"
"4393","234.586514","1.1.1","host","USB","35","00002c0000000000","URB_INTERRUPT in"
"4395","234.658526","1.1.1","host","USB","35","0000000000000000","URB_INTERRUPT in"
"4397","234.706532","1.1.1","host","USB","35","0000170000000000","URB_INTERRUPT in"
"4399","234.754537","1.1.1","host","USB","35","0000171200000000","URB_INTERRUPT in"
"4401","234.770544","1.1.1","host","USB","35","0000120000000000","URB_INTERRUPT in"
"4403","234.810548","1.1.1","host","USB","35","0000000000000000","URB_INTERRUPT in"
"4405","234.890559","1.1.1","host","USB","35","00002c0000000000","URB_INTERRUPT in"
"4407","234.978558","1.1.1","host","USB","35","0000000000000000","URB_INTERRUPT in"
"4409","234.986558","1.1.1","host","USB","35","0000160000000000","URB_INTERRUPT in"
"4411","235.074571","1.1.1","host","USB","35","0000000000000000","URB_INTERRUPT in"
"4413","235.098570","1.1.1","host","USB","35","00000b0000000000","URB_INTERRUPT in"
"4415","235.186580","1.1.1","host","USB","35","0000000000000000","URB_INTERRUPT in"
"4417","235.194579","1.1.1","host","USB","35","0000040000000000","URB_INTERRUPT in"
"4419","235.290590","1.1.1","host","USB","35","0000041500000000","URB_INTERRUPT in"
"4421","235.298597","1.1.1","host","USB","35","0000150000000000","URB_INTERRUPT in"
"4423","235.346612","1.1.1","host","USB","35","0000000000000000","URB_INTERRUPT in"
"4425","235.362598","1.1.1","host","USB","35","00000e0000000000","URB_INTERRUPT in"
"4427","235.450622","1.1.1","host","USB","35","0000000000000000","URB_INTERRUPT in"
"4429","236.106692","1.1.1","host","USB","35","0000080000000000","URB_INTERRUPT in"
"4431","236.170695","1.1.1","host","USB","35","0000000000000000","URB_INTERRUPT in"
"4433","236.202697","1.1.1","host","USB","35","00002c0000000000","URB_INTERRUPT in"
"4435","236.250705","1.1.1","host","USB","35","0000000000000000","URB_INTERRUPT in"
"4437","236.378704","1.1.1","host","USB","35","0000120000000000","URB_INTERRUPT in"
"4439","236.426713","1.1.1","host","USB","35","0000000000000000","URB_INTERRUPT in"
"4441","236.474715","1.1.1","host","USB","35","0000090000000000","URB_INTERRUPT in"
"4443","236.546725","1.1.1","host","USB","35","0000000000000000","URB_INTERRUPT in"
"4445","236.682738","1.1.1","host","USB","35","00002a0000000000","URB_INTERRUPT in"
"4447","236.738745","1.1.1","host","USB","35","0000000000000000","URB_INTERRUPT in"
"4449","236.818758","1.1.1","host","USB","35","00002a0000000000","URB_INTERRUPT in"
"4451","236.866758","1.1.1","host","USB","35","0000000000000000","URB_INTERRUPT in"
"4453","236.938776","1.1.1","host","USB","35","00002a0000000000","URB_INTERRUPT in"
"4455","237.002772","1.1.1","host","USB","35","0000000000000000","URB_INTERRUPT in"
"4457","237.074781","1.1.1","host","USB","35","00002a0000000000","URB_INTERRUPT in"
"4459","237.146792","1.1.1","host","USB","35","0000000000000000","URB_INTERRUPT in"
"4461","237.218796","1.1.1","host","USB","35","00002a0000000000","URB_INTERRUPT in"
"4463","237.274802","1.1.1","host","USB","35","0000000000000000","URB_INTERRUPT in"
"4465","237.346807","1.1.1","host","USB","35","00002a0000000000","URB_INTERRUPT in"
"4467","237.466825","1.1.1","host","USB","35","00002a0f00000000","URB_INTERRUPT in"
"4469","237.498835","1.1.1","host","USB","35","00000f0000000000","URB_INTERRUPT in"
"4471","237.578848","1.1.1","host","USB","35","0000000000000000","URB_INTERRUPT in"
"4473","237.594847","1.1.1","host","USB","35","0000080000000000","URB_INTERRUPT in"
"4475","237.642850","1.1.1","host","USB","35","0000000000000000","URB_INTERRUPT in"
"4477","237.714864","1.1.1","host","USB","35","00002c0000000000","URB_INTERRUPT in"
"4479","237.754859","1.1.1","host","USB","35","0000000000000000","URB_INTERRUPT in"
"4481","237.866871","1.1.1","host","USB","35","0000120000000000","URB_INTERRUPT in"
"4483","237.914878","1.1.1","host","USB","35","0000000000000000","URB_INTERRUPT in"
"4485","237.986885","1.1.1","host","USB","35","0000090000000000","URB_INTERRUPT in"
"4487","238.018889","1.1.1","host","USB","35","0000000000000000","URB_INTERRUPT in"
"4489","238.170905","1.1.1","host","USB","35","00002a0000000000","URB_INTERRUPT in"
"4491","238.210916","1.1.1","host","USB","35","0000000000000000","URB_INTERRUPT in"
"4493","238.290915","1.1.1","host","USB","35","00002a0000000000","URB_INTERRUPT in"
"4495","238.338922","1.1.1","host","USB","35","0000000000000000","URB_INTERRUPT in"
"4497","238.426937","1.1.1","host","USB","35","00002a0000000000","URB_INTERRUPT in"
"4499","238.458935","1.1.1","host","USB","35","0000000000000000","URB_INTERRUPT in"
"4501","238.538949","1.1.1","host","USB","35","00002a0000000000","URB_INTERRUPT in"
"4503","238.594950","1.1.1","host","USB","35","0000000000000000","URB_INTERRUPT in"
"4505","238.874978","1.1.1","host","USB","35","00002a0000000000","URB_INTERRUPT in"
"4507","238.946992","1.1.1","host","USB","35","0000000000000000","URB_INTERRUPT in"
"4509","239.107004","1.1.1","host","USB","35","00000e0000000000","URB_INTERRUPT in"
"4511","239.171011","1.1.1","host","USB","35","0000000000000000","URB_INTERRUPT in"
"4513","239.195012","1.1.1","host","USB","35","0000080000000000","URB_INTERRUPT in"
"4515","239.259027","1.1.1","host","USB","35","0000000000000000","URB_INTERRUPT in"
"4517","239.299023","1.1.1","host","USB","35","00002c0000000000","URB_INTERRUPT in"
"4519","239.339027","1.1.1","host","USB","35","0000000000000000","URB_INTERRUPT in"
"4521","239.443046","1.1.1","host","USB","35","0000120000000000","URB_INTERRUPT in"
"4523","239.499046","1.1.1","host","USB","35","0000000000000000","URB_INTERRUPT in"
"4525","239.531047","1.1.1","host","USB","35","0000090000000000","URB_INTERRUPT in"
"4527","239.571059","1.1.1","host","USB","35","0000000000000000","URB_INTERRUPT in"
"4529","239.659061","1.1.1","host","USB","35","0000090000000000","URB_INTERRUPT in"
"4531","239.723062","1.1.1","host","USB","35","0000000000000000","URB_INTERRUPT in"
"4533","239.827075","1.1.1","host","USB","35","00002c0000000000","URB_INTERRUPT in"
"4535","239.923085","1.1.1","host","USB","35","0000000000000000","URB_INTERRUPT in"
"4537","239.995089","1.1.1","host","USB","35","0000160000000000","URB_INTERRUPT in"
"4539","240.067098","1.1.1","host","USB","35","0000000000000000","URB_INTERRUPT in"
"4541","240.091101","1.1.1","host","USB","35","00000c0000000000","URB_INTERRUPT in"
"4543","240.147108","1.1.1","host","USB","35","00000c1100000000","URB_INTERRUPT in"
"4545","240.195120","1.1.1","host","USB","35","0000110000000000","URB_INTERRUPT in"
"4547","240.243114","1.1.1","host","USB","35","0000000000000000","URB_INTERRUPT in"
"4549","240.251116","1.1.1","host","USB","35","0000060000000000","URB_INTERRUPT in"
"4551","240.315134","1.1.1","host","USB","35","0000060800000000","URB_INTERRUPT in"
"4553","240.331126","1.1.1","host","USB","35","0000080000000000","URB_INTERRUPT in"
"4555","240.387131","1.1.1","host","USB","35","0000000000000000","URB_INTERRUPT in"
"4557","240.507145","1.1.1","host","USB","35","0000370000000000","URB_INTERRUPT in"
"4559","240.603155","1.1.1","host","USB","35","0000000000000000","URB_INTERRUPT in"
"4561","429.375215","1.1.1","host","USB","35","0000280000000000","URB_INTERRUPT in"
"4563","429.431217","1.1.1","host","USB","35","0000000000000000","URB_INTERRUPT in"
"4565","429.503223","1.1.1","host","USB","35","0000280000000000","URB_INTERRUPT in"
"4567","429.559228","1.1.1","host","USB","35","0000000000000000","URB_INTERRUPT in"
"4569","434.567761","1.1.1","host","USB","35","0200000000000000","URB_INTERRUPT in"
"4571","434.687785","1.1.1","host","USB","35","02000c0000000000","URB_INTERRUPT in"
"4573","434.743780","1.1.1","host","USB","35","0200000000000000","URB_INTERRUPT in"
"4575","434.775783","1.1.1","host","USB","35","0000000000000000","URB_INTERRUPT in"
"4577","434.847792","1.1.1","host","USB","35","00002c0000000000","URB_INTERRUPT in"
"4579","434.903798","1.1.1","host","USB","35","0000000000000000","URB_INTERRUPT in"
"4581","434.927802","1.1.1","host","USB","35","0000160000000000","URB_INTERRUPT in"
"4583","435.007809","1.1.1","host","USB","35","0000000000000000","URB_INTERRUPT in"
"4585","435.047812","1.1.1","host","USB","35","0000180000000000","URB_INTERRUPT in"
"4587","435.135831","1.1.1","host","USB","35","0000000000000000","URB_INTERRUPT in"
"4589","435.255836","1.1.1","host","USB","35","0000130000000000","URB_INTERRUPT in"
"4591","435.327848","1.1.1","host","USB","35","0000000000000000","URB_INTERRUPT in"
"4593","435.407852","1.1.1","host","USB","35","0000130000000000","URB_INTERRUPT in"
"4595","435.527875","1.1.1","host","USB","35","0000000000000000","URB_INTERRUPT in"
"4597","435.535864","1.1.1","host","USB","35","0000120000000000","URB_INTERRUPT in"
"4599","435.615889","1.1.1","host","USB","35","0000000000000000","URB_INTERRUPT in"
"4601","435.647879","1.1.1","host","USB","35","0000160000000000","URB_INTERRUPT in"
"4603","435.703887","1.1.1","host","USB","35","0000160800000000","URB_INTERRUPT in"
"4605","435.759895","1.1.1","host","USB","35","0000080000000000","URB_INTERRUPT in"
"4607","435.799907","1.1.1","host","USB","35","0000000000000000","URB_INTERRUPT in"
"4609","435.807899","1.1.1","host","USB","35","00002c0000000000","URB_INTERRUPT in"
"4611","435.871915","1.1.1","host","USB","35","0000000000000000","URB_INTERRUPT in"
"4613","435.911910","1.1.1","host","USB","35","0000170000000000","URB_INTERRUPT in"
"4615","435.983918","1.1.1","host","USB","35","0000000000000000","URB_INTERRUPT in"
"4617","436.007929","1.1.1","host","USB","35","00000b0000000000","URB_INTERRUPT in"
"4619","436.071937","1.1.1","host","USB","35","00000b0800000000","URB_INTERRUPT in"
"4621","436.079928","1.1.1","host","USB","35","0000080000000000","URB_INTERRUPT in"
"4623","436.159942","1.1.1","host","USB","35","0000000000000000","URB_INTERRUPT in"
"4625","436.183940","1.1.1","host","USB","35","00002c0000000000","URB_INTERRUPT in"
"4627","436.255945","1.1.1","host","USB","35","0000000000000000","URB_INTERRUPT in"
"4629","436.279952","1.1.1","host","USB","35","0000090000000000","URB_INTERRUPT in"
"4631","436.351960","1.1.1","host","USB","35","0000000000000000","URB_INTERRUPT in"
"4633","436.383967","1.1.1","host","USB","35","00000c0000000000","URB_INTERRUPT in"
"4635","436.463980","1.1.1","host","USB","35","0000000000000000","URB_INTERRUPT in"
"4637","436.471970","1.1.1","host","USB","35","0000150000000000","URB_INTERRUPT in"
"4639","436.567992","1.1.1","host","USB","35","0000000000000000","URB_INTERRUPT in"
"4641","436.703995","1.1.1","host","USB","35","0000160000000000","URB_INTERRUPT in"
"4643","436.824014","1.1.1","host","USB","35","0000000000000000","URB_INTERRUPT in"
"4645","436.856016","1.1.1","host","USB","35","0000170000000000","URB_INTERRUPT in"
"4647","436.936022","1.1.1","host","USB","35","0000000000000000","URB_INTERRUPT in"
"4649","437.008029","1.1.1","host","USB","35","00002c0000000000","URB_INTERRUPT in"
"4651","437.104047","1.1.1","host","USB","35","0000000000000000","URB_INTERRUPT in"
"4653","437.656091","1.1.1","host","USB","35","0000140000000000","URB_INTERRUPT in"
"4655","437.728099","1.1.1","host","USB","35","0000000000000000","URB_INTERRUPT in"
"4657","437.744107","1.1.1","host","USB","35","0000180000000000","URB_INTERRUPT in"
"4659","437.824114","1.1.1","host","USB","35","0000000000000000","URB_INTERRUPT in"
"4661","437.896114","1.1.1","host","USB","35","0000080000000000","URB_INTERRUPT in"
"4663","437.928118","1.1.1","host","USB","35","0000081600000000","URB_INTERRUPT in"
"4665","438.024135","1.1.1","host","USB","35","0000160000000000","URB_INTERRUPT in"
"4667","438.032132","1.1.1","host","USB","35","0000161700000000","URB_INTERRUPT in"
"4669","438.040135","1.1.1","host","USB","35","0000170000000000","URB_INTERRUPT in"
"4671","438.088142","1.1.1","host","USB","35","0000000000000000","URB_INTERRUPT in"
"4673","438.104135","1.1.1","host","USB","35","00000c0000000000","URB_INTERRUPT in"
"4675","438.176145","1.1.1","host","USB","35","00000c1200000000","URB_INTERRUPT in"
"4677","438.216152","1.1.1","host","USB","35","0000120000000000","URB_INTERRUPT in"
"4679","438.248159","1.1.1","host","USB","35","0000000000000000","URB_INTERRUPT in"
"4681","438.344163","1.1.1","host","USB","35","0000110000000000","URB_INTERRUPT in"
"4683","438.416170","1.1.1","host","USB","35","0000000000000000","URB_INTERRUPT in"
"4685","438.504180","1.1.1","host","USB","35","00002c0000000000","URB_INTERRUPT in"
"4687","438.560187","1.1.1","host","USB","35","00002c1a00000000","URB_INTERRUPT in"
"4689","438.576188","1.1.1","host","USB","35","00001a0000000000","URB_INTERRUPT in"
"4691","438.624193","1.1.1","host","USB","35","00001a0800000000","URB_INTERRUPT in"
"4693","438.656198","1.1.1","host","USB","35","0000080000000000","URB_INTERRUPT in"
"4695","438.704198","1.1.1","host","USB","35","0000000000000000","URB_INTERRUPT in"
"4697","438.712199","1.1.1","host","USB","35","00002c0000000000","URB_INTERRUPT in"
"4699","438.792217","1.1.1","host","USB","35","0000000000000000","URB_INTERRUPT in"
"4701","438.816237","1.1.1","host","USB","35","0000160000000000","URB_INTERRUPT in"
"4703","438.896227","1.1.1","host","USB","35","0000000000000000","URB_INTERRUPT in"
"4705","438.912225","1.1.1","host","USB","35","00000b0000000000","URB_INTERRUPT in"
"4707","438.984245","1.1.1","host","USB","35","0000000000000000","URB_INTERRUPT in"
"4709","439.064242","1.1.1","host","USB","35","0000120000000000","URB_INTERRUPT in"
"4711","439.152258","1.1.1","host","USB","35","0000121800000000","URB_INTERRUPT in"
"4713","439.184257","1.1.1","host","USB","35","0000180000000000","URB_INTERRUPT in"
"4715","439.216259","1.1.1","host","USB","35","0000000000000000","URB_INTERRUPT in"
"4717","439.304274","1.1.1","host","USB","35","00000f0000000000","URB_INTERRUPT in"
"4719","439.384279","1.1.1","host","USB","35","0000000000000000","URB_INTERRUPT in"
"4721","439.408285","1.1.1","host","USB","35","0000070000000000","URB_INTERRUPT in"
"4723","439.480297","1.1.1","host","USB","35","0000000000000000","URB_INTERRUPT in"
"4725","439.536300","1.1.1","host","USB","35","00002c0000000000","URB_INTERRUPT in"
"4727","439.560297","1.1.1","host","USB","35","0000000000000000","URB_INTERRUPT in"
"4729","439.632300","1.1.1","host","USB","35","0000040000000000","URB_INTERRUPT in"
"4731","439.688318","1.1.1","host","USB","35","0000000000000000","URB_INTERRUPT in"
"4733","439.704309","1.1.1","host","USB","35","00000f0000000000","URB_INTERRUPT in"
"4735","439.944339","1.1.1","host","USB","35","0000000000000000","URB_INTERRUPT in"
"4737","440.472389","1.1.1","host","USB","35","00000f0000000000","URB_INTERRUPT in"
"4739","440.560401","1.1.1","host","USB","35","0000000000000000","URB_INTERRUPT in"
"4741","440.632404","1.1.1","host","USB","35","00002c0000000000","URB_INTERRUPT in"
"4743","440.704416","1.1.1","host","USB","35","00002c0400000000","URB_INTERRUPT in"
"4745","440.712420","1.1.1","host","USB","35","0000040000000000","URB_INTERRUPT in"
"4747","440.760421","1.1.1","host","USB","35","0000041600000000","URB_INTERRUPT in"
"4749","440.824427","1.1.1","host","USB","35","0000160000000000","URB_INTERRUPT in"
"4751","440.848429","1.1.1","host","USB","35","0000000000000000","URB_INTERRUPT in"
"4753","440.880434","1.1.1","host","USB","35","00000e0000000000","URB_INTERRUPT in"
"4755","440.976442","1.1.1","host","USB","35","0000000000000000","URB_INTERRUPT in"
"4757","441.048454","1.1.1","host","USB","35","00002c0000000000","URB_INTERRUPT in"
"4759","441.128466","1.1.1","host","USB","35","0000000000000000","URB_INTERRUPT in"
"4761","441.240476","1.1.1","host","USB","35","00000c0000000000","URB_INTERRUPT in"
"4763","441.312485","1.1.1","host","USB","35","0000000000000000","URB_INTERRUPT in"
"4765","441.352490","1.1.1","host","USB","35","0000160000000000","URB_INTERRUPT in"
"4767","441.424506","1.1.1","host","USB","35","0000000000000000","URB_INTERRUPT in"
"4769","441.552509","1.1.1","host","USB","35","0000360000000000","URB_INTERRUPT in"
"4771","441.632518","1.1.1","host","USB","35","0000362c00000000","URB_INTERRUPT in"
"4773","441.680530","1.1.1","host","USB","35","00002c0000000000","URB_INTERRUPT in"
"4775","441.728529","1.1.1","host","USB","35","0000000000000000","URB_INTERRUPT in"
"4777","441.880553","1.1.1","host","USB","35","0200000000000000","URB_INTERRUPT in"
"4779","442.048561","1.1.1","host","USB","35","0200340000000000","URB_INTERRUPT in"
"4781","442.168575","1.1.1","host","USB","35","0200000000000000","URB_INTERRUPT in"
"4783","442.360605","1.1.1","host","USB","35","02000b0000000000","URB_INTERRUPT in"
"4785","442.416611","1.1.1","host","USB","35","0200000000000000","URB_INTERRUPT in"
"4787","442.496613","1.1.1","host","USB","35","0000000000000000","URB_INTERRUPT in"
"4789","442.528609","1.1.1","host","USB","35","0000120000000000","URB_INTERRUPT in"
"4791","442.624633","1.1.1","host","USB","35","0000000000000000","URB_INTERRUPT in"
"4793","442.680625","1.1.1","host","USB","35","00001a0000000000","URB_INTERRUPT in"
"4795","442.760650","1.1.1","host","USB","35","0000000000000000","URB_INTERRUPT in"
"4797","442.872657","1.1.1","host","USB","35","00002c0000000000","URB_INTERRUPT in"
"4799","442.944657","1.1.1","host","USB","35","0000000000000000","URB_INTERRUPT in"
"4801","443.000669","1.1.1","host","USB","35","0000070000000000","URB_INTERRUPT in"
"4803","443.080681","1.1.1","host","USB","35","0000000000000000","URB_INTERRUPT in"
"4805","443.088673","1.1.1","host","USB","35","00000c0000000000","URB_INTERRUPT in"
"4807","443.160684","1.1.1","host","USB","35","0000000000000000","URB_INTERRUPT in"
"4809","443.192676","1.1.1","host","USB","35","0000070000000000","URB_INTERRUPT in"
"4811","443.256695","1.1.1","host","USB","35","0000000000000000","URB_INTERRUPT in"
"4813","443.272684","1.1.1","host","USB","35","00002c0000000000","URB_INTERRUPT in"
"4815","443.328701","1.1.1","host","USB","35","0000000000000000","URB_INTERRUPT in"
"4817","443.368697","1.1.1","host","USB","35","0200000000000000","URB_INTERRUPT in"
"4819","443.424703","1.1.1","host","USB","35","02000c0000000000","URB_INTERRUPT in"
"4821","443.480713","1.1.1","host","USB","35","0200000000000000","URB_INTERRUPT in"
"4823","443.520711","1.1.1","host","USB","35","0000000000000000","URB_INTERRUPT in"
"4825","443.552726","1.1.1","host","USB","35","00002c0000000000","URB_INTERRUPT in"
"4827","443.624729","1.1.1","host","USB","35","0000000000000000","URB_INTERRUPT in"
"4829","443.672729","1.1.1","host","USB","35","0000080000000000","URB_INTERRUPT in"
"4831","443.752739","1.1.1","host","USB","35","0000000000000000","URB_INTERRUPT in"
"4833","443.872757","1.1.1","host","USB","35","0000190000000000","URB_INTERRUPT in"
"4835","443.992766","1.1.1","host","USB","35","0000190800000000","URB_INTERRUPT in"
"4837","444.000763","1.1.1","host","USB","35","0000080000000000","URB_INTERRUPT in"
"4839","444.096776","1.1.1","host","USB","35","0000000000000000","URB_INTERRUPT in"
"4841","444.120776","1.1.1","host","USB","35","0000110000000000","URB_INTERRUPT in"
"4843","444.192785","1.1.1","host","USB","35","0000000000000000","URB_INTERRUPT in"
"4845","444.280795","1.1.1","host","USB","35","00002c0000000000","URB_INTERRUPT in"
"4847","444.368815","1.1.1","host","USB","35","0000000000000000","URB_INTERRUPT in"
"4849","444.608845","1.1.1","host","USB","35","0000060000000000","URB_INTERRUPT in"
"4851","444.704845","1.1.1","host","USB","35","0000061200000000","URB_INTERRUPT in"
"4853","444.712846","1.1.1","host","USB","35","0000120000000000","URB_INTERRUPT in"
"4855","444.768849","1.1.1","host","USB","35","0000121000000000","URB_INTERRUPT in"
"4857","444.824865","1.1.1","host","USB","35","0000100000000000","URB_INTERRUPT in"
"4859","444.848858","1.1.1","host","USB","35","0000000000000000","URB_INTERRUPT in"
"4861","444.872858","1.1.1","host","USB","35","0000080000000000","URB_INTERRUPT in"
"4863","444.936875","1.1.1","host","USB","35","0000000000000000","URB_INTERRUPT in"
"4865","444.976876","1.1.1","host","USB","35","00002c0000000000","URB_INTERRUPT in"
"4867","445.080893","1.1.1","host","USB","35","0000000000000000","URB_INTERRUPT in"
"4869","445.096881","1.1.1","host","USB","35","0000040000000000","URB_INTERRUPT in"
"4871","445.184907","1.1.1","host","USB","35","0000000000000000","URB_INTERRUPT in"
"4873","445.368908","1.1.1","host","USB","35","0000060000000000","URB_INTERRUPT in"
"4875","445.480925","1.1.1","host","USB","35","0000000000000000","URB_INTERRUPT in"
"4877","445.592940","1.1.1","host","USB","35","0000150000000000","URB_INTERRUPT in"
"4879","445.696943","1.1.1","host","USB","35","0000000000000000","URB_INTERRUPT in"
"4881","445.896964","1.1.1","host","USB","35","0000120000000000","URB_INTERRUPT in"
"4883","445.984973","1.1.1","host","USB","35","0000000000000000","URB_INTERRUPT in"
"4885","446.008977","1.1.1","host","USB","35","0000160000000000","URB_INTERRUPT in"
"4887","446.064983","1.1.1","host","USB","35","0000000000000000","URB_INTERRUPT in"
"4889","446.152989","1.1.1","host","USB","35","0000160000000000","URB_INTERRUPT in"
"4891","446.249001","1.1.1","host","USB","35","0000000000000000","URB_INTERRUPT in"
"4893","446.265009","1.1.1","host","USB","35","00002c0000000000","URB_INTERRUPT in"
"4895","446.321013","1.1.1","host","USB","35","0000000000000000","URB_INTERRUPT in"
"4897","446.361022","1.1.1","host","USB","35","0000170000000000","URB_INTERRUPT in"
"4899","446.441022","1.1.1","host","USB","35","0000000000000000","URB_INTERRUPT in"
"4901","446.457026","1.1.1","host","USB","35","00000b0000000000","URB_INTERRUPT in"
"4903","446.513045","1.1.1","host","USB","35","00000b0c00000000","URB_INTERRUPT in"
"4905","446.537048","1.1.1","host","USB","35","00000c0000000000","URB_INTERRUPT in"
"4907","446.553033","1.1.1","host","USB","35","00000c1600000000","URB_INTERRUPT in"
"4909","446.577043","1.1.1","host","USB","35","0000160000000000","URB_INTERRUPT in"
"4911","446.633044","1.1.1","host","USB","35","0000000000000000","URB_INTERRUPT in"
"4913","446.665049","1.1.1","host","USB","35","00002c0000000000","URB_INTERRUPT in"
"4915","446.713066","1.1.1","host","USB","35","0000000000000000","URB_INTERRUPT in"
"4917","446.801062","1.1.1","host","USB","35","00000c0000000000","URB_INTERRUPT in"
"4919","446.881083","1.1.1","host","USB","35","00000c1100000000","URB_INTERRUPT in"
"4921","446.921080","1.1.1","host","USB","35","0000110000000000","URB_INTERRUPT in"
"4923","446.961091","1.1.1","host","USB","35","0000000000000000","URB_INTERRUPT in"
"4925","446.969083","1.1.1","host","USB","35","0000090000000000","URB_INTERRUPT in"
"4927","447.049102","1.1.1","host","USB","35","0000000000000000","URB_INTERRUPT in"
"4929","447.057088","1.1.1","host","USB","35","0000120000000000","URB_INTERRUPT in"
"4931","447.161115","1.1.1","host","USB","35","0000121500000000","URB_INTERRUPT in"
"4933","447.169115","1.1.1","host","USB","35","0000150000000000","URB_INTERRUPT in"
"4935","447.233123","1.1.1","host","USB","35","0000000000000000","URB_INTERRUPT in"
"4937","447.265112","1.1.1","host","USB","35","0000100000000000","URB_INTERRUPT in"
"4939","447.337124","1.1.1","host","USB","35","0000000000000000","URB_INTERRUPT in"
"4941","447.345117","1.1.1","host","USB","35","0000040000000000","URB_INTERRUPT in"
"4943","447.401132","1.1.1","host","USB","35","0000000000000000","URB_INTERRUPT in"
"4945","447.473147","1.1.1","host","USB","35","0000170000000000","URB_INTERRUPT in"
"4947","447.513145","1.1.1","host","USB","35","0000170c00000000","URB_INTERRUPT in"
"4949","447.521143","1.1.1","host","USB","35","00000c0000000000","URB_INTERRUPT in"
"4951","447.577158","1.1.1","host","USB","35","00000c1200000000","URB_INTERRUPT in"
"4953","447.625156","1.1.1","host","USB","35","0000120000000000","URB_INTERRUPT in"
"4955","447.673168","1.1.1","host","USB","35","0000000000000000","URB_INTERRUPT in"
"4957","447.761171","1.1.1","host","USB","35","0000110000000000","URB_INTERRUPT in"
"4959","447.825178","1.1.1","host","USB","35","0000000000000000","URB_INTERRUPT in"
"4961","447.881180","1.1.1","host","USB","35","0200000000000000","URB_INTERRUPT in"
"4963","448.833276","1.1.1","host","USB","35","0200380000000000","URB_INTERRUPT in"
"4965","448.921287","1.1.1","host","USB","35","0200000000000000","URB_INTERRUPT in"
"4967","449.081302","1.1.1","host","USB","35","0200340000000000","URB_INTERRUPT in"
"4969","449.105304","1.1.1","host","USB","35","0200000000000000","URB_INTERRUPT in"
"4971","449.241319","1.1.1","host","USB","35","0000000000000000","URB_INTERRUPT in"
"4973","450.185425","1.1.1","host","USB","35","00002c0000000000","URB_INTERRUPT in"
"4975","450.257442","1.1.1","host","USB","35","02002c0000000000","URB_INTERRUPT in"
"4977","450.265439","1.1.1","host","USB","35","0200000000000000","URB_INTERRUPT in"
"4979","450.313446","1.1.1","host","USB","35","02001a0000000000","URB_INTERRUPT in"
"4981","450.409454","1.1.1","host","USB","35","00001a0000000000","URB_INTERRUPT in"
"4983","450.425461","1.1.1","host","USB","35","0000000000000000","URB_INTERRUPT in"
"4985","450.529471","1.1.1","host","USB","35","0000080000000000","URB_INTERRUPT in"
"4987","450.617473","1.1.1","host","USB","35","0000080f00000000","URB_INTERRUPT in"
"4989","450.625471","1.1.1","host","USB","35","00000f0000000000","URB_INTERRUPT in"
"4991","450.673483","1.1.1","host","USB","35","0000000000000000","URB_INTERRUPT in"
"4993","450.753496","1.1.1","host","USB","35","00000f0000000000","URB_INTERRUPT in"
"4995","450.817491","1.1.1","host","USB","35","0000000000000000","URB_INTERRUPT in"
"4997","450.953501","1.1.1","host","USB","35","0000360000000000","URB_INTERRUPT in"
"4999","451.025510","1.1.1","host","USB","35","0000362c00000000","URB_INTERRUPT in"
"5001","451.065514","1.1.1","host","USB","35","00002c0000000000","URB_INTERRUPT in"
"5003","451.097519","1.1.1","host","USB","35","0000000000000000","URB_INTERRUPT in"
"5005","451.137522","1.1.1","host","USB","35","0200000000000000","URB_INTERRUPT in"
"5007","451.297539","1.1.1","host","USB","35","02000f0000000000","URB_INTERRUPT in"
"5009","451.345542","1.1.1","host","USB","35","00000f0000000000","URB_INTERRUPT in"
"5011","451.361544","1.1.1","host","USB","35","0000000000000000","URB_INTERRUPT in"
"5013","451.569571","1.1.1","host","USB","35","00002a0000000000","URB_INTERRUPT in"
"5015","451.625574","1.1.1","host","USB","35","0000000000000000","URB_INTERRUPT in"
"5017","451.705582","1.1.1","host","USB","35","00000f0000000000","URB_INTERRUPT in"
"5019","451.769588","1.1.1","host","USB","35","0000000000000000","URB_INTERRUPT in"
"5021","451.881604","1.1.1","host","USB","35","00000c0000000000","URB_INTERRUPT in"
"5023","451.937614","1.1.1","host","USB","35","0000000000000000","URB_INTERRUPT in"
"5025","452.033624","1.1.1","host","USB","35","00000e0000000000","URB_INTERRUPT in"
"5027","452.073628","1.1.1","host","USB","35","00000e0800000000","URB_INTERRUPT in"
"5029","452.081628","1.1.1","host","USB","35","0000080000000000","URB_INTERRUPT in"
"5031","452.145635","1.1.1","host","USB","35","0000000000000000","URB_INTERRUPT in"
"5033","452.201651","1.1.1","host","USB","35","00002c0000000000","URB_INTERRUPT in"
"5035","452.249646","1.1.1","host","USB","35","0000000000000000","URB_INTERRUPT in"
"5037","452.289657","1.1.1","host","USB","35","0000040000000000","URB_INTERRUPT in"
"5039","452.361667","1.1.1","host","USB","35","0000000000000000","URB_INTERRUPT in"
"5041","452.369654","1.1.1","host","USB","35","00000f0000000000","URB_INTERRUPT in"
"5043","452.425667","1.1.1","host","USB","35","0000000000000000","URB_INTERRUPT in"
"5045","452.513679","1.1.1","host","USB","35","00000f0000000000","URB_INTERRUPT in"
"5047","452.577688","1.1.1","host","USB","35","0000000000000000","URB_INTERRUPT in"
"5049","452.641690","1.1.1","host","USB","35","00002c0000000000","URB_INTERRUPT in"
"5051","452.737707","1.1.1","host","USB","35","00002c0800000000","URB_INTERRUPT in"
"5053","452.753699","1.1.1","host","USB","35","0000080000000000","URB_INTERRUPT in"
"5055","452.793704","1.1.1","host","USB","35","0000000000000000","URB_INTERRUPT in"
"5057","453.105746","1.1.1","host","USB","35","00002a0000000000","URB_INTERRUPT in"
"5059","453.161746","1.1.1","host","USB","35","0000000000000000","URB_INTERRUPT in"
"5061","453.297756","1.1.1","host","USB","35","0000180000000000","URB_INTERRUPT in"
"5063","453.385776","1.1.1","host","USB","35","0000181100000000","URB_INTERRUPT in"
"5065","453.401779","1.1.1","host","USB","35","0000110000000000","URB_INTERRUPT in"
"5067","453.441771","1.1.1","host","USB","35","0000000000000000","URB_INTERRUPT in"
"5069","453.465777","1.1.1","host","USB","35","0000080000000000","URB_INTERRUPT in"
"5071","453.537791","1.1.1","host","USB","35","0000000000000000","URB_INTERRUPT in"
"5073","453.689799","1.1.1","host","USB","35","00001b0000000000","URB_INTERRUPT in"
"5075","453.745812","1.1.1","host","USB","35","0000000000000000","URB_INTERRUPT in"
"5077","453.769810","1.1.1","host","USB","35","0000130000000000","URB_INTERRUPT in"
"5079","453.857827","1.1.1","host","USB","35","0000000000000000","URB_INTERRUPT in"
"5081","454.209846","1.1.1","host","USB","35","0000080000000000","URB_INTERRUPT in"
"5083","454.289859","1.1.1","host","USB","35","0000000000000000","URB_INTERRUPT in"
"5085","454.425875","1.1.1","host","USB","35","0000060000000000","URB_INTERRUPT in"
"5087","454.513883","1.1.1","host","USB","35","0000000000000000","URB_INTERRUPT in"
"5089","454.649895","1.1.1","host","USB","35","0000170000000000","URB_INTERRUPT in"
"5091","454.737905","1.1.1","host","USB","35","0000170800000000","URB_INTERRUPT in"
"5093","454.745909","1.1.1","host","USB","35","0000080000000000","URB_INTERRUPT in"
"5095","454.809914","1.1.1","host","USB","35","0000000000000000","URB_INTERRUPT in"
"5097","454.873921","1.1.1","host","USB","35","0000070000000000","URB_INTERRUPT in"
"5099","454.945928","1.1.1","host","USB","35","0000000000000000","URB_INTERRUPT in"
"5101","454.969929","1.1.1","host","USB","35","00002c0000000000","URB_INTERRUPT in"
"5103","455.049938","1.1.1","host","USB","35","0000000000000000","URB_INTERRUPT in"
"5105","455.201953","1.1.1","host","USB","35","00000d0000000000","URB_INTERRUPT in"
"5107","455.289964","1.1.1","host","USB","35","0000000000000000","URB_INTERRUPT in"
"5109","455.401991","1.1.1","host","USB","35","0000120000000000","URB_INTERRUPT in"
"5111","455.473998","1.1.1","host","USB","35","0000121800000000","URB_INTERRUPT in"
"5113","455.513993","1.1.1","host","USB","35","0000180000000000","URB_INTERRUPT in"
"5115","455.529997","1.1.1","host","USB","35","0000000000000000","URB_INTERRUPT in"
"5117","455.561992","1.1.1","host","USB","35","0000150000000000","URB_INTERRUPT in"
"5119","455.618012","1.1.1","host","USB","35","0000000000000000","URB_INTERRUPT in"
"5121","455.682007","1.1.1","host","USB","35","0000110000000000","URB_INTERRUPT in"
"5123","455.746017","1.1.1","host","USB","35","0000000000000000","URB_INTERRUPT in"
"5125","455.762018","1.1.1","host","USB","35","0000080000000000","URB_INTERRUPT in"
"5127","455.874030","1.1.1","host","USB","35","0000000000000000","URB_INTERRUPT in"
"5129","455.930042","1.1.1","host","USB","35","0000170000000000","URB_INTERRUPT in"
"5131","456.010046","1.1.1","host","USB","35","0000000000000000","URB_INTERRUPT in"
"5133","456.450095","1.1.1","host","USB","35","0000160000000000","URB_INTERRUPT in"
"5135","456.538094","1.1.1","host","USB","35","0000000000000000","URB_INTERRUPT in"
"5137","456.570100","1.1.1","host","USB","35","0000360000000000","URB_INTERRUPT in"
"5139","456.634105","1.1.1","host","USB","35","0000362c00000000","URB_INTERRUPT in"
"5141","456.674116","1.1.1","host","USB","35","00002c0000000000","URB_INTERRUPT in"
"5143","456.722117","1.1.1","host","USB","35","0000000000000000","URB_INTERRUPT in"
"5145","457.186162","1.1.1","host","USB","35","00002a0000000000","URB_INTERRUPT in"
"5147","457.234168","1.1.1","host","USB","35","0000000000000000","URB_INTERRUPT in"
"5149","457.322179","1.1.1","host","USB","35","00002a0000000000","URB_INTERRUPT in"
"5151","457.370183","1.1.1","host","USB","35","0000000000000000","URB_INTERRUPT in"
"5153","457.458190","1.1.1","host","USB","35","00002a0000000000","URB_INTERRUPT in"
"5155","457.490203","1.1.1","host","USB","35","0000000000000000","URB_INTERRUPT in"
"5157","457.578216","1.1.1","host","USB","35","00002a0000000000","URB_INTERRUPT in"
"5159","457.618224","1.1.1","host","USB","35","00002a1c00000000","URB_INTERRUPT in"
"5161","457.626215","1.1.1","host","USB","35","00001c0000000000","URB_INTERRUPT in"
"5163","457.674226","1.1.1","host","USB","35","00001c1600000000","URB_INTERRUPT in"
"5165","457.698231","1.1.1","host","USB","35","0000160000000000","URB_INTERRUPT in"
"5167","457.754229","1.1.1","host","USB","35","0000000000000000","URB_INTERRUPT in"
"5169","457.794231","1.1.1","host","USB","35","0000360000000000","URB_INTERRUPT in"
"5171","457.842240","1.1.1","host","USB","35","0000362c00000000","URB_INTERRUPT in"
"5173","457.890252","1.1.1","host","USB","35","00002c0000000000","URB_INTERRUPT in"
"5175","457.922251","1.1.1","host","USB","35","0000000000000000","URB_INTERRUPT in"
"5177","458.250306","1.1.1","host","USB","35","0200000000000000","URB_INTERRUPT in"
"5179","458.714342","1.1.1","host","USB","35","02000c0000000000","URB_INTERRUPT in"
"5181","458.778341","1.1.1","host","USB","35","0200000000000000","URB_INTERRUPT in"
"5183","458.802345","1.1.1","host","USB","35","0000000000000000","URB_INTERRUPT in"
"5185","458.898362","1.1.1","host","USB","35","00002c0000000000","URB_INTERRUPT in"
"5187","458.954364","1.1.1","host","USB","35","0000000000000000","URB_INTERRUPT in"
"5189","459.906453","1.1.1","host","USB","35","00002a0000000000","URB_INTERRUPT in"
"5191","459.962459","1.1.1","host","USB","35","0000000000000000","URB_INTERRUPT in"
"5193","460.154479","1.1.1","host","USB","35","00000c0000000000","URB_INTERRUPT in"
"5195","460.226490","1.1.1","host","USB","35","0000000000000000","URB_INTERRUPT in"
"5197","460.370501","1.1.1","host","USB","35","00002a0000000000","URB_INTERRUPT in"
"5199","460.418510","1.1.1","host","USB","35","0000000000000000","URB_INTERRUPT in"
"5201","460.514515","1.1.1","host","USB","35","00002a0000000000","URB_INTERRUPT in"
"5203","460.586525","1.1.1","host","USB","35","00002a0c00000000","URB_INTERRUPT in"
"5205","460.594529","1.1.1","host","USB","35","00000c0000000000","URB_INTERRUPT in"
"5207","460.650538","1.1.1","host","USB","35","0000000000000000","URB_INTERRUPT in"
"5209","460.706537","1.1.1","host","USB","35","0000170000000000","URB_INTERRUPT in"
"5211","460.762544","1.1.1","host","USB","35","0000000000000000","URB_INTERRUPT in"
"5213","460.818550","1.1.1","host","USB","35","00002c0000000000","URB_INTERRUPT in"
"5215","460.874561","1.1.1","host","USB","35","0000000000000000","URB_INTERRUPT in"
"5217","460.994582","1.1.1","host","USB","35","0000100000000000","URB_INTERRUPT in"
"5219","461.074583","1.1.1","host","USB","35","0000000000000000","URB_INTERRUPT in"
"5221","461.362624","1.1.1","host","USB","35","00002a0000000000","URB_INTERRUPT in"
"5223","461.434629","1.1.1","host","USB","35","0000000000000000","URB_INTERRUPT in"
"5225","461.642655","1.1.1","host","USB","35","0000050000000000","URB_INTERRUPT in"
"5227","461.730660","1.1.1","host","USB","35","0000000000000000","URB_INTERRUPT in"
"5229","461.754656","1.1.1","host","USB","35","0000080000000000","URB_INTERRUPT in"
"5231","461.818664","1.1.1","host","USB","35","0000000000000000","URB_INTERRUPT in"
"5233","461.954672","1.1.1","host","USB","35","00000b0000000000","URB_INTERRUPT in"
"5235","462.058684","1.1.1","host","USB","35","0000000000000000","URB_INTERRUPT in"
"5237","462.090693","1.1.1","host","USB","35","0000040000000000","URB_INTERRUPT in"
"5239","462.146693","1.1.1","host","USB","35","0000000000000000","URB_INTERRUPT in"
"5241","462.490728","1.1.1","host","USB","35","0000110000000000","URB_INTERRUPT in"
"5243","462.578738","1.1.1","host","USB","35","0000000000000000","URB_INTERRUPT in"
"5245","462.666747","1.1.1","host","USB","35","00002c0000000000","URB_INTERRUPT in"
"5247","462.738755","1.1.1","host","USB","35","0000000000000000","URB_INTERRUPT in"
"5249","462.970785","1.1.1","host","USB","35","0000110000000000","URB_INTERRUPT in"
"5251","463.034793","1.1.1","host","USB","35","0000000000000000","URB_INTERRUPT in"
"5253","463.610863","1.1.1","host","USB","35","00002a0000000000","URB_INTERRUPT in"
"5255","463.650856","1.1.1","host","USB","35","0000000000000000","URB_INTERRUPT in"
"5257","463.794871","1.1.1","host","USB","35","00000c0000000000","URB_INTERRUPT in"
"5259","463.906883","1.1.1","host","USB","35","0000000000000000","URB_INTERRUPT in"
"5261","464.098910","1.1.1","host","USB","35","00002a0000000000","URB_INTERRUPT in"
"5263","464.138911","1.1.1","host","USB","35","0000000000000000","URB_INTERRUPT in"
"5265","464.226926","1.1.1","host","USB","35","00002a0000000000","URB_INTERRUPT in"
"5267","464.274923","1.1.1","host","USB","35","0000000000000000","URB_INTERRUPT in"
"5269","464.354940","1.1.1","host","USB","35","00002a0000000000","URB_INTERRUPT in"
"5271","464.410937","1.1.1","host","USB","35","0000000000000000","URB_INTERRUPT in"
"5273","464.482953","1.1.1","host","USB","35","00002a0000000000","URB_INTERRUPT in"
"5275","464.530951","1.1.1","host","USB","35","0000000000000000","URB_INTERRUPT in"
"5277","464.618968","1.1.1","host","USB","35","00002a0000000000","URB_INTERRUPT in"
"5279","464.634960","1.1.1","host","USB","35","00002a0a00000000","URB_INTERRUPT in"
"5281","464.698975","1.1.1","host","USB","35","00000a0000000000","URB_INTERRUPT in"
"5283","464.714971","1.1.1","host","USB","35","0000000000000000","URB_INTERRUPT in"
"5285","464.778983","1.1.1","host","USB","35","0000040000000000","URB_INTERRUPT in"
"5287","464.890990","1.1.1","host","USB","35","0000000000000000","URB_INTERRUPT in"
"5289","464.906990","1.1.1","host","USB","35","0000110000000000","URB_INTERRUPT in"
"5291","464.946994","1.1.1","host","USB","35","0000000000000000","URB_INTERRUPT in"
"5293","465.883091","1.1.1","host","USB","35","00002c0000000000","URB_INTERRUPT in"
"5295","465.963096","1.1.1","host","USB","35","0000000000000000","URB_INTERRUPT in"
"5297","466.107107","1.1.1","host","USB","35","00000c0000000000","URB_INTERRUPT in"
"5299","466.179119","1.1.1","host","USB","35","00000c1100000000","URB_INTERRUPT in"
"5301","466.195120","1.1.1","host","USB","35","0000110000000000","URB_INTERRUPT in"
"5303","466.283135","1.1.1","host","USB","35","0000000000000000","URB_INTERRUPT in"
"5305","466.395154","1.1.1","host","USB","35","0000110000000000","URB_INTERRUPT in"
"5307","466.467158","1.1.1","host","USB","35","0000000000000000","URB_INTERRUPT in"
"5309","466.595167","1.1.1","host","USB","35","0000120000000000","URB_INTERRUPT in"
"5311","466.675179","1.1.1","host","USB","35","0000000000000000","URB_INTERRUPT in"
"5313","466.707182","1.1.1","host","USB","35","0000060000000000","URB_INTERRUPT in"
"5315","466.779189","1.1.1","host","USB","35","0000000000000000","URB_INTERRUPT in"
"5317","466.875209","1.1.1","host","USB","35","0000080000000000","URB_INTERRUPT in"
"5319","466.931214","1.1.1","host","USB","35","0000000000000000","URB_INTERRUPT in"
"5321","466.971213","1.1.1","host","USB","35","0000110000000000","URB_INTERRUPT in"
"5323","467.059229","1.1.1","host","USB","35","0000000000000000","URB_INTERRUPT in"
"5325","467.411250","1.1.1","host","USB","35","0000170000000000","URB_INTERRUPT in"
"5327","467.499261","1.1.1","host","USB","35","0000000000000000","URB_INTERRUPT in"
"5329","467.539263","1.1.1","host","USB","35","00000f0000000000","URB_INTERRUPT in"
"5331","467.643279","1.1.1","host","USB","35","0000000000000000","URB_INTERRUPT in"
"5333","467.675276","1.1.1","host","USB","35","00001c0000000000","URB_INTERRUPT in"
"5335","467.739283","1.1.1","host","USB","35","0000000000000000","URB_INTERRUPT in"
"5337","467.787289","1.1.1","host","USB","35","00002c0000000000","URB_INTERRUPT in"
"5339","467.867298","1.1.1","host","USB","35","0000000000000000","URB_INTERRUPT in"
"5341","468.523372","1.1.1","host","USB","35","0000080000000000","URB_INTERRUPT in"
"5343","468.587381","1.1.1","host","USB","35","0000000000000000","URB_INTERRUPT in"
"5345","468.619385","1.1.1","host","USB","35","0000110000000000","URB_INTERRUPT in"
"5347","468.659392","1.1.1","host","USB","35","0000000000000000","URB_INTERRUPT in"
"5349","468.779402","1.1.1","host","USB","35","0000120000000000","URB_INTERRUPT in"
"5351","468.851411","1.1.1","host","USB","35","0000121800000000","URB_INTERRUPT in"
"5353","468.899415","1.1.1","host","USB","35","0000180a00000000","URB_INTERRUPT in"
"5355","468.923415","1.1.1","host","USB","35","00000a0000000000","URB_INTERRUPT in"
"5357","468.987423","1.1.1","host","USB","35","00000a0b00000000","URB_INTERRUPT in"
"5359","469.003427","1.1.1","host","USB","35","00000b0000000000","URB_INTERRUPT in"
"5361","469.051430","1.1.1","host","USB","35","0000000000000000","URB_INTERRUPT in"
"5363","469.563494","1.1.1","host","USB","35","0000370000000000","URB_INTERRUPT in"
"5365","469.651497","1.1.1","host","USB","35","0000000000000000","URB_INTERRUPT in"
"5367","469.747511","1.1.1","host","USB","35","02002c0000000000","URB_INTERRUPT in"
"5369","469.803510","1.1.1","host","USB","35","0200000000000000","URB_INTERRUPT in"
"5371","469.891527","1.1.1","host","USB","35","02000c0000000000","URB_INTERRUPT in"
"5373","469.947531","1.1.1","host","USB","35","0200000000000000","URB_INTERRUPT in"
"5375","469.971526","1.1.1","host","USB","35","0000000000000000","URB_INTERRUPT in"
"5377","470.035541","1.1.1","host","USB","35","00002c0000000000","URB_INTERRUPT in"
"5379","470.123554","1.1.1","host","USB","35","0000000000000000","URB_INTERRUPT in"
"5381","470.131540","1.1.1","host","USB","35","00001a0000000000","URB_INTERRUPT in"
"5383","470.211560","1.1.1","host","USB","35","0000000000000000","URB_INTERRUPT in"
"5385","470.219556","1.1.1","host","USB","35","0000040000000000","URB_INTERRUPT in"
"5387","470.347576","1.1.1","host","USB","35","0000041600000000","URB_INTERRUPT in"
"5389","470.355573","1.1.1","host","USB","35","0000160000000000","URB_INTERRUPT in"
"5391","470.435573","1.1.1","host","USB","35","0000000000000000","URB_INTERRUPT in"
"5393","470.443572","1.1.1","host","USB","35","00002c0000000000","URB_INTERRUPT in"
"5395","470.523586","1.1.1","host","USB","35","0000000000000000","URB_INTERRUPT in"
"5397","470.571596","1.1.1","host","USB","35","0000070000000000","URB_INTERRUPT in"
"5399","470.651609","1.1.1","host","USB","35","0000070800000000","URB_INTERRUPT in"
"5401","470.659602","1.1.1","host","USB","35","0000080000000000","URB_INTERRUPT in"
"5403","470.723604","1.1.1","host","USB","35","0000000000000000","URB_INTERRUPT in"
"5405","470.803608","1.1.1","host","USB","35","0000080000000000","URB_INTERRUPT in"
"5407","470.875618","1.1.1","host","USB","35","0000000000000000","URB_INTERRUPT in"
"5409","470.891622","1.1.1","host","USB","35","0000130000000000","URB_INTERRUPT in"
"5411","470.971626","1.1.1","host","USB","35","0000000000000000","URB_INTERRUPT in"
"5413","471.067637","1.1.1","host","USB","35","00002c0000000000","URB_INTERRUPT in"
"5415","471.163649","1.1.1","host","USB","35","0000000000000000","URB_INTERRUPT in"
"5417","471.275660","1.1.1","host","USB","35","00000c0000000000","URB_INTERRUPT in"
"5419","471.331674","1.1.1","host","USB","35","00000c1100000000","URB_INTERRUPT in"
"5421","471.363670","1.1.1","host","USB","35","0000110000000000","URB_INTERRUPT in"
"5423","471.403675","1.1.1","host","USB","35","0000000000000000","URB_INTERRUPT in"
"5425","471.603698","1.1.1","host","USB","35","0000170000000000","URB_INTERRUPT in"
"5427","471.683712","1.1.1","host","USB","35","0000000000000000","URB_INTERRUPT in"
"5429","471.931738","1.1.1","host","USB","35","0000120000000000","URB_INTERRUPT in"
"5431","471.987742","1.1.1","host","USB","35","0000000000000000","URB_INTERRUPT in"
"5433","472.091753","1.1.1","host","USB","35","00002c0000000000","URB_INTERRUPT in"
"5435","472.187773","1.1.1","host","USB","35","0000000000000000","URB_INTERRUPT in"
"5437","472.195767","1.1.1","host","USB","35","0000040000000000","URB_INTERRUPT in"
"5439","472.267781","1.1.1","host","USB","35","0000000000000000","URB_INTERRUPT in"
"5441","472.283776","1.1.1","host","USB","35","0000110000000000","URB_INTERRUPT in"
"5443","472.347789","1.1.1","host","USB","35","0000000000000000","URB_INTERRUPT in"
"5445","472.427781","1.1.1","host","USB","35","00002c0000000000","URB_INTERRUPT in"
"5447","472.491800","1.1.1","host","USB","35","0000000000000000","URB_INTERRUPT in"
"5449","472.555799","1.1.1","host","USB","35","00000c0000000000","URB_INTERRUPT in"
"5451","472.611809","1.1.1","host","USB","35","00000c1100000000","URB_INTERRUPT in"
"5453","472.651814","1.1.1","host","USB","35","0000110000000000","URB_INTERRUPT in"
"5455","472.667814","1.1.1","host","USB","35","0000111700000000","URB_INTERRUPT in"
"5457","472.699817","1.1.1","host","USB","35","0000170000000000","URB_INTERRUPT in"
"5459","472.739822","1.1.1","host","USB","35","0000000000000000","URB_INTERRUPT in"
"5461","472.747815","1.1.1","host","USB","35","0000080000000000","URB_INTERRUPT in"
"5463","472.843834","1.1.1","host","USB","35","0000081500000000","URB_INTERRUPT in"
"5465","472.851860","1.1.1","host","USB","35","0000150000000000","URB_INTERRUPT in"
"5467","472.915836","1.1.1","host","USB","35","0000000000000000","URB_INTERRUPT in"
"5469","472.963838","1.1.1","host","USB","35","0000110000000000","URB_INTERRUPT in"
"5471","473.035848","1.1.1","host","USB","35","0000000000000000","URB_INTERRUPT in"
"5473","473.059850","1.1.1","host","USB","35","0000080000000000","URB_INTERRUPT in"
"5475","473.163861","1.1.1","host","USB","35","0000081700000000","URB_INTERRUPT in"
"5477","473.179870","1.1.1","host","USB","35","0000170000000000","URB_INTERRUPT in"
"5479","473.243869","1.1.1","host","USB","35","0000000000000000","URB_INTERRUPT in"
"5481","473.251876","1.1.1","host","USB","35","00002c0000000000","URB_INTERRUPT in"
"5483","473.339880","1.1.1","host","USB","35","0000000000000000","URB_INTERRUPT in"
"5485","473.475893","1.1.1","host","USB","35","0000150000000000","URB_INTERRUPT in"
"5487","473.579905","1.1.1","host","USB","35","0000150400000000","URB_INTERRUPT in"
"5489","473.587905","1.1.1","host","USB","35","0000040000000000","URB_INTERRUPT in"
"5491","473.667917","1.1.1","host","USB","35","0000000000000000","URB_INTERRUPT in"
"5493","473.707927","1.1.1","host","USB","35","0000050000000000","URB_INTERRUPT in"
"5495","473.779935","1.1.1","host","USB","35","0000000000000000","URB_INTERRUPT in"
"5497","473.859935","1.1.1","host","USB","35","0000050000000000","URB_INTERRUPT in"
"5499","473.923947","1.1.1","host","USB","35","0000000000000000","URB_INTERRUPT in"
"5501","473.995953","1.1.1","host","USB","35","00000c0000000000","URB_INTERRUPT in"
"5503","474.083968","1.1.1","host","USB","35","0000000000000000","URB_INTERRUPT in"
"5505","474.099970","1.1.1","host","USB","35","0000170000000000","URB_INTERRUPT in"
"5507","474.155971","1.1.1","host","USB","35","0000000000000000","URB_INTERRUPT in"
"5509","474.211985","1.1.1","host","USB","35","00002c0000000000","URB_INTERRUPT in"
"5511","474.283992","1.1.1","host","USB","35","0000000000000000","URB_INTERRUPT in"
"5513","474.460002","1.1.1","host","USB","35","00000b0000000000","URB_INTERRUPT in"
"5515","474.508007","1.1.1","host","USB","35","0000000000000000","URB_INTERRUPT in"
"5517","474.604019","1.1.1","host","USB","35","0000120000000000","URB_INTERRUPT in"
"5519","474.700029","1.1.1","host","USB","35","0000000000000000","URB_INTERRUPT in"
"5521","474.812051","1.1.1","host","USB","35","00000f0000000000","URB_INTERRUPT in"
"5523","474.884050","1.1.1","host","USB","35","0000000000000000","URB_INTERRUPT in"
"5525","474.892053","1.1.1","host","USB","35","0000080000000000","URB_INTERRUPT in"
"5527","474.956058","1.1.1","host","USB","35","0000000000000000","URB_INTERRUPT in"
"5529","474.988061","1.1.1","host","USB","35","00002c0000000000","URB_INTERRUPT in"
"5531","475.052068","1.1.1","host","USB","35","0000000000000000","URB_INTERRUPT in"
"5533","475.164080","1.1.1","host","USB","35","0000120000000000","URB_INTERRUPT in"
"5535","475.228087","1.1.1","host","USB","35","0000121100000000","URB_INTERRUPT in"
"5537","475.292091","1.1.1","host","USB","35","0000110000000000","URB_INTERRUPT in"
"5539","475.316104","1.1.1","host","USB","35","0000000000000000","URB_INTERRUPT in"
"5541","475.348103","1.1.1","host","USB","35","0000080000000000","URB_INTERRUPT in"
"5543","475.396109","1.1.1","host","USB","35","0000000000000000","URB_INTERRUPT in"
"5545","475.420109","1.1.1","host","USB","35","00002c0000000000","URB_INTERRUPT in"
"5547","475.508126","1.1.1","host","USB","35","0000000000000000","URB_INTERRUPT in"
"5549","475.540124","1.1.1","host","USB","35","0000080000000000","URB_INTERRUPT in"
"5551","475.636138","1.1.1","host","USB","35","0000000000000000","URB_INTERRUPT in"
"5553","475.724145","1.1.1","host","USB","35","0000190000000000","URB_INTERRUPT in"
"5555","475.836154","1.1.1","host","USB","35","0000080000000000","URB_INTERRUPT in"
"5557","475.924168","1.1.1","host","USB","35","0000000000000000","URB_INTERRUPT in"
"5559","475.988169","1.1.1","host","USB","35","0000110000000000","URB_INTERRUPT in"
"5561","476.060180","1.1.1","host","USB","35","0000000000000000","URB_INTERRUPT in"
"5563","476.260191","1.1.1","host","USB","35","00000c0000000000","URB_INTERRUPT in"
"5565","476.356198","1.1.1","host","USB","35","00000c1100000000","URB_INTERRUPT in"
"5567","476.388200","1.1.1","host","USB","35","0000110000000000","URB_INTERRUPT in"
"5569","476.428204","1.1.1","host","USB","35","0000000000000000","URB_INTERRUPT in"
"5571","476.460206","1.1.1","host","USB","35","00000a0000000000","URB_INTERRUPT in"
"5573","476.548226","1.1.1","host","USB","35","0000000000000000","URB_INTERRUPT in"
"5575","476.660235","1.1.1","host","USB","35","0000360000000000","URB_INTERRUPT in"
"5577","476.692233","1.1.1","host","USB","35","0000362c00000000","URB_INTERRUPT in"
"5579","476.740242","1.1.1","host","USB","35","00002c0000000000","URB_INTERRUPT in"
"5581","476.804246","1.1.1","host","USB","35","0000000000000000","URB_INTERRUPT in"
"5583","476.948263","1.1.1","host","USB","35","0000160000000000","URB_INTERRUPT in"
"5585","477.036271","1.1.1","host","USB","35","0000000000000000","URB_INTERRUPT in"
"5587","477.044271","1.1.1","host","USB","35","0000170000000000","URB_INTERRUPT in"
"5589","477.124282","1.1.1","host","USB","35","0000000000000000","URB_INTERRUPT in"
"5591","477.196287","1.1.1","host","USB","35","0000040000000000","URB_INTERRUPT in"
"5593","477.300308","1.1.1","host","USB","35","0000150000000000","URB_INTERRUPT in"
"5595","477.364312","1.1.1","host","USB","35","0000000000000000","URB_INTERRUPT in"
"5597","477.476322","1.1.1","host","USB","35","0000170000000000","URB_INTERRUPT in"
"5599","477.548332","1.1.1","host","USB","35","0000000000000000","URB_INTERRUPT in"
"5601","477.604341","1.1.1","host","USB","35","00000c0000000000","URB_INTERRUPT in"
"5603","477.660352","1.1.1","host","USB","35","00000c1100000000","URB_INTERRUPT in"
"5605","477.700348","1.1.1","host","USB","35","0000110000000000","URB_INTERRUPT in"
"5607","477.732352","1.1.1","host","USB","35","00000a0000000000","URB_INTERRUPT in"
"5609","477.820370","1.1.1","host","USB","35","0000000000000000","URB_INTERRUPT in"
"5611","477.860367","1.1.1","host","USB","35","00002c0000000000","URB_INTERRUPT in"
"5613","477.972381","1.1.1","host","USB","35","0000000000000000","URB_INTERRUPT in"
"5615","478.164407","1.1.1","host","USB","35","00001a0000000000","URB_INTERRUPT in"
"5617","478.252416","1.1.1","host","USB","35","0000000000000000","URB_INTERRUPT in"
"5619","478.260403","1.1.1","host","USB","35","00000c0000000000","URB_INTERRUPT in"
"5621","478.332425","1.1.1","host","USB","35","0000000000000000","URB_INTERRUPT in"
"5623","478.364422","1.1.1","host","USB","35","0000170000000000","URB_INTERRUPT in"
"5625","478.452423","1.1.1","host","USB","35","0000170b00000000","URB_INTERRUPT in"
"5627","478.460435","1.1.1","host","USB","35","00000b0000000000","URB_INTERRUPT in"
"5629","478.532430","1.1.1","host","USB","35","0000000000000000","URB_INTERRUPT in"
"5631","478.644445","1.1.1","host","USB","35","00002c0000000000","URB_INTERRUPT in"
"5633","478.708452","1.1.1","host","USB","35","0000000000000000","URB_INTERRUPT in"
"5635","478.916470","1.1.1","host","USB","35","00001a0000000000","URB_INTERRUPT in"
"5637","478.988479","1.1.1","host","USB","35","0000000000000000","URB_INTERRUPT in"
"5639","479.012478","1.1.1","host","USB","35","00000b0000000000","URB_INTERRUPT in"
"5641","479.092492","1.1.1","host","USB","35","0000000000000000","URB_INTERRUPT in"
"5643","479.196511","1.1.1","host","USB","35","0000120000000000","URB_INTERRUPT in"
"5645","479.300512","1.1.1","host","USB","35","0000000000000000","URB_INTERRUPT in"
"5647","479.404527","1.1.1","host","USB","35","00000f0000000000","URB_INTERRUPT in"
"5649","479.492542","1.1.1","host","USB","35","00000f0800000000","URB_INTERRUPT in"
"5651","479.516549","1.1.1","host","USB","35","0000080000000000","URB_INTERRUPT in"
"5653","479.548545","1.1.1","host","USB","35","0000000000000000","URB_INTERRUPT in"
"5655","479.716563","1.1.1","host","USB","35","0000160000000000","URB_INTERRUPT in"
"5657","479.780568","1.1.1","host","USB","35","0000000000000000","URB_INTERRUPT in"
"5659","479.820581","1.1.1","host","USB","35","0000120000000000","URB_INTERRUPT in"
"5661","479.884587","1.1.1","host","USB","35","0000121000000000","URB_INTERRUPT in"
"5663","479.900591","1.1.1","host","USB","35","0000100000000000","URB_INTERRUPT in"
"5665","479.932588","1.1.1","host","USB","35","0000100800000000","URB_INTERRUPT in"
"5667","479.948596","1.1.1","host","USB","35","0000080000000000","URB_INTERRUPT in"
"5669","480.004594","1.1.1","host","USB","35","0000000000000000","URB_INTERRUPT in"
"5671","480.084603","1.1.1","host","USB","35","00002c0000000000","URB_INTERRUPT in"
"5673","480.164609","1.1.1","host","USB","35","0000000000000000","URB_INTERRUPT in"
"5675","480.596667","1.1.1","host","USB","35","0000190000000000","URB_INTERRUPT in"
"5677","480.684668","1.1.1","host","USB","35","0000000000000000","URB_INTERRUPT in"
"5679","480.692671","1.1.1","host","USB","35","00000c0000000000","URB_INTERRUPT in"
"5681","480.764672","1.1.1","host","USB","35","0000000000000000","URB_INTERRUPT in"
"5683","480.844684","1.1.1","host","USB","35","0000070000000000","URB_INTERRUPT in"
"5685","480.900689","1.1.1","host","USB","35","0000000000000000","URB_INTERRUPT in"
"5687","480.916686","1.1.1","host","USB","35","0000080000000000","URB_INTERRUPT in"
"5689","480.988708","1.1.1","host","USB","35","0000000000000000","URB_INTERRUPT in"
"5691","481.308734","1.1.1","host","USB","35","0000120000000000","URB_INTERRUPT in"
"5693","481.372747","1.1.1","host","USB","35","0000000000000000","URB_INTERRUPT in"
"5695","481.404745","1.1.1","host","USB","35","0000160000000000","URB_INTERRUPT in"
"5697","481.476758","1.1.1","host","USB","35","0000000000000000","URB_INTERRUPT in"
"5699","481.516765","1.1.1","host","USB","35","00002c0000000000","URB_INTERRUPT in"
"5701","481.596770","1.1.1","host","USB","35","0000000000000000","URB_INTERRUPT in"
"5703","481.804781","1.1.1","host","USB","35","0000120000000000","URB_INTERRUPT in"
"5705","481.916792","1.1.1","host","USB","35","0000000000000000","URB_INTERRUPT in"
"5707","481.980802","1.1.1","host","USB","35","0000090000000000","URB_INTERRUPT in"
"5709","482.068807","1.1.1","host","USB","35","0000000000000000","URB_INTERRUPT in"
"5711","482.164816","1.1.1","host","USB","35","00002c0000000000","URB_INTERRUPT in"
"5713","482.308837","1.1.1","host","USB","35","0000000000000000","URB_INTERRUPT in"
"5715","482.796893","1.1.1","host","USB","35","0000070000000000","URB_INTERRUPT in"
"5717","482.876909","1.1.1","host","USB","35","0000000000000000","URB_INTERRUPT in"
"5719","482.956914","1.1.1","host","USB","35","0000180000000000","URB_INTERRUPT in"
"5721","483.036928","1.1.1","host","USB","35","0000180600000000","URB_INTERRUPT in"
"5723","483.044917","1.1.1","host","USB","35","0000060000000000","URB_INTERRUPT in"
"5725","483.132924","1.1.1","host","USB","35","0000000000000000","URB_INTERRUPT in"
"5727","483.188933","1.1.1","host","USB","35","00000e0000000000","URB_INTERRUPT in"
"5729","483.252940","1.1.1","host","USB","35","0000000000000000","URB_INTERRUPT in"
"5731","483.364951","1.1.1","host","USB","35","00000c0000000000","URB_INTERRUPT in"
"5733","483.412963","1.1.1","host","USB","35","00000c1100000000","URB_INTERRUPT in"
"5735","483.428956","1.1.1","host","USB","35","0000110000000000","URB_INTERRUPT in"
"5737","483.484966","1.1.1","host","USB","35","0000000000000000","URB_INTERRUPT in"
"5739","483.732987","1.1.1","host","USB","35","00002a0000000000","URB_INTERRUPT in"
"5741","483.813005","1.1.1","host","USB","35","0000000000000000","URB_INTERRUPT in"
"5743","484.789096","1.1.1","host","USB","35","00002a0000000000","URB_INTERRUPT in"
"5745","484.861102","1.1.1","host","USB","35","0000000000000000","URB_INTERRUPT in"
"5747","484.957116","1.1.1","host","USB","35","00000f0000000000","URB_INTERRUPT in"
"5749","485.045124","1.1.1","host","USB","35","0000000000000000","URB_INTERRUPT in"
"5751","485.173141","1.1.1","host","USB","35","00000c0000000000","URB_INTERRUPT in"
"5753","485.269154","1.1.1","host","USB","35","00000c1100000000","URB_INTERRUPT in"
"5755","485.317156","1.1.1","host","USB","35","0000110000000000","URB_INTERRUPT in"
"5757","485.373158","1.1.1","host","USB","35","0000000000000000","URB_INTERRUPT in"
"5759","485.637190","1.1.1","host","USB","35","00002a0000000000","URB_INTERRUPT in"
"5761","485.717211","1.1.1","host","USB","35","00002a0a00000000","URB_INTERRUPT in"
"5763","485.725199","1.1.1","host","USB","35","00000a0000000000","URB_INTERRUPT in"
"5765","485.805216","1.1.1","host","USB","35","0000160000000000","URB_INTERRUPT in"
"5767","485.893228","1.1.1","host","USB","35","0000000000000000","URB_INTERRUPT in"
"5769","485.925219","1.1.1","host","USB","35","00002c0000000000","URB_INTERRUPT in"
"5771","486.005238","1.1.1","host","USB","35","0000000000000000","URB_INTERRUPT in"
"5773","486.477283","1.1.1","host","USB","35","00000f0000000000","URB_INTERRUPT in"
"5775","486.549289","1.1.1","host","USB","35","00000f0800000000","URB_INTERRUPT in"
"5777","486.565297","1.1.1","host","USB","35","0000080000000000","URB_INTERRUPT in"
"5779","486.621303","1.1.1","host","USB","35","0000080400000000","URB_INTERRUPT in"
"5781","486.629293","1.1.1","host","USB","35","0000040000000000","URB_INTERRUPT in"
"5783","486.693309","1.1.1","host","USB","35","0000000000000000","URB_INTERRUPT in"
"5785","486.813321","1.1.1","host","USB","35","0000150000000000","URB_INTERRUPT in"
"5787","486.893334","1.1.1","host","USB","35","0000000000000000","URB_INTERRUPT in"
"5789","486.981342","1.1.1","host","USB","35","0000110000000000","URB_INTERRUPT in"
"5791","487.061350","1.1.1","host","USB","35","0000000000000000","URB_INTERRUPT in"
"5793","487.165347","1.1.1","host","USB","35","00000c0000000000","URB_INTERRUPT in"
"5795","487.229360","1.1.1","host","USB","35","00000c1100000000","URB_INTERRUPT in"
"5797","487.261367","1.1.1","host","USB","35","0000110000000000","URB_INTERRUPT in"
"5799","487.293362","1.1.1","host","USB","35","0000110a00000000","URB_INTERRUPT in"
"5801","487.301370","1.1.1","host","USB","35","00000a0000000000","URB_INTERRUPT in"
"5803","487.373371","1.1.1","host","USB","35","0000000000000000","URB_INTERRUPT in"
"5805","487.405370","1.1.1","host","USB","35","00002c0000000000","URB_INTERRUPT in"
"5807","487.469380","1.1.1","host","USB","35","0000000000000000","URB_INTERRUPT in"
"5809","487.517383","1.1.1","host","USB","35","0000170000000000","URB_INTERRUPT in"
"5811","487.565387","1.1.1","host","USB","35","0000171200000000","URB_INTERRUPT in"
"5813","487.581403","1.1.1","host","USB","35","0000120000000000","URB_INTERRUPT in"
"5815","487.613400","1.1.1","host","USB","35","0000000000000000","URB_INTERRUPT in"
"5817","487.693399","1.1.1","host","USB","35","00002c0000000000","URB_INTERRUPT in"
"5819","487.789428","1.1.1","host","USB","35","0000000000000000","URB_INTERRUPT in"
"5821","488.029440","1.1.1","host","USB","35","0000160000000000","URB_INTERRUPT in"
"5823","488.117447","1.1.1","host","USB","35","0000000000000000","URB_INTERRUPT in"
"5825","488.197455","1.1.1","host","USB","35","00001a0000000000","URB_INTERRUPT in"
"5827","488.285477","1.1.1","host","USB","35","00000c0000000000","URB_INTERRUPT in"
"5829","488.333478","1.1.1","host","USB","35","00000c1000000000","URB_INTERRUPT in"
"5831","488.365480","1.1.1","host","USB","35","0000100000000000","URB_INTERRUPT in"
"5833","488.413490","1.1.1","host","USB","35","0000000000000000","URB_INTERRUPT in"
"5835","488.565509","1.1.1","host","USB","35","0000360000000000","URB_INTERRUPT in"
"5837","488.661522","1.1.1","host","USB","35","0000000000000000","URB_INTERRUPT in"
"5839","489.237580","1.1.1","host","USB","35","00002a0000000000","URB_INTERRUPT in"
"5841","489.293579","1.1.1","host","USB","35","0000000000000000","URB_INTERRUPT in"
"5843","489.485593","1.1.1","host","USB","35","0000370000000000","URB_INTERRUPT in"
"5845","489.589602","1.1.1","host","USB","35","0000000000000000","URB_INTERRUPT in"
"5847","489.757623","1.1.1","host","USB","35","00002c0000000000","URB_INTERRUPT in"
"5849","489.821629","1.1.1","host","USB","35","0000000000000000","URB_INTERRUPT in"
"5851","489.869636","1.1.1","host","USB","35","0200000000000000","URB_INTERRUPT in"
"5853","492.269896","1.1.1","host","USB","35","0200170000000000","URB_INTERRUPT in"
"5855","492.333909","1.1.1","host","USB","35","0000170000000000","URB_INTERRUPT in"
"5857","492.365907","1.1.1","host","USB","35","0000000000000000","URB_INTERRUPT in"
"5859","492.469925","1.1.1","host","USB","35","00000b0000000000","URB_INTERRUPT in"
"5861","492.509924","1.1.1","host","USB","35","00000b0400000000","URB_INTERRUPT in"
"5863","492.541933","1.1.1","host","USB","35","0000040000000000","URB_INTERRUPT in"
"5865","492.605933","1.1.1","host","USB","35","0000000000000000","URB_INTERRUPT in"
"5867","492.613929","1.1.1","host","USB","35","0000170000000000","URB_INTERRUPT in"
"5869","492.693937","1.1.1","host","USB","35","0000000000000000","URB_INTERRUPT in"
"5871","492.749949","1.1.1","host","USB","35","00002c0000000000","URB_INTERRUPT in"
"5873","492.845969","1.1.1","host","USB","35","0000000000000000","URB_INTERRUPT in"
"5875","492.973962","1.1.1","host","USB","35","0000160000000000","URB_INTERRUPT in"
"5877","493.061972","1.1.1","host","USB","35","0000000000000000","URB_INTERRUPT in"
"5879","493.085975","1.1.1","host","USB","35","00000b0000000000","URB_INTERRUPT in"
"5881","493.205997","1.1.1","host","USB","35","0000000000000000","URB_INTERRUPT in"
"5883","493.310001","1.1.1","host","USB","35","0000120000000000","URB_INTERRUPT in"
"5885","493.422013","1.1.1","host","USB","35","0000121800000000","URB_INTERRUPT in"
"5887","493.478023","1.1.1","host","USB","35","0000180000000000","URB_INTERRUPT in"
"5889","493.510020","1.1.1","host","USB","35","0000000000000000","URB_INTERRUPT in"
"5891","493.638033","1.1.1","host","USB","35","00000f0000000000","URB_INTERRUPT in"
"5893","493.750045","1.1.1","host","USB","35","0000000000000000","URB_INTERRUPT in"
"5895","493.766048","1.1.1","host","USB","35","0000070000000000","URB_INTERRUPT in"
"5897","493.854074","1.1.1","host","USB","35","0000000000000000","URB_INTERRUPT in"
"5899","493.910075","1.1.1","host","USB","35","00002c0000000000","URB_INTERRUPT in"
"5901","494.006082","1.1.1","host","USB","35","0000000000000000","URB_INTERRUPT in"
"5903","494.198103","1.1.1","host","USB","35","00000b0000000000","URB_INTERRUPT in"
"5905","494.278116","1.1.1","host","USB","35","0000000000000000","URB_INTERRUPT in"
"5907","494.302116","1.1.1","host","USB","35","0000040000000000","URB_INTERRUPT in"
"5909","494.374127","1.1.1","host","USB","35","0000000000000000","URB_INTERRUPT in"
"5911","494.430127","1.1.1","host","USB","35","0000190000000000","URB_INTERRUPT in"
"5913","494.486139","1.1.1","host","USB","35","0000190800000000","URB_INTERRUPT in"
"5915","494.502131","1.1.1","host","USB","35","0000080000000000","URB_INTERRUPT in"
"5917","494.558133","1.1.1","host","USB","35","0000000000000000","URB_INTERRUPT in"
"5919","494.566138","1.1.1","host","USB","35","00002c0000000000","URB_INTERRUPT in"
"5921","494.638148","1.1.1","host","USB","35","0000000000000000","URB_INTERRUPT in"
"5923","494.742155","1.1.1","host","USB","35","0000050000000000","URB_INTERRUPT in"
"5925","494.814173","1.1.1","host","USB","35","0000000000000000","URB_INTERRUPT in"
"5927","494.862166","1.1.1","host","USB","35","0000080000000000","URB_INTERRUPT in"
"5929","494.926170","1.1.1","host","USB","35","0000000000000000","URB_INTERRUPT in"
"5931","494.998180","1.1.1","host","USB","35","0000080000000000","URB_INTERRUPT in"
"5933","495.062187","1.1.1","host","USB","35","0000000000000000","URB_INTERRUPT in"
"5935","495.158194","1.1.1","host","USB","35","0000110000000000","URB_INTERRUPT in"
"5937","495.238210","1.1.1","host","USB","35","0000000000000000","URB_INTERRUPT in"
"5939","495.326213","1.1.1","host","USB","35","00002c0000000000","URB_INTERRUPT in"
"5941","495.398220","1.1.1","host","USB","35","0000000000000000","URB_INTERRUPT in"
"5943","495.494231","1.1.1","host","USB","35","0000100000000000","URB_INTERRUPT in"
"5945","495.574239","1.1.1","host","USB","35","0000000000000000","URB_INTERRUPT in"
"5947","495.782271","1.1.1","host","USB","35","00001c0000000000","URB_INTERRUPT in"
"5949","495.830265","1.1.1","host","USB","35","0000000000000000","URB_INTERRUPT in"
"5951","496.038303","1.1.1","host","USB","35","00002c0000000000","URB_INTERRUPT in"
"5953","496.118317","1.1.1","host","USB","35","0000000000000000","URB_INTERRUPT in"
"5955","496.470349","1.1.1","host","USB","35","0000060000000000","URB_INTERRUPT in"
"5957","496.558353","1.1.1","host","USB","35","0000000000000000","URB_INTERRUPT in"
"5959","496.590359","1.1.1","host","USB","35","0000180000000000","URB_INTERRUPT in"
"5961","496.654371","1.1.1","host","USB","35","0000000000000000","URB_INTERRUPT in"
"5963","496.678366","1.1.1","host","USB","35","0000080000000000","URB_INTERRUPT in"
"5965","496.750370","1.1.1","host","USB","35","0000000000000000","URB_INTERRUPT in"
"5967","496.798379","1.1.1","host","USB","35","00002c0000000000","URB_INTERRUPT in"
"5969","496.862383","1.1.1","host","USB","35","0000000000000000","URB_INTERRUPT in"
"5971","496.918391","1.1.1","host","USB","35","0000170000000000","URB_INTERRUPT in"
"5973","496.966403","1.1.1","host","USB","35","0000171200000000","URB_INTERRUPT in"
"5975","496.982394","1.1.1","host","USB","35","0000120000000000","URB_INTERRUPT in"
"5977","497.030401","1.1.1","host","USB","35","0000000000000000","URB_INTERRUPT in"
"5979","497.126415","1.1.1","host","USB","35","00002c0000000000","URB_INTERRUPT in"
"5981","497.206430","1.1.1","host","USB","35","0000000000000000","URB_INTERRUPT in"
"5983","497.230423","1.1.1","host","USB","35","0000160000000000","URB_INTERRUPT in"
"5985","497.326439","1.1.1","host","USB","35","0000161700000000","URB_INTERRUPT in"
"5987","497.350435","1.1.1","host","USB","35","0000170000000000","URB_INTERRUPT in"
"5989","497.398443","1.1.1","host","USB","35","0000000000000000","URB_INTERRUPT in"
"5991","497.414434","1.1.1","host","USB","35","0000120000000000","URB_INTERRUPT in"
"5993","497.486447","1.1.1","host","USB","35","0000121300000000","URB_INTERRUPT in"
"5995","497.542457","1.1.1","host","USB","35","0000130000000000","URB_INTERRUPT in"
"5997","497.566460","1.1.1","host","USB","35","0000000000000000","URB_INTERRUPT in"
"5999","497.774480","1.1.1","host","USB","35","0000370000000000","URB_INTERRUPT in"
"6001","497.910495","1.1.1","host","USB","35","0000000000000000","URB_INTERRUPT in"
"6003","498.126521","1.1.1","host","USB","35","00002c0000000000","URB_INTERRUPT in"
"6005","498.254525","1.1.1","host","USB","35","0000000000000000","URB_INTERRUPT in"
"6007","498.398539","1.1.1","host","USB","35","0200000000000000","URB_INTERRUPT in"
"6009","498.470547","1.1.1","host","USB","35","0200050000000000","URB_INTERRUPT in"
"6011","498.534557","1.1.1","host","USB","35","0200000000000000","URB_INTERRUPT in"
"6013","498.550556","1.1.1","host","USB","35","0000000000000000","URB_INTERRUPT in"
"6015","498.862589","1.1.1","host","USB","35","0000180000000000","URB_INTERRUPT in"
"6017","498.942598","1.1.1","host","USB","35","0000000000000000","URB_INTERRUPT in"
"6019","499.022609","1.1.1","host","USB","35","0000170000000000","URB_INTERRUPT in"
"6021","499.062610","1.1.1","host","USB","35","0000172c00000000","URB_INTERRUPT in"
"6023","499.094613","1.1.1","host","USB","35","00002c0000000000","URB_INTERRUPT in"
"6025","499.150621","1.1.1","host","USB","35","0000000000000000","URB_INTERRUPT in"
"6027","499.262630","1.1.1","host","USB","35","0000170000000000","URB_INTERRUPT in"
"6029","499.310647","1.1.1","host","USB","35","0000170b00000000","URB_INTERRUPT in"
"6031","499.326644","1.1.1","host","USB","35","00000b0000000000","URB_INTERRUPT in"
"6033","499.398648","1.1.1","host","USB","35","0000000000000000","URB_INTERRUPT in"
"6035","499.430663","1.1.1","host","USB","35","0000080000000000","URB_INTERRUPT in"
"6037","499.494671","1.1.1","host","USB","35","0000000000000000","URB_INTERRUPT in"
"6039","499.510672","1.1.1","host","USB","35","00002c0000000000","URB_INTERRUPT in"
"6041","499.598684","1.1.1","host","USB","35","0000000000000000","URB_INTERRUPT in"
"6043","500.206740","1.1.1","host","USB","35","0000060000000000","URB_INTERRUPT in"
"6045","500.294749","1.1.1","host","USB","35","0000000000000000","URB_INTERRUPT in"
"6047","500.302744","1.1.1","host","USB","35","0000180000000000","URB_INTERRUPT in"
"6049","500.374752","1.1.1","host","USB","35","0000000000000000","URB_INTERRUPT in"
"6051","500.430754","1.1.1","host","USB","35","0000150000000000","URB_INTERRUPT in"
"6053","500.510767","1.1.1","host","USB","35","0000000000000000","URB_INTERRUPT in"
"6055","500.734786","1.1.1","host","USB","35","00000c0000000000","URB_INTERRUPT in"
"6057","500.830799","1.1.1","host","USB","35","0000000000000000","URB_INTERRUPT in"
"6059","500.998824","1.1.1","host","USB","35","0000120000000000","URB_INTERRUPT in"
"6061","501.118830","1.1.1","host","USB","35","0000000000000000","URB_INTERRUPT in"
"6063","501.134832","1.1.1","host","USB","35","0000160000000000","URB_INTERRUPT in"
"6065","501.222840","1.1.1","host","USB","35","0000000000000000","URB_INTERRUPT in"
"6067","501.278845","1.1.1","host","USB","35","00000c0000000000","URB_INTERRUPT in"
"6069","501.366855","1.1.1","host","USB","35","0000000000000000","URB_INTERRUPT in"
"6071","501.422861","1.1.1","host","USB","35","0000170000000000","URB_INTERRUPT in"
"6073","501.526886","1.1.1","host","USB","35","0000000000000000","URB_INTERRUPT in"
"6075","501.638891","1.1.1","host","USB","35","00001c0000000000","URB_INTERRUPT in"
"6077","501.710897","1.1.1","host","USB","35","0000000000000000","URB_INTERRUPT in"
"6079","501.750899","1.1.1","host","USB","35","00002c0000000000","URB_INTERRUPT in"
"6081","501.814910","1.1.1","host","USB","35","0000000000000000","URB_INTERRUPT in"
"6083","501.950929","1.1.1","host","USB","35","0000100000000000","URB_INTERRUPT in"
"6085","502.022935","1.1.1","host","USB","35","0000000000000000","URB_INTERRUPT in"
"6087","502.062939","1.1.1","host","USB","35","0000040000000000","URB_INTERRUPT in"
"6089","502.158955","1.1.1","host","USB","35","0000040600000000","URB_INTERRUPT in"
"6091","502.166945","1.1.1","host","USB","35","0000060000000000","URB_INTERRUPT in"
"6093","502.230952","1.1.1","host","USB","35","0000000000000000","URB_INTERRUPT in"
"6095","502.254959","1.1.1","host","USB","35","00000b0000000000","URB_INTERRUPT in"
"6097","502.326972","1.1.1","host","USB","35","0000000000000000","URB_INTERRUPT in"
"6099","502.414981","1.1.1","host","USB","35","00000c0000000000","URB_INTERRUPT in"
"6101","502.478989","1.1.1","host","USB","35","00000c1100000000","URB_INTERRUPT in"
"6103","502.502987","1.1.1","host","USB","35","0000110000000000","URB_INTERRUPT in"
"6105","502.542989","1.1.1","host","USB","35","0000000000000000","URB_INTERRUPT in"
"6107","502.550990","1.1.1","host","USB","35","0000080000000000","URB_INTERRUPT in"
"6109","502.615003","1.1.1","host","USB","35","0000000000000000","URB_INTERRUPT in"
"6111","502.647001","1.1.1","host","USB","35","00002c0000000000","URB_INTERRUPT in"
"6113","502.743015","1.1.1","host","USB","35","0000000000000000","URB_INTERRUPT in"
"6115","502.807015","1.1.1","host","USB","35","0000170000000000","URB_INTERRUPT in"
"6117","502.871023","1.1.1","host","USB","35","0000000000000000","URB_INTERRUPT in"
"6119","502.895020","1.1.1","host","USB","35","00000b0000000000","URB_INTERRUPT in"
"6121","502.967041","1.1.1","host","USB","35","00000b0400000000","URB_INTERRUPT in"
"6123","502.975030","1.1.1","host","USB","35","0000040000000000","URB_INTERRUPT in"
"6125","503.055038","1.1.1","host","USB","35","0000000000000000","URB_INTERRUPT in"
"6127","503.063039","1.1.1","host","USB","35","0000170000000000","URB_INTERRUPT in"
"6129","503.111047","1.1.1","host","USB","35","0000172c00000000","URB_INTERRUPT in"
"6131","503.119052","1.1.1","host","USB","35","00002c0000000000","URB_INTERRUPT in"
"6133","503.175053","1.1.1","host","USB","35","0000000000000000","URB_INTERRUPT in"
"6135","503.247070","1.1.1","host","USB","35","00000c0000000000","URB_INTERRUPT in"
"6137","503.343081","1.1.1","host","USB","35","0000000000000000","URB_INTERRUPT in"
"6139","503.367072","1.1.1","host","USB","35","0000160000000000","URB_INTERRUPT in"
"6141","503.431079","1.1.1","host","USB","35","0000000000000000","URB_INTERRUPT in"
"6143","503.447083","1.1.1","host","USB","35","00002c0000000000","URB_INTERRUPT in"
"6145","503.551104","1.1.1","host","USB","35","0000000000000000","URB_INTERRUPT in"
"6147","503.559089","1.1.1","host","USB","35","0000170000000000","URB_INTERRUPT in"
"6149","503.647113","1.1.1","host","USB","35","0000000000000000","URB_INTERRUPT in"
"6151","503.663107","1.1.1","host","USB","35","00000b0000000000","URB_INTERRUPT in"
"6153","503.727104","1.1.1","host","USB","35","00000b0800000000","URB_INTERRUPT in"
"6155","503.735106","1.1.1","host","USB","35","0000080000000000","URB_INTERRUPT in"
"6157","503.799113","1.1.1","host","USB","35","0000000000000000","URB_INTERRUPT in"
"6159","503.831119","1.1.1","host","USB","35","00002c0000000000","URB_INTERRUPT in"
"6161","503.895123","1.1.1","host","USB","35","0000000000000000","URB_INTERRUPT in"
"6163","503.975130","1.1.1","host","USB","35","00000c0000000000","URB_INTERRUPT in"
"6165","504.031138","1.1.1","host","USB","35","00000c1100000000","URB_INTERRUPT in"
"6167","504.071145","1.1.1","host","USB","35","0000110000000000","URB_INTERRUPT in"
"6169","504.103144","1.1.1","host","USB","35","0000111700000000","URB_INTERRUPT in"
"6171","504.111152","1.1.1","host","USB","35","0000170000000000","URB_INTERRUPT in"
"6173","504.191155","1.1.1","host","USB","35","0000170800000000","URB_INTERRUPT in"
"6175","504.199166","1.1.1","host","USB","35","0000080000000000","URB_INTERRUPT in"
"6177","504.311179","1.1.1","host","USB","35","0000081500000000","URB_INTERRUPT in"
"6179","504.327169","1.1.1","host","USB","35","0000150000000000","URB_INTERRUPT in"
"6181","504.399187","1.1.1","host","USB","35","0000000000000000","URB_INTERRUPT in"
"6183","504.423174","1.1.1","host","USB","35","0000110000000000","URB_INTERRUPT in"
"6185","504.511188","1.1.1","host","USB","35","0000000000000000","URB_INTERRUPT in"
"6187","504.535190","1.1.1","host","USB","35","0000080000000000","URB_INTERRUPT in"
"6189","504.647203","1.1.1","host","USB","35","0000081700000000","URB_INTERRUPT in"
"6191","504.655209","1.1.1","host","USB","35","0000170000000000","URB_INTERRUPT in"
"6193","504.735211","1.1.1","host","USB","35","0000000000000000","URB_INTERRUPT in"
"6195","504.751213","1.1.1","host","USB","35","00002c0000000000","URB_INTERRUPT in"
"6197","504.815221","1.1.1","host","USB","35","0000000000000000","URB_INTERRUPT in"
"6199","504.895240","1.1.1","host","USB","35","00000c0000000000","URB_INTERRUPT in"
"6201","504.967243","1.1.1","host","USB","35","0000000000000000","URB_INTERRUPT in"
"6203","504.991249","1.1.1","host","USB","35","0000160000000000","URB_INTERRUPT in"
"6205","505.071264","1.1.1","host","USB","35","0000000000000000","URB_INTERRUPT in"
"6207","505.079251","1.1.1","host","USB","35","00002c0000000000","URB_INTERRUPT in"
"6209","505.175269","1.1.1","host","USB","35","0000000000000000","URB_INTERRUPT in"
"6211","505.199266","1.1.1","host","USB","35","0000150000000000","URB_INTERRUPT in"
"6213","505.287288","1.1.1","host","USB","35","0000150800000000","URB_INTERRUPT in"
"6215","505.311280","1.1.1","host","USB","35","0000080000000000","URB_INTERRUPT in"
"6217","505.359286","1.1.1","host","USB","35","0000000000000000","URB_INTERRUPT in"
"6219","505.455299","1.1.1","host","USB","35","00000f0000000000","URB_INTERRUPT in"
"6221","505.567306","1.1.1","host","USB","35","0000000000000000","URB_INTERRUPT in"
"6223","505.871338","1.1.1","host","USB","35","0000080000000000","URB_INTERRUPT in"
"6225","505.975348","1.1.1","host","USB","35","0000000000000000","URB_INTERRUPT in"
"6227","506.007356","1.1.1","host","USB","35","0000110000000000","URB_INTERRUPT in"
"6229","506.103359","1.1.1","host","USB","35","0000000000000000","URB_INTERRUPT in"
"6231","506.159364","1.1.1","host","USB","35","0000170000000000","URB_INTERRUPT in"
"6233","506.247375","1.1.1","host","USB","35","0000000000000000","URB_INTERRUPT in"
"6235","506.511403","1.1.1","host","USB","35","00000f0000000000","URB_INTERRUPT in"
"6237","506.607411","1.1.1","host","USB","35","0000000000000000","URB_INTERRUPT in"
"6239","506.615412","1.1.1","host","USB","35","0000080000000000","URB_INTERRUPT in"
"6241","506.695421","1.1.1","host","USB","35","0000000000000000","URB_INTERRUPT in"
"6243","506.783439","1.1.1","host","USB","35","0000160000000000","URB_INTERRUPT in"
"6245","506.847451","1.1.1","host","USB","35","0000000000000000","URB_INTERRUPT in"
"6247","506.943446","1.1.1","host","USB","35","0000160000000000","URB_INTERRUPT in"
"6249","507.047470","1.1.1","host","USB","35","0000000000000000","URB_INTERRUPT in"
"6251","507.247489","1.1.1","host","USB","35","0000360000000000","URB_INTERRUPT in"
"6253","507.335504","1.1.1","host","USB","35","0000362c00000000","URB_INTERRUPT in"
"6255","507.343499","1.1.1","host","USB","35","00002c0000000000","URB_INTERRUPT in"
"6257","507.447515","1.1.1","host","USB","35","0000000000000000","URB_INTERRUPT in"
"6259","507.455509","1.1.1","host","USB","35","0000040000000000","URB_INTERRUPT in"
"6261","507.535515","1.1.1","host","USB","35","0000000000000000","URB_INTERRUPT in"
"6263","507.567526","1.1.1","host","USB","35","0000110000000000","URB_INTERRUPT in"
"6265","507.647538","1.1.1","host","USB","35","0000000000000000","URB_INTERRUPT in"
"6267","507.655532","1.1.1","host","USB","35","0000070000000000","URB_INTERRUPT in"
"6269","507.719544","1.1.1","host","USB","35","0000000000000000","URB_INTERRUPT in"
"6271","507.727533","1.1.1","host","USB","35","00002c0000000000","URB_INTERRUPT in"
"6273","507.823565","1.1.1","host","USB","35","00002c0400000000","URB_INTERRUPT in"
"6275","507.831547","1.1.1","host","USB","35","0000040000000000","URB_INTERRUPT in"
"6277","507.943567","1.1.1","host","USB","35","0000040900000000","URB_INTERRUPT in"
"6279","507.951560","1.1.1","host","USB","35","0000090000000000","URB_INTERRUPT in"
"6281","508.015574","1.1.1","host","USB","35","0000000000000000","URB_INTERRUPT in"
"6283","508.119577","1.1.1","host","USB","35","0000170000000000","URB_INTERRUPT in"
"6285","508.207587","1.1.1","host","USB","35","0000000000000000","URB_INTERRUPT in"
"6287","508.215591","1.1.1","host","USB","35","0000080000000000","URB_INTERRUPT in"
"6289","508.295608","1.1.1","host","USB","35","0000081500000000","URB_INTERRUPT in"
"6291","508.303607","1.1.1","host","USB","35","0000150000000000","URB_INTERRUPT in"
"6293","508.367611","1.1.1","host","USB","35","0000152c00000000","URB_INTERRUPT in"
"6295","508.375605","1.1.1","host","USB","35","00002c0000000000","URB_INTERRUPT in"
"6297","508.439611","1.1.1","host","USB","35","0000000000000000","URB_INTERRUPT in"
"6299","508.503623","1.1.1","host","USB","35","0000060000000000","URB_INTERRUPT in"
"6301","508.575634","1.1.1","host","USB","35","0000060f00000000","URB_INTERRUPT in"
"6303","508.583631","1.1.1","host","USB","35","00000f0000000000","URB_INTERRUPT in"
"6305","508.647639","1.1.1","host","USB","35","0000000000000000","URB_INTERRUPT in"
"6307","508.719641","1.1.1","host","USB","35","00000c0000000000","URB_INTERRUPT in"
"6309","508.823664","1.1.1","host","USB","35","0000000000000000","URB_INTERRUPT in"
"6311","508.863661","1.1.1","host","USB","35","0000060000000000","URB_INTERRUPT in"
"6313","508.927664","1.1.1","host","USB","35","0000000000000000","URB_INTERRUPT in"
"6315","508.951659","1.1.1","host","USB","35","00000e0000000000","URB_INTERRUPT in"
"6317","509.031683","1.1.1","host","USB","35","0000000000000000","URB_INTERRUPT in"
"6319","509.199688","1.1.1","host","USB","35","00000c0000000000","URB_INTERRUPT in"
"6321","509.215689","1.1.1","host","USB","35","00000c1100000000","URB_INTERRUPT in"
"6323","509.239702","1.1.1","host","USB","35","0000110000000000","URB_INTERRUPT in"
"6325","509.303697","1.1.1","host","USB","35","0000000000000000","URB_INTERRUPT in"
"6327","509.319697","1.1.1","host","USB","35","00000a0000000000","URB_INTERRUPT in"
"6329","509.447717","1.1.1","host","USB","35","0000000000000000","URB_INTERRUPT in"
"6331","509.487719","1.1.1","host","USB","35","00002c0000000000","URB_INTERRUPT in"
"6333","509.599729","1.1.1","host","USB","35","0000000000000000","URB_INTERRUPT in"
"6335","509.639733","1.1.1","host","USB","35","0000090000000000","URB_INTERRUPT in"
"6337","509.719745","1.1.1","host","USB","35","0000091500000000","URB_INTERRUPT in"
"6339","509.735749","1.1.1","host","USB","35","0000150000000000","URB_INTERRUPT in"
"6341","509.767748","1.1.1","host","USB","35","0000151200000000","URB_INTERRUPT in"
"6343","509.799761","1.1.1","host","USB","35","0000120000000000","URB_INTERRUPT in"
"6345","509.831758","1.1.1","host","USB","35","0000121000000000","URB_INTERRUPT in"
"6347","509.855756","1.1.1","host","USB","35","0000100000000000","URB_INTERRUPT in"
"6349","509.903762","1.1.1","host","USB","35","0000000000000000","URB_INTERRUPT in"
"6351","510.007775","1.1.1","host","USB","35","00002c0000000000","URB_INTERRUPT in"
"6353","510.055777","1.1.1","host","USB","35","0000000000000000","URB_INTERRUPT in"
"6355","510.271802","1.1.1","host","USB","35","0000120000000000","URB_INTERRUPT in"
"6357","510.335810","1.1.1","host","USB","35","0000121100000000","URB_INTERRUPT in"
"6359","510.383827","1.1.1","host","USB","35","0000110000000000","URB_INTERRUPT in"
"6361","510.407821","1.1.1","host","USB","35","0000110800000000","URB_INTERRUPT in"
"6363","510.423821","1.1.1","host","USB","35","0000080000000000","URB_INTERRUPT in"
"6365","510.487833","1.1.1","host","USB","35","0000000000000000","URB_INTERRUPT in"
"6367","510.527832","1.1.1","host","USB","35","00002c0000000000","URB_INTERRUPT in"
"6369","510.639846","1.1.1","host","USB","35","0000000000000000","URB_INTERRUPT in"
"6371","511.031888","1.1.1","host","USB","35","0000040000000000","URB_INTERRUPT in"
"6373","511.063890","1.1.1","host","USB","35","0000000000000000","URB_INTERRUPT in"
"6375","511.095895","1.1.1","host","USB","35","0000110000000000","URB_INTERRUPT in"
"6377","511.151901","1.1.1","host","USB","35","0000000000000000","URB_INTERRUPT in"
"6379","511.375927","1.1.1","host","USB","35","00002a0000000000","URB_INTERRUPT in"
"6381","511.423923","1.1.1","host","USB","35","0000000000000000","URB_INTERRUPT in"
"6383","511.503930","1.1.1","host","USB","35","00002a0000000000","URB_INTERRUPT in"
"6385","511.551944","1.1.1","host","USB","35","0000000000000000","URB_INTERRUPT in"
"6387","511.655946","1.1.1","host","USB","35","0000110000000000","URB_INTERRUPT in"
"6389","511.695958","1.1.1","host","USB","35","0000110400000000","URB_INTERRUPT in"
"6391","511.719958","1.1.1","host","USB","35","0000040000000000","URB_INTERRUPT in"
"6393","511.759956","1.1.1","host","USB","35","0000000000000000","URB_INTERRUPT in"
"6395","511.831970","1.1.1","host","USB","35","0000170000000000","URB_INTERRUPT in"
"6397","511.911979","1.1.1","host","USB","35","0000000000000000","URB_INTERRUPT in"
"6399","511.943978","1.1.1","host","USB","35","0000180000000000","URB_INTERRUPT in"
"6401","512.023988","1.1.1","host","USB","35","0000000000000000","URB_INTERRUPT in"
"6403","512.039989","1.1.1","host","USB","35","0000150000000000","URB_INTERRUPT in"
"6405","512.096003","1.1.1","host","USB","35","0000150800000000","URB_INTERRUPT in"
"6407","512.152002","1.1.1","host","USB","35","0000080000000000","URB_INTERRUPT in"
"6409","512.168004","1.1.1","host","USB","35","0000000000000000","URB_INTERRUPT in"
"6411","512.184004","1.1.1","host","USB","35","00002c0000000000","URB_INTERRUPT in"
"6413","512.272016","1.1.1","host","USB","35","0000000000000000","URB_INTERRUPT in"
"6415","512.592060","1.1.1","host","USB","35","0000070000000000","URB_INTERRUPT in"
"6417","512.664065","1.1.1","host","USB","35","0000000000000000","URB_INTERRUPT in"
"6419","512.688067","1.1.1","host","USB","35","0000120000000000","URB_INTERRUPT in"
"6421","512.752078","1.1.1","host","USB","35","0000000000000000","URB_INTERRUPT in"
"6423","512.784072","1.1.1","host","USB","35","0000060000000000","URB_INTERRUPT in"
"6425","512.864086","1.1.1","host","USB","35","0000000000000000","URB_INTERRUPT in"
"6427","512.896086","1.1.1","host","USB","35","0000180000000000","URB_INTERRUPT in"
"6429","512.952100","1.1.1","host","USB","35","0000181000000000","URB_INTERRUPT in"
"6431","512.976103","1.1.1","host","USB","35","0000100000000000","URB_INTERRUPT in"
"6433","513.032102","1.1.1","host","USB","35","0000000000000000","URB_INTERRUPT in"
"6435","513.048095","1.1.1","host","USB","35","0000080000000000","URB_INTERRUPT in"
"6437","513.120121","1.1.1","host","USB","35","0000000000000000","URB_INTERRUPT in"
"6439","513.168120","1.1.1","host","USB","35","0000110000000000","URB_INTERRUPT in"
"6441","513.248143","1.1.1","host","USB","35","0000000000000000","URB_INTERRUPT in"
"6443","513.272134","1.1.1","host","USB","35","0000170000000000","URB_INTERRUPT in"
"6445","513.336133","1.1.1","host","USB","35","0000000000000000","URB_INTERRUPT in"
"6447","513.416147","1.1.1","host","USB","35","0000040000000000","URB_INTERRUPT in"
"6449","513.528154","1.1.1","host","USB","35","0000000000000000","URB_INTERRUPT in"
"6451","513.552156","1.1.1","host","USB","35","0000170000000000","URB_INTERRUPT in"
"6453","513.600168","1.1.1","host","USB","35","0000000000000000","URB_INTERRUPT in"
"6455","513.992200","1.1.1","host","USB","35","00002a0000000000","URB_INTERRUPT in"
"6457","514.056209","1.1.1","host","USB","35","00002a1500000000","URB_INTERRUPT in"
"6459","514.096213","1.1.1","host","USB","35","0000150000000000","URB_INTERRUPT in"
"6461","514.152224","1.1.1","host","USB","35","0000151c00000000","URB_INTERRUPT in"
"6463","514.176238","1.1.1","host","USB","35","00001c0000000000","URB_INTERRUPT in"
"6465","514.216225","1.1.1","host","USB","35","0000000000000000","URB_INTERRUPT in"
"6467","514.256229","1.1.1","host","USB","35","00002c0000000000","URB_INTERRUPT in"
"6469","514.296235","1.1.1","host","USB","35","0000000000000000","URB_INTERRUPT in"
"6471","514.368251","1.1.1","host","USB","35","0000170000000000","URB_INTERRUPT in"
"6473","514.416247","1.1.1","host","USB","35","0000171200000000","URB_INTERRUPT in"
"6475","514.424247","1.1.1","host","USB","35","0000120000000000","URB_INTERRUPT in"
"6477","514.472259","1.1.1","host","USB","35","0000000000000000","URB_INTERRUPT in"
"6479","514.544257","1.1.1","host","USB","35","00002c0000000000","URB_INTERRUPT in"
"6481","514.624271","1.1.1","host","USB","35","0000000000000000","URB_INTERRUPT in"
"6483","514.632265","1.1.1","host","USB","35","0000040000000000","URB_INTERRUPT in"
"6485","514.704272","1.1.1","host","USB","35","0000000000000000","URB_INTERRUPT in"
"6487","514.720272","1.1.1","host","USB","35","0000110000000000","URB_INTERRUPT in"
"6489","514.792281","1.1.1","host","USB","35","0000000000000000","URB_INTERRUPT in"
"6491","514.856286","1.1.1","host","USB","35","0000120000000000","URB_INTERRUPT in"
"6493","514.960298","1.1.1","host","USB","35","0000000000000000","URB_INTERRUPT in"
"6495","515.024307","1.1.1","host","USB","35","0000170000000000","URB_INTERRUPT in"
"6497","515.104323","1.1.1","host","USB","35","0000170b00000000","URB_INTERRUPT in"
"6499","515.112314","1.1.1","host","USB","35","00000b0000000000","URB_INTERRUPT in"
"6501","515.192323","1.1.1","host","USB","35","0000080000000000","URB_INTERRUPT in"
"6503","515.272340","1.1.1","host","USB","35","0000081500000000","URB_INTERRUPT in"
"6505","515.288335","1.1.1","host","USB","35","0000150000000000","URB_INTERRUPT in"
"6507","515.360342","1.1.1","host","USB","35","0000000000000000","URB_INTERRUPT in"
"6509","515.368341","1.1.1","host","USB","35","0000360000000000","URB_INTERRUPT in"
"6511","515.416347","1.1.1","host","USB","35","0000362c00000000","URB_INTERRUPT in"
"6513","515.456351","1.1.1","host","USB","35","00002c0000000000","URB_INTERRUPT in"
"6515","515.496358","1.1.1","host","USB","35","0000000000000000","URB_INTERRUPT in"
"6517","515.584375","1.1.1","host","USB","35","0200000000000000","URB_INTERRUPT in"
"6519","515.624370","1.1.1","host","USB","35","02000c0000000000","URB_INTERRUPT in"
"6521","515.696379","1.1.1","host","USB","35","0200000000000000","URB_INTERRUPT in"
"6523","515.768386","1.1.1","host","USB","35","0000000000000000","URB_INTERRUPT in"
"6525","515.816400","1.1.1","host","USB","35","00002c0000000000","URB_INTERRUPT in"
"6527","515.912410","1.1.1","host","USB","35","0000000000000000","URB_INTERRUPT in"
"6529","516.008424","1.1.1","host","USB","35","0000160000000000","URB_INTERRUPT in"
"6531","516.080434","1.1.1","host","USB","35","0000000000000000","URB_INTERRUPT in"
"6533","516.200440","1.1.1","host","USB","35","0000180000000000","URB_INTERRUPT in"
"6535","516.320448","1.1.1","host","USB","35","0000000000000000","URB_INTERRUPT in"
"6537","516.520469","1.1.1","host","USB","35","00002a0000000000","URB_INTERRUPT in"
"6539","516.584486","1.1.1","host","USB","35","0000000000000000","URB_INTERRUPT in"
"6541","516.592473","1.1.1","host","USB","35","0000170000000000","URB_INTERRUPT in"
"6543","516.680492","1.1.1","host","USB","35","0000000000000000","URB_INTERRUPT in"
"6545","516.752499","1.1.1","host","USB","35","0000180000000000","URB_INTERRUPT in"
"6547","516.864503","1.1.1","host","USB","35","0000181000000000","URB_INTERRUPT in"
"6549","516.880508","1.1.1","host","USB","35","0000100000000000","URB_INTERRUPT in"
"6551","516.928510","1.1.1","host","USB","35","0000000000000000","URB_INTERRUPT in"
"6553","517.080526","1.1.1","host","USB","35","0000050000000000","URB_INTERRUPT in"
"6555","517.128532","1.1.1","host","USB","35","0000000000000000","URB_INTERRUPT in"
"6557","517.248554","1.1.1","host","USB","35","00000f0000000000","URB_INTERRUPT in"
"6559","517.328551","1.1.1","host","USB","35","00000f0800000000","URB_INTERRUPT in"
"6561","517.344553","1.1.1","host","USB","35","0000080000000000","URB_INTERRUPT in"
"6563","517.384557","1.1.1","host","USB","35","0000000000000000","URB_INTERRUPT in"
"6565","517.464562","1.1.1","host","USB","35","0000070000000000","URB_INTERRUPT in"
"6567","517.528578","1.1.1","host","USB","35","0000000000000000","URB_INTERRUPT in"
"6569","517.544572","1.1.1","host","USB","35","00002c0000000000","URB_INTERRUPT in"
"6571","517.600581","1.1.1","host","USB","35","0000000000000000","URB_INTERRUPT in"
"6573","517.824606","1.1.1","host","USB","35","0000180000000000","URB_INTERRUPT in"
"6575","517.960616","1.1.1","host","USB","35","0000000000000000","URB_INTERRUPT in"
"6577","517.984619","1.1.1","host","USB","35","0000130000000000","URB_INTERRUPT in"
"6579","518.080644","1.1.1","host","USB","35","0000000000000000","URB_INTERRUPT in"
"6581","518.752711","1.1.1","host","USB","35","0000180000000000","URB_INTERRUPT in"
"6583","518.832725","1.1.1","host","USB","35","0000000000000000","URB_INTERRUPT in"
"6585","518.952728","1.1.1","host","USB","35","0000110000000000","URB_INTERRUPT in"
"6587","519.024738","1.1.1","host","USB","35","0000000000000000","URB_INTERRUPT in"
"6589","519.096748","1.1.1","host","USB","35","00002c0000000000","URB_INTERRUPT in"
"6591","519.200766","1.1.1","host","USB","35","0000000000000000","URB_INTERRUPT in"
"6593","519.224755","1.1.1","host","USB","35","0000170000000000","URB_INTERRUPT in"
"6595","519.328778","1.1.1","host","USB","35","0000000000000000","URB_INTERRUPT in"
"6597","519.352770","1.1.1","host","USB","35","00000b0000000000","URB_INTERRUPT in"
"6599","519.424790","1.1.1","host","USB","35","0000000000000000","URB_INTERRUPT in"
"6601","519.640814","1.1.1","host","USB","35","00002a0000000000","URB_INTERRUPT in"
"6603","519.688809","1.1.1","host","USB","35","0000000000000000","URB_INTERRUPT in"
"6605","519.768819","1.1.1","host","USB","35","00002a0000000000","URB_INTERRUPT in"
"6607","519.816830","1.1.1","host","USB","35","0000000000000000","URB_INTERRUPT in"
"6609","519.912838","1.1.1","host","USB","35","00002a0000000000","URB_INTERRUPT in"
"6611","519.952842","1.1.1","host","USB","35","0000000000000000","URB_INTERRUPT in"
"6613","520.048842","1.1.1","host","USB","35","00002a0000000000","URB_INTERRUPT in"
"6615","520.104859","1.1.1","host","USB","35","0000000000000000","URB_INTERRUPT in"
"6617","520.248882","1.1.1","host","USB","35","00002a0000000000","URB_INTERRUPT in"
"6619","520.296865","1.1.1","host","USB","35","0000000000000000","URB_INTERRUPT in"
"6621","521.609021","1.1.1","host","USB","35","0000120000000000","URB_INTERRUPT in"
"6623","521.673016","1.1.1","host","USB","35","0000121100000000","URB_INTERRUPT in"
"6625","521.713032","1.1.1","host","USB","35","0000110000000000","URB_INTERRUPT in"
"6627","521.729027","1.1.1","host","USB","35","0000000000000000","URB_INTERRUPT in"
"6629","521.809041","1.1.1","host","USB","35","00002c0000000000","URB_INTERRUPT in"
"6631","521.881048","1.1.1","host","USB","35","0000000000000000","URB_INTERRUPT in"
"6633","521.897040","1.1.1","host","USB","35","0000170000000000","URB_INTERRUPT in"
"6635","521.969051","1.1.1","host","USB","35","0000000000000000","URB_INTERRUPT in"
"6637","522.009057","1.1.1","host","USB","35","00000b0000000000","URB_INTERRUPT in"
"6639","522.065060","1.1.1","host","USB","35","00000b0800000000","URB_INTERRUPT in"
"6641","522.073060","1.1.1","host","USB","35","0000080000000000","URB_INTERRUPT in"
"6643","522.121062","1.1.1","host","USB","35","0000000000000000","URB_INTERRUPT in"
"6645","522.193081","1.1.1","host","USB","35","00002c0000000000","URB_INTERRUPT in"
"6647","522.265080","1.1.1","host","USB","35","0000000000000000","URB_INTERRUPT in"
"6649","522.361097","1.1.1","host","USB","35","0000180000000000","URB_INTERRUPT in"
"6651","522.417088","1.1.1","host","USB","35","0000181100000000","URB_INTERRUPT in"
"6653","522.441093","1.1.1","host","USB","35","0000110000000000","URB_INTERRUPT in"
"6655","522.465094","1.1.1","host","USB","35","0000111600000000","URB_INTERRUPT in"
"6657","522.473096","1.1.1","host","USB","35","0000160000000000","URB_INTERRUPT in"
"6659","522.537108","1.1.1","host","USB","35","0000160800000000","URB_INTERRUPT in"
"6661","522.593119","1.1.1","host","USB","35","0000080000000000","URB_INTERRUPT in"
"6663","522.641115","1.1.1","host","USB","35","0000000000000000","URB_INTERRUPT in"
"6665","522.681117","1.1.1","host","USB","35","00000f0000000000","URB_INTERRUPT in"
"6667","522.721126","1.1.1","host","USB","35","0000000000000000","URB_INTERRUPT in"
"6669","523.209174","1.1.1","host","USB","35","00002a0000000000","URB_INTERRUPT in"
"6671","523.289189","1.1.1","host","USB","35","0000000000000000","URB_INTERRUPT in"
"6673","523.297183","1.1.1","host","USB","35","0000170000000000","URB_INTERRUPT in"
"6675","523.393203","1.1.1","host","USB","35","0000000000000000","URB_INTERRUPT in"
"6677","523.681230","1.1.1","host","USB","35","0000170000000000","URB_INTERRUPT in"
"6679","523.729236","1.1.1","host","USB","35","0000000000000000","URB_INTERRUPT in"
"6681","524.145289","1.1.1","host","USB","35","00000f0000000000","URB_INTERRUPT in"
"6683","524.209285","1.1.1","host","USB","35","0000000000000000","URB_INTERRUPT in"
"6685","524.241289","1.1.1","host","USB","35","0000080000000000","URB_INTERRUPT in"
"6687","524.313297","1.1.1","host","USB","35","0000000000000000","URB_INTERRUPT in"
"6689","524.729341","1.1.1","host","USB","35","00002a0000000000","URB_INTERRUPT in"
"6691","524.801350","1.1.1","host","USB","35","0000000000000000","URB_INTERRUPT in"
"6693","524.937395","1.1.1","host","USB","35","00000c0000000000","URB_INTERRUPT in"
"6695","525.009373","1.1.1","host","USB","35","00000c1100000000","URB_INTERRUPT in"
"6697","525.025373","1.1.1","host","USB","35","0000110000000000","URB_INTERRUPT in"
"6699","525.049376","1.1.1","host","USB","35","0000110a00000000","URB_INTERRUPT in"
"6701","525.073387","1.1.1","host","USB","35","00000a0000000000","URB_INTERRUPT in"
"6703","525.153382","1.1.1","host","USB","35","0000000000000000","URB_INTERRUPT in"
"6705","525.177389","1.1.1","host","USB","35","00002c0000000000","URB_INTERRUPT in"
"6707","525.241406","1.1.1","host","USB","35","0000000000000000","URB_INTERRUPT in"
"6709","525.313412","1.1.1","host","USB","35","0000090000000000","URB_INTERRUPT in"
"6711","525.393414","1.1.1","host","USB","35","0000000000000000","URB_INTERRUPT in"
"6713","525.441424","1.1.1","host","USB","35","0000040000000000","URB_INTERRUPT in"
"6715","525.529431","1.1.1","host","USB","35","0000040600000000","URB_INTERRUPT in"
"6717","525.545427","1.1.1","host","USB","35","0000060000000000","URB_INTERRUPT in"
"6719","525.593433","1.1.1","host","USB","35","0000000000000000","URB_INTERRUPT in"
"6721","525.697441","1.1.1","host","USB","35","0000170000000000","URB_INTERRUPT in"
"6723","525.769446","1.1.1","host","USB","35","0000000000000000","URB_INTERRUPT in"
"6725","525.817452","1.1.1","host","USB","35","00002c0000000000","URB_INTERRUPT in"
"6727","525.889461","1.1.1","host","USB","35","0000000000000000","URB_INTERRUPT in"
"6729","525.913461","1.1.1","host","USB","35","0000170000000000","URB_INTERRUPT in"
"6731","525.993470","1.1.1","host","USB","35","0000000000000000","URB_INTERRUPT in"
"6733","526.009474","1.1.1","host","USB","35","00000b0000000000","URB_INTERRUPT in"
"6735","526.073483","1.1.1","host","USB","35","00000b0400000000","URB_INTERRUPT in"
"6737","526.081480","1.1.1","host","USB","35","0000040000000000","URB_INTERRUPT in"
"6739","526.121483","1.1.1","host","USB","35","0000041700000000","URB_INTERRUPT in"
"6741","526.145484","1.1.1","host","USB","35","0000170000000000","URB_INTERRUPT in"
"6743","526.201495","1.1.1","host","USB","35","0000000000000000","URB_INTERRUPT in"
"6745","526.217491","1.1.1","host","USB","35","00002c0000000000","URB_INTERRUPT in"
"6747","526.249497","1.1.1","host","USB","35","0000000000000000","URB_INTERRUPT in"
"6749","526.361509","1.1.1","host","USB","35","0000100000000000","URB_INTERRUPT in"
"6751","526.473521","1.1.1","host","USB","35","0000000000000000","URB_INTERRUPT in"
"6753","526.481521","1.1.1","host","USB","35","0000040000000000","URB_INTERRUPT in"
"6755","526.561531","1.1.1","host","USB","35","0000000000000000","URB_INTERRUPT in"
"6757","526.641537","1.1.1","host","USB","35","00000f0000000000","URB_INTERRUPT in"
"6759","526.753551","1.1.1","host","USB","35","00000f0800000000","URB_INTERRUPT in"
"6761","526.761556","1.1.1","host","USB","35","0000080000000000","URB_INTERRUPT in"
"6763","526.833563","1.1.1","host","USB","35","0000000000000000","URB_INTERRUPT in"
"6765","526.889574","1.1.1","host","USB","35","00002c0000000000","URB_INTERRUPT in"
"6767","526.977593","1.1.1","host","USB","35","0000000000000000","URB_INTERRUPT in"
"6769","527.137606","1.1.1","host","USB","35","0000070000000000","URB_INTERRUPT in"
"6771","527.217618","1.1.1","host","USB","35","0000000000000000","URB_INTERRUPT in"
"6773","527.273620","1.1.1","host","USB","35","0000180000000000","URB_INTERRUPT in"
"6775","527.361623","1.1.1","host","USB","35","0000000000000000","URB_INTERRUPT in"
"6777","527.417635","1.1.1","host","USB","35","0000060000000000","URB_INTERRUPT in"
"6779","527.441638","1.1.1","host","USB","35","0000000000000000","URB_INTERRUPT in"
"6781","527.489637","1.1.1","host","USB","35","00000e0000000000","URB_INTERRUPT in"
"6783","527.561651","1.1.1","host","USB","35","0000000000000000","URB_INTERRUPT in"
"6785","527.713669","1.1.1","host","USB","35","0000160000000000","URB_INTERRUPT in"
"6787","527.817679","1.1.1","host","USB","35","0000000000000000","URB_INTERRUPT in"
"6789","527.913674","1.1.1","host","USB","35","0000360000000000","URB_INTERRUPT in"
"6791","528.001684","1.1.1","host","USB","35","0000362c00000000","URB_INTERRUPT in"
"6793","528.041687","1.1.1","host","USB","35","00002c0000000000","URB_INTERRUPT in"
"6795","528.121693","1.1.1","host","USB","35","0000000000000000","URB_INTERRUPT in"
"6797","528.705759","1.1.1","host","USB","35","0200000000000000","URB_INTERRUPT in"
"6799","528.777765","1.1.1","host","USB","35","0200160000000000","URB_INTERRUPT in"
"6801","528.857775","1.1.1","host","USB","35","0200000000000000","URB_INTERRUPT in"
"6803","528.985789","1.1.1","host","USB","35","0200130000000000","URB_INTERRUPT in"
"6805","529.041806","1.1.1","host","USB","35","0200130800000000","URB_INTERRUPT in"
"6807","529.089808","1.1.1","host","USB","35","0200080000000000","URB_INTERRUPT in"
"6809","529.161822","1.1.1","host","USB","35","0200080600000000","URB_INTERRUPT in"
"6811","529.185824","1.1.1","host","USB","35","0200060000000000","URB_INTERRUPT in"
"6813","529.265830","1.1.1","host","USB","35","0200000000000000","URB_INTERRUPT in"
"6815","529.961914","1.1.1","host","USB","35","02000c0000000000","URB_INTERRUPT in"
"6817","530.057921","1.1.1","host","USB","35","0200000000000000","URB_INTERRUPT in"
"6819","531.250030","1.1.1","host","USB","35","0200090000000000","URB_INTERRUPT in"
"6821","531.314042","1.1.1","host","USB","35","0200000000000000","URB_INTERRUPT in"
"6823","531.338037","1.1.1","host","USB","35","02000c0000000000","URB_INTERRUPT in"
"6825","531.418052","1.1.1","host","USB","35","0200000000000000","URB_INTERRUPT in"
"6827","531.458057","1.1.1","host","USB","35","0200060000000000","URB_INTERRUPT in"
"6829","531.578064","1.1.1","host","USB","35","0200000000000000","URB_INTERRUPT in"
"6831","531.618070","1.1.1","host","USB","35","0200040000000000","URB_INTERRUPT in"
"6833","531.722077","1.1.1","host","USB","35","0200000000000000","URB_INTERRUPT in"
"6835","531.786085","1.1.1","host","USB","35","02000f0000000000","URB_INTERRUPT in"
"6837","531.850093","1.1.1","host","USB","35","0200000000000000","URB_INTERRUPT in"
"6839","531.946109","1.1.1","host","USB","35","02000f0000000000","URB_INTERRUPT in"
"6841","532.050113","1.1.1","host","USB","35","02001c0000000000","URB_INTERRUPT in"
"6843","532.138124","1.1.1","host","USB","35","0200000000000000","URB_INTERRUPT in"
"6845","532.226133","1.1.1","host","USB","35","02002c0000000000","URB_INTERRUPT in"
"6847","532.266135","1.1.1","host","USB","35","00002c0000000000","URB_INTERRUPT in"
"6849","532.330150","1.1.1","host","USB","35","0000000000000000","URB_INTERRUPT in"
"6851","532.482169","1.1.1","host","USB","35","0000070000000000","URB_INTERRUPT in"
"6853","532.546185","1.1.1","host","USB","35","0000000000000000","URB_INTERRUPT in"
"6855","532.658184","1.1.1","host","USB","35","0000150000000000","URB_INTERRUPT in"
"6857","532.722199","1.1.1","host","USB","35","0000040000000000","URB_INTERRUPT in"
"6859","532.818211","1.1.1","host","USB","35","0000000000000000","URB_INTERRUPT in"
"6861","532.842203","1.1.1","host","USB","35","00000e0000000000","URB_INTERRUPT in"
"6863","532.930223","1.1.1","host","USB","35","0000000000000000","URB_INTERRUPT in"
"6865","532.970226","1.1.1","host","USB","35","0000080000000000","URB_INTERRUPT in"
"6867","533.010225","1.1.1","host","USB","35","0000081600000000","URB_INTERRUPT in"
"6869","533.090238","1.1.1","host","USB","35","0000160000000000","URB_INTERRUPT in"
"6871","533.106231","1.1.1","host","USB","35","0000000000000000","URB_INTERRUPT in"
"6873","533.162241","1.1.1","host","USB","35","00002c0000000000","URB_INTERRUPT in"
"6875","533.298258","1.1.1","host","USB","35","0000000000000000","URB_INTERRUPT in"
"6877","533.818302","1.1.1","host","USB","35","00002a0000000000","URB_INTERRUPT in"
"6879","533.858314","1.1.1","host","USB","35","0000000000000000","URB_INTERRUPT in"
"6881","534.074328","1.1.1","host","USB","35","0000360000000000","URB_INTERRUPT in"
"6883","534.114335","1.1.1","host","USB","35","0000362c00000000","URB_INTERRUPT in"
"6885","534.170338","1.1.1","host","USB","35","00002c0000000000","URB_INTERRUPT in"
"6887","534.234345","1.1.1","host","USB","35","0000000000000000","URB_INTERRUPT in"
"6889","534.370369","1.1.1","host","USB","35","0000040000000000","URB_INTERRUPT in"
"6891","534.410362","1.1.1","host","USB","35","0000000000000000","URB_INTERRUPT in"
"6893","534.706411","1.1.1","host","USB","35","00002a0000000000","URB_INTERRUPT in"
"6895","534.770417","1.1.1","host","USB","35","0000000000000000","URB_INTERRUPT in"
"6897","534.914427","1.1.1","host","USB","35","00000b0000000000","URB_INTERRUPT in"
"6899","534.978440","1.1.1","host","USB","35","0000000000000000","URB_INTERRUPT in"
"6901","534.986437","1.1.1","host","USB","35","0000040000000000","URB_INTERRUPT in"
"6903","535.074450","1.1.1","host","USB","35","0000000000000000","URB_INTERRUPT in"
"6905","535.162450","1.1.1","host","USB","35","0000080000000000","URB_INTERRUPT in"
"6907","535.250459","1.1.1","host","USB","35","0000000000000000","URB_INTERRUPT in"
"6909","535.530499","1.1.1","host","USB","35","00002a0000000000","URB_INTERRUPT in"
"6911","535.570503","1.1.1","host","USB","35","0000000000000000","URB_INTERRUPT in"
"6913","535.618501","1.1.1","host","USB","35","0000190000000000","URB_INTERRUPT in"
"6915","535.682509","1.1.1","host","USB","35","0000190800000000","URB_INTERRUPT in"
"6917","535.706511","1.1.1","host","USB","35","0000080000000000","URB_INTERRUPT in"
"6919","535.762509","1.1.1","host","USB","35","0000000000000000","URB_INTERRUPT in"
"6921","535.970547","1.1.1","host","USB","35","00002c0000000000","URB_INTERRUPT in"
"6923","536.042543","1.1.1","host","USB","35","0000000000000000","URB_INTERRUPT in"
"6925","536.186569","1.1.1","host","USB","35","0000130000000000","URB_INTERRUPT in"
"6927","536.298572","1.1.1","host","USB","35","0000000000000000","URB_INTERRUPT in"
"6929","536.306566","1.1.1","host","USB","35","0000080000000000","URB_INTERRUPT in"
"6931","536.386580","1.1.1","host","USB","35","0000000000000000","URB_INTERRUPT in"
"6933","536.450582","1.1.1","host","USB","35","0000110000000000","URB_INTERRUPT in"
"6935","536.554597","1.1.1","host","USB","35","0000000000000000","URB_INTERRUPT in"
"6937","536.914635","1.1.1","host","USB","35","00000c0000000000","URB_INTERRUPT in"
"6939","537.018642","1.1.1","host","USB","35","0000000000000000","URB_INTERRUPT in"
"6941","537.154662","1.1.1","host","USB","35","0000160000000000","URB_INTERRUPT in"
"6943","537.226662","1.1.1","host","USB","35","0000160800000000","URB_INTERRUPT in"
"6945","537.266670","1.1.1","host","USB","35","0000080000000000","URB_INTERRUPT in"
"6947","537.314669","1.1.1","host","USB","35","0000000000000000","URB_INTERRUPT in"
"6949","537.394680","1.1.1","host","USB","35","0000160000000000","URB_INTERRUPT in"
"6951","537.474688","1.1.1","host","USB","35","0000000000000000","URB_INTERRUPT in"
"6953","537.506691","1.1.1","host","USB","35","00002c0000000000","URB_INTERRUPT in"
"6955","537.594699","1.1.1","host","USB","35","0000000000000000","URB_INTERRUPT in"
"6957","537.642712","1.1.1","host","USB","35","0000170000000000","URB_INTERRUPT in"
"6959","537.714723","1.1.1","host","USB","35","0000000000000000","URB_INTERRUPT in"
"6961","537.738719","1.1.1","host","USB","35","00000b0000000000","URB_INTERRUPT in"
"6963","537.794733","1.1.1","host","USB","35","00000b0400000000","URB_INTERRUPT in"
"6965","537.810745","1.1.1","host","USB","35","0000040000000000","URB_INTERRUPT in"
"6967","537.850739","1.1.1","host","USB","35","0000041700000000","URB_INTERRUPT in"
"6969","537.882745","1.1.1","host","USB","35","0000170000000000","URB_INTERRUPT in"
"6971","537.930741","1.1.1","host","USB","35","0000000000000000","URB_INTERRUPT in"
"6973","537.946745","1.1.1","host","USB","35","00002c0000000000","URB_INTERRUPT in"
"6975","538.010762","1.1.1","host","USB","35","00002c0400000000","URB_INTERRUPT in"
"6977","538.018752","1.1.1","host","USB","35","0000040000000000","URB_INTERRUPT in"
"6979","538.122767","1.1.1","host","USB","35","0000041500000000","URB_INTERRUPT in"
"6981","538.146766","1.1.1","host","USB","35","0000150000000000","URB_INTERRUPT in"
"6983","538.218781","1.1.1","host","USB","35","0000150800000000","URB_INTERRUPT in"
"6985","538.242785","1.1.1","host","USB","35","0000080000000000","URB_INTERRUPT in"
"6987","538.274780","1.1.1","host","USB","35","0000082c00000000","URB_INTERRUPT in"
"6989","538.306785","1.1.1","host","USB","35","00002c0000000000","URB_INTERRUPT in"
"6991","538.378787","1.1.1","host","USB","35","0000000000000000","URB_INTERRUPT in"
"6993","538.466811","1.1.1","host","USB","35","0000160000000000","URB_INTERRUPT in"
"6995","538.530816","1.1.1","host","USB","35","0000000000000000","URB_INTERRUPT in"
"6997","538.538806","1.1.1","host","USB","35","00000b0000000000","URB_INTERRUPT in"
"6999","538.618826","1.1.1","host","USB","35","0000000000000000","URB_INTERRUPT in"
"7001","538.642826","1.1.1","host","USB","35","0000040000000000","URB_INTERRUPT in"
"7003","538.698829","1.1.1","host","USB","35","0000000000000000","URB_INTERRUPT in"
"7005","538.730830","1.1.1","host","USB","35","0000130000000000","URB_INTERRUPT in"
"7007","538.818847","1.1.1","host","USB","35","0000000000000000","URB_INTERRUPT in"
"7009","539.202880","1.1.1","host","USB","35","0000080000000000","URB_INTERRUPT in"
"7011","539.298882","1.1.1","host","USB","35","0000000000000000","URB_INTERRUPT in"
"7013","539.370894","1.1.1","host","USB","35","0000070000000000","URB_INTERRUPT in"
"7015","539.450902","1.1.1","host","USB","35","0000072c00000000","URB_INTERRUPT in"
"7017","539.474905","1.1.1","host","USB","35","00002c0000000000","URB_INTERRUPT in"
"7019","539.522913","1.1.1","host","USB","35","0000000000000000","URB_INTERRUPT in"
"7021","539.674925","1.1.1","host","USB","35","00000f0000000000","URB_INTERRUPT in"
"7023","539.730939","1.1.1","host","USB","35","0000000000000000","URB_INTERRUPT in"
"7025","539.866947","1.1.1","host","USB","35","00000c0000000000","URB_INTERRUPT in"
"7027","539.930959","1.1.1","host","USB","35","0000000000000000","URB_INTERRUPT in"
"7029","540.034964","1.1.1","host","USB","35","00000e0000000000","URB_INTERRUPT in"
"7031","540.090976","1.1.1","host","USB","35","00000e0800000000","URB_INTERRUPT in"
"7033","540.130978","1.1.1","host","USB","35","0000080000000000","URB_INTERRUPT in"
"7035","540.178980","1.1.1","host","USB","35","0000000000000000","URB_INTERRUPT in"
"7037","540.258992","1.1.1","host","USB","35","00002c0000000000","URB_INTERRUPT in"
"7039","540.331005","1.1.1","host","USB","35","0000000000000000","URB_INTERRUPT in"
"7041","540.611026","1.1.1","host","USB","35","0000060000000000","URB_INTERRUPT in"
"7043","540.675046","1.1.1","host","USB","35","0000061200000000","URB_INTERRUPT in"
"7045","540.683036","1.1.1","host","USB","35","0000120000000000","URB_INTERRUPT in"
"7047","540.763053","1.1.1","host","USB","35","0000000000000000","URB_INTERRUPT in"
"7049","540.803054","1.1.1","host","USB","35","0000150000000000","URB_INTERRUPT in"
"7051","540.875065","1.1.1","host","USB","35","0000000000000000","URB_INTERRUPT in"
"7053","540.891062","1.1.1","host","USB","35","00000e0000000000","URB_INTERRUPT in"
"7055","540.987072","1.1.1","host","USB","35","0000000000000000","URB_INTERRUPT in"
"7057","541.107082","1.1.1","host","USB","35","0000160000000000","URB_INTERRUPT in"
"7059","541.203101","1.1.1","host","USB","35","0000160600000000","URB_INTERRUPT in"
"7061","541.227096","1.1.1","host","USB","35","0000060000000000","URB_INTERRUPT in"
"7063","541.299102","1.1.1","host","USB","35","0000000000000000","URB_INTERRUPT in"
"7065","541.411116","1.1.1","host","USB","35","0000150000000000","URB_INTERRUPT in"
"7067","541.483131","1.1.1","host","USB","35","0000150800000000","URB_INTERRUPT in"
"7069","541.507125","1.1.1","host","USB","35","0000080000000000","URB_INTERRUPT in"
"7071","541.555126","1.1.1","host","USB","35","0000000000000000","URB_INTERRUPT in"
"7073","541.771163","1.1.1","host","USB","35","00001a0000000000","URB_INTERRUPT in"
"7075","541.835166","1.1.1","host","USB","35","0000000000000000","URB_INTERRUPT in"
"7077","541.955172","1.1.1","host","USB","35","0000160000000000","URB_INTERRUPT in"
"7079","542.043191","1.1.1","host","USB","35","0000000000000000","URB_INTERRUPT in"
"7081","543.011278","1.1.1","host","USB","35","0000370000000000","URB_INTERRUPT in"
"7083","543.075287","1.1.1","host","USB","35","0000000000000000","URB_INTERRUPT in"
"7085","543.547339","1.1.1","host","USB","35","0000280000000000","URB_INTERRUPT in"
"7087","543.603345","1.1.1","host","USB","35","0000000000000000","URB_INTERRUPT in"
"7089","543.691360","1.1.1","host","USB","35","0000280000000000","URB_INTERRUPT in"
"7091","543.771364","1.1.1","host","USB","35","0000000000000000","URB_INTERRUPT in"
"7093","543.811362","1.1.1","host","USB","35","0200000000000000","URB_INTERRUPT in"
"7095","543.883381","1.1.1","host","USB","35","0200040000000000","URB_INTERRUPT in"
"7097","543.987397","1.1.1","host","USB","35","0000040000000000","URB_INTERRUPT in"
"7099","543.995387","1.1.1","host","USB","35","0000000000000000","URB_INTERRUPT in"
"7101","544.115403","1.1.1","host","USB","35","0000170000000000","URB_INTERRUPT in"
"7103","544.187415","1.1.1","host","USB","35","0000000000000000","URB_INTERRUPT in"
"7105","544.195415","1.1.1","host","USB","35","00002c0000000000","URB_INTERRUPT in"
"7107","544.275417","1.1.1","host","USB","35","0000000000000000","URB_INTERRUPT in"
"7109","544.307428","1.1.1","host","USB","35","0000090000000000","URB_INTERRUPT in"
"7111","544.379421","1.1.1","host","USB","35","0000000000000000","URB_INTERRUPT in"
"7113","544.403425","1.1.1","host","USB","35","00000c0000000000","URB_INTERRUPT in"
"7115","544.483438","1.1.1","host","USB","35","0000000000000000","URB_INTERRUPT in"
"7117","544.491439","1.1.1","host","USB","35","0000150000000000","URB_INTERRUPT in"
"7119","544.579443","1.1.1","host","USB","35","0000000000000000","URB_INTERRUPT in"
"7121","544.603451","1.1.1","host","USB","35","0000160000000000","URB_INTERRUPT in"
"7123","544.731462","1.1.1","host","USB","35","0000000000000000","URB_INTERRUPT in"
"7125","544.739458","1.1.1","host","USB","35","0000170000000000","URB_INTERRUPT in"
"7127","544.803468","1.1.1","host","USB","35","0000000000000000","URB_INTERRUPT in"
"7129","545.051496","1.1.1","host","USB","35","0000360000000000","URB_INTERRUPT in"
"7131","545.163511","1.1.1","host","USB","35","0000000000000000","URB_INTERRUPT in"
"7133","545.195508","1.1.1","host","USB","35","00002c0000000000","URB_INTERRUPT in"
"7135","545.275524","1.1.1","host","USB","35","02002c0000000000","URB_INTERRUPT in"
"7137","545.283521","1.1.1","host","USB","35","0200000000000000","URB_INTERRUPT in"
"7139","545.395532","1.1.1","host","USB","35","02000c0000000000","URB_INTERRUPT in"
"7141","545.459539","1.1.1","host","USB","35","0200000000000000","URB_INTERRUPT in"
"7143","545.475541","1.1.1","host","USB","35","0000000000000000","URB_INTERRUPT in"
"7145","545.563551","1.1.1","host","USB","35","00002c0000000000","URB_INTERRUPT in"
"7147","545.627561","1.1.1","host","USB","35","0000000000000000","URB_INTERRUPT in"
"7149","545.651564","1.1.1","host","USB","35","0000070000000000","URB_INTERRUPT in"
"7151","545.723573","1.1.1","host","USB","35","0000000000000000","URB_INTERRUPT in"
"7153","545.739580","1.1.1","host","USB","35","00000c0000000000","URB_INTERRUPT in"
"7155","545.835594","1.1.1","host","USB","35","0000000000000000","URB_INTERRUPT in"
"7157","545.843580","1.1.1","host","USB","35","0000070000000000","URB_INTERRUPT in"
"7159","545.923603","1.1.1","host","USB","35","0000000000000000","URB_INTERRUPT in"
"7161","545.955593","1.1.1","host","USB","35","0000110000000000","URB_INTERRUPT in"
"7163","546.043607","1.1.1","host","USB","35","0000000000000000","URB_INTERRUPT in"
"7165","546.483663","1.1.1","host","USB","35","0000340000000000","URB_INTERRUPT in"
"7167","546.595663","1.1.1","host","USB","35","0000000000000000","URB_INTERRUPT in"
"7169","546.723678","1.1.1","host","USB","35","0000170000000000","URB_INTERRUPT in"
"7171","546.795695","1.1.1","host","USB","35","0000000000000000","URB_INTERRUPT in"
"7173","546.875696","1.1.1","host","USB","35","00002c0000000000","URB_INTERRUPT in"
"7175","546.987715","1.1.1","host","USB","35","0000000000000000","URB_INTERRUPT in"
"7177","547.099725","1.1.1","host","USB","35","0000050000000000","URB_INTERRUPT in"
"7179","547.179735","1.1.1","host","USB","35","0000000000000000","URB_INTERRUPT in"
"7181","547.195723","1.1.1","host","USB","35","0000080000000000","URB_INTERRUPT in"
"7183","547.259745","1.1.1","host","USB","35","0000000000000000","URB_INTERRUPT in"
"7185","547.331741","1.1.1","host","USB","35","00000f0000000000","URB_INTERRUPT in"
"7187","547.387749","1.1.1","host","USB","35","0000000000000000","URB_INTERRUPT in"
"7189","547.491760","1.1.1","host","USB","35","00000c0000000000","URB_INTERRUPT in"
"7191","547.563766","1.1.1","host","USB","35","0000000000000000","URB_INTERRUPT in"
"7193","547.579765","1.1.1","host","USB","35","0000080000000000","URB_INTERRUPT in"
"7195","547.675782","1.1.1","host","USB","35","0000000000000000","URB_INTERRUPT in"
"7197","547.683781","1.1.1","host","USB","35","0000190000000000","URB_INTERRUPT in"
"7199","547.787785","1.1.1","host","USB","35","0000190800000000","URB_INTERRUPT in"
"7201","547.803801","1.1.1","host","USB","35","0000080000000000","URB_INTERRUPT in"
"7203","547.843792","1.1.1","host","USB","35","0000000000000000","URB_INTERRUPT in"
"7205","547.899795","1.1.1","host","USB","35","00002c0000000000","URB_INTERRUPT in"
"7207","547.987807","1.1.1","host","USB","35","0000000000000000","URB_INTERRUPT in"
"7209","548.531865","1.1.1","host","USB","35","00000c0000000000","URB_INTERRUPT in"
"7211","548.611874","1.1.1","host","USB","35","0000000000000000","URB_INTERRUPT in"
"7213","548.635876","1.1.1","host","USB","35","0000170000000000","URB_INTERRUPT in"
"7215","548.723883","1.1.1","host","USB","35","0000000000000000","URB_INTERRUPT in"
"7217","548.851907","1.1.1","host","USB","35","0000370000000000","URB_INTERRUPT in"
"7219","548.947914","1.1.1","host","USB","35","0000000000000000","URB_INTERRUPT in"
"7221","549.019930","1.1.1","host","USB","35","00002c0000000000","URB_INTERRUPT in"
"7223","549.067929","1.1.1","host","USB","35","02002c0000000000","URB_INTERRUPT in"
"7225","549.091936","1.1.1","host","USB","35","0200000000000000","URB_INTERRUPT in"
"7227","549.179942","1.1.1","host","USB","35","02000c0000000000","URB_INTERRUPT in"
"7229","549.227946","1.1.1","host","USB","35","0200000000000000","URB_INTERRUPT in"
"7231","549.259949","1.1.1","host","USB","35","0000000000000000","URB_INTERRUPT in"
"7233","549.323956","1.1.1","host","USB","35","00002c0000000000","URB_INTERRUPT in"
"7235","549.403971","1.1.1","host","USB","35","0000000000000000","URB_INTERRUPT in"
"7237","549.732007","1.1.1","host","USB","35","0000100000000000","URB_INTERRUPT in"
"7239","549.804007","1.1.1","host","USB","35","0000000000000000","URB_INTERRUPT in"
"7241","549.828002","1.1.1","host","USB","35","0000080000000000","URB_INTERRUPT in"
"7243","549.892007","1.1.1","host","USB","35","0000080400000000","URB_INTERRUPT in"
"7245","549.908023","1.1.1","host","USB","35","0000040000000000","URB_INTERRUPT in"
"7247","549.964018","1.1.1","host","USB","35","0000000000000000","URB_INTERRUPT in"
"7249","549.988016","1.1.1","host","USB","35","0000110000000000","URB_INTERRUPT in"
"7251","550.060025","1.1.1","host","USB","35","0000000000000000","URB_INTERRUPT in"
"7253","550.156038","1.1.1","host","USB","35","00002c0000000000","URB_INTERRUPT in"
"7255","550.244046","1.1.1","host","USB","35","0000000000000000","URB_INTERRUPT in"
"7257","550.868110","1.1.1","host","USB","35","00002a0000000000","URB_INTERRUPT in"
"7259","550.924118","1.1.1","host","USB","35","0000000000000000","URB_INTERRUPT in"
"7261","551.092141","1.1.1","host","USB","35","0000360000000000","URB_INTERRUPT in"
"7263","551.204155","1.1.1","host","USB","35","0000362c00000000","URB_INTERRUPT in"
"7265","551.212153","1.1.1","host","USB","35","00002c0000000000","URB_INTERRUPT in"
"7267","551.300171","1.1.1","host","USB","35","0000000000000000","URB_INTERRUPT in"
"7269","551.484187","1.1.1","host","USB","35","00001a0000000000","URB_INTERRUPT in"
"7271","551.556195","1.1.1","host","USB","35","0000000000000000","URB_INTERRUPT in"
"7273","551.580192","1.1.1","host","USB","35","00000b0000000000","URB_INTERRUPT in"
"7275","551.676212","1.1.1","host","USB","35","00000b1c00000000","URB_INTERRUPT in"
"7277","551.716220","1.1.1","host","USB","35","00001c0000000000","URB_INTERRUPT in"
"7279","551.724213","1.1.1","host","USB","35","0000000000000000","URB_INTERRUPT in"
"7281","551.828219","1.1.1","host","USB","35","00002c0000000000","URB_INTERRUPT in"
"7283","551.892226","1.1.1","host","USB","35","0000000000000000","URB_INTERRUPT in"
"7285","551.964240","1.1.1","host","USB","35","0000160000000000","URB_INTERRUPT in"
"7287","552.028246","1.1.1","host","USB","35","0000000000000000","URB_INTERRUPT in"
"7289","552.116259","1.1.1","host","USB","35","0000120000000000","URB_INTERRUPT in"
"7291","552.228263","1.1.1","host","USB","35","0000121800000000","URB_INTERRUPT in"
"7293","552.252271","1.1.1","host","USB","35","0000180000000000","URB_INTERRUPT in"
"7295","552.300276","1.1.1","host","USB","35","0000000000000000","URB_INTERRUPT in"
"7297","552.988351","1.1.1","host","USB","35","00002a0000000000","URB_INTERRUPT in"
"7299","553.036347","1.1.1","host","USB","35","0000000000000000","URB_INTERRUPT in"
"7301","553.132360","1.1.1","host","USB","35","00002a0000000000","URB_INTERRUPT in"
"7303","553.196359","1.1.1","host","USB","35","0000000000000000","URB_INTERRUPT in"
"7305","553.228362","1.1.1","host","USB","35","00001a0000000000","URB_INTERRUPT in"
"7307","553.300370","1.1.1","host","USB","35","0000000000000000","URB_INTERRUPT in"
"7309","553.340382","1.1.1","host","USB","35","0000120000000000","URB_INTERRUPT in"
"7311","553.380389","1.1.1","host","USB","35","0000000000000000","URB_INTERRUPT in"
"7313","553.524395","1.1.1","host","USB","35","00002a0000000000","URB_INTERRUPT in"
"7315","553.564398","1.1.1","host","USB","35","0000000000000000","URB_INTERRUPT in"
"7317","553.660409","1.1.1","host","USB","35","00002a0000000000","URB_INTERRUPT in"
"7319","553.700424","1.1.1","host","USB","35","0000000000000000","URB_INTERRUPT in"
"7321","553.780419","1.1.1","host","USB","35","00002a0000000000","URB_INTERRUPT in"
"7323","553.836428","1.1.1","host","USB","35","00002a1a00000000","URB_INTERRUPT in"
"7325","553.844428","1.1.1","host","USB","35","00001a0000000000","URB_INTERRUPT in"
"7327","553.916437","1.1.1","host","USB","35","0000000000000000","URB_INTERRUPT in"
"7329","553.956439","1.1.1","host","USB","35","0000120000000000","URB_INTERRUPT in"
"7331","554.044449","1.1.1","host","USB","35","0000121800000000","URB_INTERRUPT in"
"7333","554.076455","1.1.1","host","USB","35","0000180000000000","URB_INTERRUPT in"
"7335","554.124458","1.1.1","host","USB","35","0000000000000000","URB_INTERRUPT in"
"7337","554.228469","1.1.1","host","USB","35","00000f0000000000","URB_INTERRUPT in"
"7339","554.340485","1.1.1","host","USB","35","0000000000000000","URB_INTERRUPT in"
"7341","554.524512","1.1.1","host","USB","35","0000070000000000","URB_INTERRUPT in"
"7343","554.604524","1.1.1","host","USB","35","0000000000000000","URB_INTERRUPT in"
"7345","554.996565","1.1.1","host","USB","35","00002c0000000000","URB_INTERRUPT in"
"7347","555.100576","1.1.1","host","USB","35","0000000000000000","URB_INTERRUPT in"
"7349","555.508605","1.1.1","host","USB","35","0000040000000000","URB_INTERRUPT in"
"7351","555.612619","1.1.1","host","USB","35","0000000000000000","URB_INTERRUPT in"
"7353","555.868653","1.1.1","host","USB","35","00002c0000000000","URB_INTERRUPT in"
"7355","556.052668","1.1.1","host","USB","35","0000000000000000","URB_INTERRUPT in"
"7357","556.140670","1.1.1","host","USB","35","0000070000000000","URB_INTERRUPT in"
"7359","556.228679","1.1.1","host","USB","35","0000000000000000","URB_INTERRUPT in"
"7361","556.236684","1.1.1","host","USB","35","0000180000000000","URB_INTERRUPT in"
"7363","556.332715","1.1.1","host","USB","35","0000000000000000","URB_INTERRUPT in"
"7365","556.364701","1.1.1","host","USB","35","0000060000000000","URB_INTERRUPT in"
"7367","556.492711","1.1.1","host","USB","35","0000000000000000","URB_INTERRUPT in"
"7369","556.748744","1.1.1","host","USB","35","00000e0000000000","URB_INTERRUPT in"
"7371","556.812757","1.1.1","host","USB","35","0000000000000000","URB_INTERRUPT in"
"7373","556.988771","1.1.1","host","USB","35","0000330000000000","URB_INTERRUPT in"
"7375","557.076785","1.1.1","host","USB","35","0000000000000000","URB_INTERRUPT in"
"7377","557.172796","1.1.1","host","USB","35","0000040000000000","URB_INTERRUPT in"
"7379","557.276809","1.1.1","host","USB","35","0000000000000000","URB_INTERRUPT in"
"7381","557.772851","1.1.1","host","USB","35","00002a0000000000","URB_INTERRUPT in"
"7383","557.804862","1.1.1","host","USB","35","0000000000000000","URB_INTERRUPT in"
"7385","557.884857","1.1.1","host","USB","35","00002a0000000000","URB_INTERRUPT in"
"7387","557.948881","1.1.1","host","USB","35","0000000000000000","URB_INTERRUPT in"
"7389","558.100895","1.1.1","host","USB","35","0000340000000000","URB_INTERRUPT in"
"7391","558.180903","1.1.1","host","USB","35","0000000000000000","URB_INTERRUPT in"
"7393","558.204895","1.1.1","host","USB","35","0000160000000000","URB_INTERRUPT in"
"7395","558.268912","1.1.1","host","USB","35","0000000000000000","URB_INTERRUPT in"
"7397","558.436928","1.1.1","host","USB","35","00002c0000000000","URB_INTERRUPT in"
"7399","558.532943","1.1.1","host","USB","35","0000000000000000","URB_INTERRUPT in"
"7401","558.692941","1.1.1","host","USB","35","0000150000000000","URB_INTERRUPT in"
"7403","558.772951","1.1.1","host","USB","35","0000150800000000","URB_INTERRUPT in"
"7405","558.812955","1.1.1","host","USB","35","0000080000000000","URB_INTERRUPT in"
"7407","558.836957","1.1.1","host","USB","35","0000000000000000","URB_INTERRUPT in"
"7409","559.317008","1.1.1","host","USB","35","0000130000000000","URB_INTERRUPT in"
"7411","559.397020","1.1.1","host","USB","35","0000000000000000","URB_INTERRUPT in"
"7413","559.445022","1.1.1","host","USB","35","0000150000000000","URB_INTERRUPT in"
"7415","559.525030","1.1.1","host","USB","35","0000000000000000","URB_INTERRUPT in"
"7417","559.757059","1.1.1","host","USB","35","0000120000000000","URB_INTERRUPT in"
"7419","559.885074","1.1.1","host","USB","35","0000000000000000","URB_INTERRUPT in"
"7421","560.093101","1.1.1","host","USB","35","0000180000000000","URB_INTERRUPT in"
"7423","560.157104","1.1.1","host","USB","35","0000000000000000","URB_INTERRUPT in"
"7425","560.925186","1.1.1","host","USB","35","00002a0000000000","URB_INTERRUPT in"
"7427","560.997187","1.1.1","host","USB","35","0000000000000000","URB_INTERRUPT in"
"7429","561.013186","1.1.1","host","USB","35","0000070000000000","URB_INTERRUPT in"
"7431","561.093201","1.1.1","host","USB","35","0000000000000000","URB_INTERRUPT in"
"7433","561.141202","1.1.1","host","USB","35","0000180000000000","URB_INTERRUPT in"
"7435","561.197209","1.1.1","host","USB","35","0000000000000000","URB_INTERRUPT in"
"7437","561.205208","1.1.1","host","USB","35","0000060000000000","URB_INTERRUPT in"
"7439","561.309220","1.1.1","host","USB","35","0000000000000000","URB_INTERRUPT in"
"7441","561.509241","1.1.1","host","USB","35","0000170000000000","URB_INTERRUPT in"
"7443","561.565256","1.1.1","host","USB","35","0000000000000000","URB_INTERRUPT in"
"7445","561.597249","1.1.1","host","USB","35","00000c0000000000","URB_INTERRUPT in"
"7447","561.677260","1.1.1","host","USB","35","0000000000000000","URB_INTERRUPT in"
"7449","561.717262","1.1.1","host","USB","35","0000190000000000","URB_INTERRUPT in"
"7451","561.805272","1.1.1","host","USB","35","0000190800000000","URB_INTERRUPT in"
"7453","561.821283","1.1.1","host","USB","35","0000080000000000","URB_INTERRUPT in"
"7455","561.893282","1.1.1","host","USB","35","0000000000000000","URB_INTERRUPT in"
"7457","561.933288","1.1.1","host","USB","35","00002c0000000000","URB_INTERRUPT in"
"7459","562.029298","1.1.1","host","USB","35","0000000000000000","URB_INTERRUPT in"
"7461","562.373355","1.1.1","host","USB","35","0000120000000000","URB_INTERRUPT in"
"7463","562.469351","1.1.1","host","USB","35","0000121500000000","URB_INTERRUPT in"
"7465","562.477350","1.1.1","host","USB","35","0000150000000000","URB_INTERRUPT in"
"7467","562.557357","1.1.1","host","USB","35","0000000000000000","URB_INTERRUPT in"
"7469","562.685372","1.1.1","host","USB","35","00000a0000000000","URB_INTERRUPT in"
"7471","562.749387","1.1.1","host","USB","35","0000000000000000","URB_INTERRUPT in"
"7473","562.829391","1.1.1","host","USB","35","0000040000000000","URB_INTERRUPT in"
"7475","562.933411","1.1.1","host","USB","35","0000110000000000","URB_INTERRUPT in"
"7477","563.013416","1.1.1","host","USB","35","0000000000000000","URB_INTERRUPT in"
"7479","563.093412","1.1.1","host","USB","35","00002c0000000000","URB_INTERRUPT in"
"7481","563.165422","1.1.1","host","USB","35","0000000000000000","URB_INTERRUPT in"
"7483","563.293443","1.1.1","host","USB","35","0200000000000000","URB_INTERRUPT in"
"7485","563.901509","1.1.1","host","USB","35","0200250000000000","URB_INTERRUPT in"
"7487","563.965511","1.1.1","host","USB","35","0200000000000000","URB_INTERRUPT in"
"7489","563.973505","1.1.1","host","USB","35","0000000000000000","URB_INTERRUPT in"
"7491","564.077527","1.1.1","host","USB","35","0000110000000000","URB_INTERRUPT in"
"7493","564.165539","1.1.1","host","USB","35","0000080000000000","URB_INTERRUPT in"
"7495","564.221529","1.1.1","host","USB","35","0000000000000000","URB_INTERRUPT in"
"7497","564.333542","1.1.1","host","USB","35","0000080000000000","URB_INTERRUPT in"
"7499","564.413550","1.1.1","host","USB","35","0000000000000000","URB_INTERRUPT in"
"7501","564.549564","1.1.1","host","USB","35","0000070000000000","URB_INTERRUPT in"
"7503","564.637579","1.1.1","host","USB","35","0000000000000000","URB_INTERRUPT in"
"7505","564.717584","1.1.1","host","USB","35","0200000000000000","URB_INTERRUPT in"
"7507","564.797590","1.1.1","host","USB","35","0200260000000000","URB_INTERRUPT in"
"7509","564.869604","1.1.1","host","USB","35","0200000000000000","URB_INTERRUPT in"
"7511","565.085624","1.1.1","host","USB","35","0000000000000000","URB_INTERRUPT in"
"7513","565.213648","1.1.1","host","USB","35","00002a0000000000","URB_INTERRUPT in"
"7515","565.261640","1.1.1","host","USB","35","02002a0000000000","URB_INTERRUPT in"
"7517","565.269638","1.1.1","host","USB","35","0200000000000000","URB_INTERRUPT in"
"7519","565.413671","1.1.1","host","USB","35","0200250000000000","URB_INTERRUPT in"
"7521","565.477670","1.1.1","host","USB","35","0200000000000000","URB_INTERRUPT in"
"7523","565.533677","1.1.1","host","USB","35","0000000000000000","URB_INTERRUPT in"
"7525","565.661701","1.1.1","host","USB","35","00002c0000000000","URB_INTERRUPT in"
"7527","565.749706","1.1.1","host","USB","35","0000000000000000","URB_INTERRUPT in"
"7529","565.813704","1.1.1","host","USB","35","0000170000000000","URB_INTERRUPT in"
"7531","565.877710","1.1.1","host","USB","35","0000120000000000","URB_INTERRUPT in"
"7533","565.949724","1.1.1","host","USB","35","0000000000000000","URB_INTERRUPT in"
"7535","566.037726","1.1.1","host","USB","35","00002c0000000000","URB_INTERRUPT in"
"7537","566.133749","1.1.1","host","USB","35","0000000000000000","URB_INTERRUPT in"
"7539","566.197753","1.1.1","host","USB","35","0000150000000000","URB_INTERRUPT in"
"7541","566.285754","1.1.1","host","USB","35","0000150800000000","URB_INTERRUPT in"
"7543","566.309761","1.1.1","host","USB","35","0000080000000000","URB_INTERRUPT in"
"7545","566.325765","1.1.1","host","USB","35","0000000000000000","URB_INTERRUPT in"
"7547","566.445765","1.1.1","host","USB","35","0000160000000000","URB_INTERRUPT in"
"7549","566.501775","1.1.1","host","USB","35","0000000000000000","URB_INTERRUPT in"
"7551","566.597785","1.1.1","host","USB","35","0000080000000000","URB_INTERRUPT in"
"7553","566.669792","1.1.1","host","USB","35","0000000000000000","URB_INTERRUPT in"
"7555","566.709795","1.1.1","host","USB","35","0000100000000000","URB_INTERRUPT in"
"7557","566.773801","1.1.1","host","USB","35","0000000000000000","URB_INTERRUPT in"
"7559","566.901814","1.1.1","host","USB","35","0000050000000000","URB_INTERRUPT in"
"7561","566.973821","1.1.1","host","USB","35","0000000000000000","URB_INTERRUPT in"
"7563","567.101834","1.1.1","host","USB","35","00000f0000000000","URB_INTERRUPT in"
"7565","567.165846","1.1.1","host","USB","35","0000000000000000","URB_INTERRUPT in"
"7567","567.181849","1.1.1","host","USB","35","0000080000000000","URB_INTERRUPT in"
"7569","567.245853","1.1.1","host","USB","35","0000000000000000","URB_INTERRUPT in"
"7571","567.285854","1.1.1","host","USB","35","00002c0000000000","URB_INTERRUPT in"
"7573","567.365864","1.1.1","host","USB","35","0000000000000000","URB_INTERRUPT in"
"7575","567.397868","1.1.1","host","USB","35","0000040000000000","URB_INTERRUPT in"
"7577","567.477883","1.1.1","host","USB","35","0000000000000000","URB_INTERRUPT in"
"7579","567.653901","1.1.1","host","USB","35","00002a0000000000","URB_INTERRUPT in"
"7581","567.717909","1.1.1","host","USB","35","0000000000000000","URB_INTERRUPT in"
"7583","567.741917","1.1.1","host","USB","35","0000160000000000","URB_INTERRUPT in"
"7585","567.837929","1.1.1","host","USB","35","0000000000000000","URB_INTERRUPT in"
"7587","567.845919","1.1.1","host","USB","35","0000120000000000","URB_INTERRUPT in"
"7589","567.925937","1.1.1","host","USB","35","0000121000000000","URB_INTERRUPT in"
"7591","567.973935","1.1.1","host","USB","35","0000121008000000","URB_INTERRUPT in"
"7593","567.989935","1.1.1","host","USB","35","0000100800000000","URB_INTERRUPT in"
"7595","568.037948","1.1.1","host","USB","35","0000080000000000","URB_INTERRUPT in"
"7597","568.061935","1.1.1","host","USB","35","0000000000000000","URB_INTERRUPT in"
"7599","568.221962","1.1.1","host","USB","35","0000170000000000","URB_INTERRUPT in"
"7601","568.325983","1.1.1","host","USB","35","0000000000000000","URB_INTERRUPT in"
"7603","568.357975","1.1.1","host","USB","35","00000b0000000000","URB_INTERRUPT in"
"7605","568.397985","1.1.1","host","USB","35","0000000000000000","URB_INTERRUPT in"
"7607","568.774017","1.1.1","host","USB","35","00000c0000000000","URB_INTERRUPT in"
"7609","568.846035","1.1.1","host","USB","35","00000c1100000000","URB_INTERRUPT in"
"7611","568.878041","1.1.1","host","USB","35","0000110000000000","URB_INTERRUPT in"
"7613","568.918035","1.1.1","host","USB","35","0000000000000000","URB_INTERRUPT in"
"7615","568.942036","1.1.1","host","USB","35","00000a0000000000","URB_INTERRUPT in"
"7617","568.998040","1.1.1","host","USB","35","0000000000000000","URB_INTERRUPT in"
"7619","569.030043","1.1.1","host","USB","35","00002c0000000000","URB_INTERRUPT in"
"7621","569.086059","1.1.1","host","USB","35","0000000000000000","URB_INTERRUPT in"
"7623","569.830125","1.1.1","host","USB","35","0000180000000000","URB_INTERRUPT in"
"7625","569.894132","1.1.1","host","USB","35","0000000000000000","URB_INTERRUPT in"
"7627","570.118157","1.1.1","host","USB","35","00002a0000000000","URB_INTERRUPT in"
"7629","570.190162","1.1.1","host","USB","35","0000000000000000","URB_INTERRUPT in"
"7631","570.974252","1.1.1","host","USB","35","00001c0000000000","URB_INTERRUPT in"
"7633","571.046259","1.1.1","host","USB","35","0000000000000000","URB_INTERRUPT in"
"7635","571.182274","1.1.1","host","USB","35","0000120000000000","URB_INTERRUPT in"
"7637","571.246280","1.1.1","host","USB","35","0000121800000000","URB_INTERRUPT in"
"7639","571.278284","1.1.1","host","USB","35","0000180000000000","URB_INTERRUPT in"
"7641","571.302285","1.1.1","host","USB","35","0000000000000000","URB_INTERRUPT in"
"7643","571.422301","1.1.1","host","USB","35","00002c0000000000","URB_INTERRUPT in"
"7645","571.478308","1.1.1","host","USB","35","0000000000000000","URB_INTERRUPT in"
"7647","571.630330","1.1.1","host","USB","35","0000120000000000","URB_INTERRUPT in"
"7649","571.694335","1.1.1","host","USB","35","0000121300000000","URB_INTERRUPT in"
"7651","571.750343","1.1.1","host","USB","35","0000130000000000","URB_INTERRUPT in"
"7653","571.766330","1.1.1","host","USB","35","0000000000000000","URB_INTERRUPT in"
"7655","571.790341","1.1.1","host","USB","35","0000080000000000","URB_INTERRUPT in"
"7657","571.846339","1.1.1","host","USB","35","0000000000000000","URB_INTERRUPT in"
"7659","571.886345","1.1.1","host","USB","35","0000110000000000","URB_INTERRUPT in"
"7661","571.950351","1.1.1","host","USB","35","0000000000000000","URB_INTERRUPT in"
"7663","572.030359","1.1.1","host","USB","35","00002c0000000000","URB_INTERRUPT in"
"7665","572.102366","1.1.1","host","USB","35","0000000000000000","URB_INTERRUPT in"
"7667","572.110370","1.1.1","host","USB","35","0000040000000000","URB_INTERRUPT in"
"7669","572.198384","1.1.1","host","USB","35","0000000000000000","URB_INTERRUPT in"
"7671","572.222381","1.1.1","host","USB","35","00002c0000000000","URB_INTERRUPT in"
"7673","572.294385","1.1.1","host","USB","35","0000000000000000","URB_INTERRUPT in"
"7675","572.390402","1.1.1","host","USB","35","0000050000000000","URB_INTERRUPT in"
"7677","572.454405","1.1.1","host","USB","35","0000000000000000","URB_INTERRUPT in"
"7679","572.550421","1.1.1","host","USB","35","0000120000000000","URB_INTERRUPT in"
"7681","572.622427","1.1.1","host","USB","35","0000000000000000","URB_INTERRUPT in"
"7683","572.638422","1.1.1","host","USB","35","0000170000000000","URB_INTERRUPT in"
"7685","572.694435","1.1.1","host","USB","35","0000000000000000","URB_INTERRUPT in"
"7687","572.782439","1.1.1","host","USB","35","0000170000000000","URB_INTERRUPT in"
"7689","572.846444","1.1.1","host","USB","35","0000000000000000","URB_INTERRUPT in"
"7691","572.870447","1.1.1","host","USB","35","00000f0000000000","URB_INTERRUPT in"
"7693","572.950457","1.1.1","host","USB","35","0000000000000000","URB_INTERRUPT in"
"7695","572.982463","1.1.1","host","USB","35","0000080000000000","URB_INTERRUPT in"
"7697","573.038479","1.1.1","host","USB","35","0000000000000000","URB_INTERRUPT in"
"7699","573.046467","1.1.1","host","USB","35","00002c0000000000","URB_INTERRUPT in"
"7701","573.102477","1.1.1","host","USB","35","0000000000000000","URB_INTERRUPT in"
"7703","573.222498","1.1.1","host","USB","35","0000120000000000","URB_INTERRUPT in"
"7705","573.294498","1.1.1","host","USB","35","0000000000000000","URB_INTERRUPT in"
"7707","573.414519","1.1.1","host","USB","35","0000090000000000","URB_INTERRUPT in"
"7709","573.518532","1.1.1","host","USB","35","0000000000000000","URB_INTERRUPT in"
"7711","573.662544","1.1.1","host","USB","35","00002c0000000000","URB_INTERRUPT in"
"7713","573.750550","1.1.1","host","USB","35","0000000000000000","URB_INTERRUPT in"
"7715","573.982575","1.1.1","host","USB","35","0000120000000000","URB_INTERRUPT in"
"7717","574.062581","1.1.1","host","USB","35","0000000000000000","URB_INTERRUPT in"
"7719","574.086585","1.1.1","host","USB","35","0000090000000000","URB_INTERRUPT in"
"7721","574.142587","1.1.1","host","USB","35","0000000000000000","URB_INTERRUPT in"
"7723","574.294611","1.1.1","host","USB","35","00002a0000000000","URB_INTERRUPT in"
"7725","574.334616","1.1.1","host","USB","35","0000000000000000","URB_INTERRUPT in"
"7727","574.414613","1.1.1","host","USB","35","00002a0000000000","URB_INTERRUPT in"
"7729","574.470626","1.1.1","host","USB","35","0000000000000000","URB_INTERRUPT in"
"7731","574.494626","1.1.1","host","USB","35","00001a0000000000","URB_INTERRUPT in"
"7733","574.582644","1.1.1","host","USB","35","0000000000000000","URB_INTERRUPT in"
"7735","574.590640","1.1.1","host","USB","35","00000c0000000000","URB_INTERRUPT in"
"7737","574.662651","1.1.1","host","USB","35","00000c1100000000","URB_INTERRUPT in"
"7739","574.686655","1.1.1","host","USB","35","0000110000000000","URB_INTERRUPT in"
"7741","574.734654","1.1.1","host","USB","35","0000000000000000","URB_INTERRUPT in"
"7743","574.742655","1.1.1","host","USB","35","0000080000000000","URB_INTERRUPT in"
"7745","574.806666","1.1.1","host","USB","35","0000000000000000","URB_INTERRUPT in"
"7747","574.982681","1.1.1","host","USB","35","0200000000000000","URB_INTERRUPT in"
"7749","575.062691","1.1.1","host","USB","35","0200380000000000","URB_INTERRUPT in"
"7751","575.174700","1.1.1","host","USB","35","0200000000000000","URB_INTERRUPT in"
"7753","575.438731","1.1.1","host","USB","35","0200380000000000","URB_INTERRUPT in"
"7755","575.494726","1.1.1","host","USB","35","0200000000000000","URB_INTERRUPT in"
"7757","575.582736","1.1.1","host","USB","35","0200380000000000","URB_INTERRUPT in"
"7759","575.654743","1.1.1","host","USB","35","0200000000000000","URB_INTERRUPT in"
"7761","575.742753","1.1.1","host","USB","35","0000000000000000","URB_INTERRUPT in"
"7763","575.822757","1.1.1","host","USB","35","00002c0000000000","URB_INTERRUPT in"
"7765","575.886767","1.1.1","host","USB","35","0000000000000000","URB_INTERRUPT in"
"7767","575.918769","1.1.1","host","USB","35","0200000000000000","URB_INTERRUPT in"
"7769","576.022786","1.1.1","host","USB","35","02000c0000000000","URB_INTERRUPT in"
"7771","576.054792","1.1.1","host","USB","35","00000c0000000000","URB_INTERRUPT in"
"7773","576.086789","1.1.1","host","USB","35","0000000000000000","URB_INTERRUPT in"
"7775","576.150795","1.1.1","host","USB","35","0000170000000000","URB_INTERRUPT in"
"7777","576.214802","1.1.1","host","USB","35","0000000000000000","URB_INTERRUPT in"
"7779","576.246804","1.1.1","host","USB","35","00002c0000000000","URB_INTERRUPT in"
"7781","576.334826","1.1.1","host","USB","35","0000000000000000","URB_INTERRUPT in"
"7783","576.406836","1.1.1","host","USB","35","0000090000000000","URB_INTERRUPT in"
"7785","576.526850","1.1.1","host","USB","35","0000000000000000","URB_INTERRUPT in"
"7787","576.550840","1.1.1","host","USB","35","0000080000000000","URB_INTERRUPT in"
"7789","576.598857","1.1.1","host","USB","35","0000000000000000","URB_INTERRUPT in"
"7791","576.630859","1.1.1","host","USB","35","00000f0000000000","URB_INTERRUPT in"
"7793","576.726871","1.1.1","host","USB","35","0000000000000000","URB_INTERRUPT in"
"7795","576.758862","1.1.1","host","USB","35","0000170000000000","URB_INTERRUPT in"
"7797","576.822873","1.1.1","host","USB","35","0000000000000000","URB_INTERRUPT in"
"7799","576.870875","1.1.1","host","USB","35","00002c0000000000","URB_INTERRUPT in"
"7801","576.942900","1.1.1","host","USB","35","0000000000000000","URB_INTERRUPT in"
"7803","577.278931","1.1.1","host","USB","35","00000f0000000000","URB_INTERRUPT in"
"7805","577.342933","1.1.1","host","USB","35","0000000000000000","URB_INTERRUPT in"
"7807","577.478943","1.1.1","host","USB","35","00000c0000000000","URB_INTERRUPT in"
"7809","577.510941","1.1.1","host","USB","35","0000000000000000","URB_INTERRUPT in"
"7811","577.670960","1.1.1","host","USB","35","0000080000000000","URB_INTERRUPT in"
"7813","577.734964","1.1.1","host","USB","35","0000000000000000","URB_INTERRUPT in"
"7815","577.814975","1.1.1","host","USB","35","00002c0000000000","URB_INTERRUPT in"
"7817","577.862978","1.1.1","host","USB","35","0000000000000000","URB_INTERRUPT in"
"7819","578.423041","1.1.1","host","USB","35","00002a0000000000","URB_INTERRUPT in"
"7821","578.487042","1.1.1","host","USB","35","0000000000000000","URB_INTERRUPT in"
"7823","578.575061","1.1.1","host","USB","35","00002a0000000000","URB_INTERRUPT in"
"7825","578.639067","1.1.1","host","USB","35","0000000000000000","URB_INTERRUPT in"
"7827","578.695079","1.1.1","host","USB","35","00000e0000000000","URB_INTERRUPT in"
"7829","578.759087","1.1.1","host","USB","35","0000000000000000","URB_INTERRUPT in"
"7831","578.775081","1.1.1","host","USB","35","0000080000000000","URB_INTERRUPT in"
"7833","578.855088","1.1.1","host","USB","35","0000000000000000","URB_INTERRUPT in"
"7835","578.879090","1.1.1","host","USB","35","00002c0000000000","URB_INTERRUPT in"
"7837","578.951109","1.1.1","host","USB","35","0000000000000000","URB_INTERRUPT in"
"7839","579.055112","1.1.1","host","USB","35","0000120000000000","URB_INTERRUPT in"
"7841","579.151117","1.1.1","host","USB","35","0000000000000000","URB_INTERRUPT in"
"7843","579.159122","1.1.1","host","USB","35","0000110000000000","URB_INTERRUPT in"
"7845","579.191133","1.1.1","host","USB","35","0000000000000000","URB_INTERRUPT in"
"7847","579.263136","1.1.1","host","USB","35","0000080000000000","URB_INTERRUPT in"
"7849","579.311144","1.1.1","host","USB","35","0000000000000000","URB_INTERRUPT in"
"7851","579.327139","1.1.1","host","USB","35","00002c0000000000","URB_INTERRUPT in"
"7853","579.447154","1.1.1","host","USB","35","0000000000000000","URB_INTERRUPT in"
"7855","579.583174","1.1.1","host","USB","35","0000120000000000","URB_INTERRUPT in"
"7857","579.679179","1.1.1","host","USB","35","0000000000000000","URB_INTERRUPT in"
"7859","579.703178","1.1.1","host","USB","35","0000090000000000","URB_INTERRUPT in"
"7861","579.791199","1.1.1","host","USB","35","0000000000000000","URB_INTERRUPT in"
"7863","579.799186","1.1.1","host","USB","35","00002c0000000000","URB_INTERRUPT in"
"7865","579.895199","1.1.1","host","USB","35","0000000000000000","URB_INTERRUPT in"
"7867","580.063217","1.1.1","host","USB","35","0000170000000000","URB_INTERRUPT in"
"7869","580.135223","1.1.1","host","USB","35","0000000000000000","URB_INTERRUPT in"
"7871","580.151233","1.1.1","host","USB","35","00000b0000000000","URB_INTERRUPT in"
"7873","580.215232","1.1.1","host","USB","35","0000000000000000","URB_INTERRUPT in"
"7875","580.311243","1.1.1","host","USB","35","0000120000000000","URB_INTERRUPT in"
"7877","580.375261","1.1.1","host","USB","35","0000000000000000","URB_INTERRUPT in"
"7879","580.423257","1.1.1","host","USB","35","0000160000000000","URB_INTERRUPT in"
"7881","580.503264","1.1.1","host","USB","35","0000160800000000","URB_INTERRUPT in"
"7883","580.535272","1.1.1","host","USB","35","0000080000000000","URB_INTERRUPT in"
"7885","580.543268","1.1.1","host","USB","35","0000000000000000","URB_INTERRUPT in"
"7887","580.551266","1.1.1","host","USB","35","00002c0000000000","URB_INTERRUPT in"
"7889","580.639278","1.1.1","host","USB","35","0000000000000000","URB_INTERRUPT in"
"7891","581.079320","1.1.1","host","USB","35","0000140000000000","URB_INTERRUPT in"
"7893","581.183329","1.1.1","host","USB","35","0000000000000000","URB_INTERRUPT in"
"7895","581.255340","1.1.1","host","USB","35","0000180000000000","URB_INTERRUPT in"
"7897","581.351348","1.1.1","host","USB","35","0000000000000000","URB_INTERRUPT in"
"7899","581.503367","1.1.1","host","USB","35","0000150000000000","URB_INTERRUPT in"
"7901","581.623376","1.1.1","host","USB","35","0000000000000000","URB_INTERRUPT in"
"7903","581.887420","1.1.1","host","USB","35","00002a0000000000","URB_INTERRUPT in"
"7905","581.927422","1.1.1","host","USB","35","0000000000000000","URB_INTERRUPT in"
"7907","582.063428","1.1.1","host","USB","35","0000150000000000","URB_INTERRUPT in"
"7909","582.167447","1.1.1","host","USB","35","0000000000000000","URB_INTERRUPT in"
"7911","582.519478","1.1.1","host","USB","35","00002a0000000000","URB_INTERRUPT in"
"7913","582.615496","1.1.1","host","USB","35","0000000000000000","URB_INTERRUPT in"
"7915","582.759513","1.1.1","host","USB","35","00000c0000000000","URB_INTERRUPT in"
"7917","582.823517","1.1.1","host","USB","35","0000000000000000","URB_INTERRUPT in"
"7919","582.839519","1.1.1","host","USB","35","0000150000000000","URB_INTERRUPT in"
"7921","582.943516","1.1.1","host","USB","35","0000000000000000","URB_INTERRUPT in"
"7923","583.639593","1.1.1","host","USB","35","00000e0000000000","URB_INTERRUPT in"
"7925","583.727605","1.1.1","host","USB","35","0000000000000000","URB_INTERRUPT in"
"7927","583.887621","1.1.1","host","USB","35","00001c0000000000","URB_INTERRUPT in"
"7929","583.951626","1.1.1","host","USB","35","0000000000000000","URB_INTERRUPT in"
"7931","584.663706","1.1.1","host","USB","35","00002c0000000000","URB_INTERRUPT in"
"7933","584.759727","1.1.1","host","USB","35","0000000000000000","URB_INTERRUPT in"
"7935","584.959748","1.1.1","host","USB","35","00002a0000000000","URB_INTERRUPT in"
"7937","585.031752","1.1.1","host","USB","35","0000000000000000","URB_INTERRUPT in"
"7939","585.207765","1.1.1","host","USB","35","0000360000000000","URB_INTERRUPT in"
"7941","585.271776","1.1.1","host","USB","35","0000362c00000000","URB_INTERRUPT in"
"7943","585.327783","1.1.1","host","USB","35","00002c0000000000","URB_INTERRUPT in"
"7945","585.399786","1.1.1","host","USB","35","0000000000000000","URB_INTERRUPT in"
"7947","585.551799","1.1.1","host","USB","35","0000180000000000","URB_INTERRUPT in"
"7949","585.631817","1.1.1","host","USB","35","0000181100000000","URB_INTERRUPT in"
"7951","585.671815","1.1.1","host","USB","35","0000110000000000","URB_INTERRUPT in"
"7953","585.711821","1.1.1","host","USB","35","0000000000000000","URB_INTERRUPT in"
"7955","585.831834","1.1.1","host","USB","35","0000110000000000","URB_INTERRUPT in"
"7957","585.927850","1.1.1","host","USB","35","0000000000000000","URB_INTERRUPT in"
"7959","586.055863","1.1.1","host","USB","35","0000080000000000","URB_INTERRUPT in"
"7961","586.135868","1.1.1","host","USB","35","0000000000000000","URB_INTERRUPT in"
"7963","586.319873","1.1.1","host","USB","35","0000160000000000","URB_INTERRUPT in"
"7965","586.399883","1.1.1","host","USB","35","0000000000000000","URB_INTERRUPT in"
"7967","586.599907","1.1.1","host","USB","35","00002a0000000000","URB_INTERRUPT in"
"7969","586.663911","1.1.1","host","USB","35","00002a0600000000","URB_INTERRUPT in"
"7971","586.671914","1.1.1","host","USB","35","0000060000000000","URB_INTERRUPT in"
"7973","586.759919","1.1.1","host","USB","35","0000060800000000","URB_INTERRUPT in"
"7975","586.799924","1.1.1","host","USB","35","0000080000000000","URB_INTERRUPT in"
"7977","586.839929","1.1.1","host","USB","35","0000000000000000","URB_INTERRUPT in"
"7979","586.943939","1.1.1","host","USB","35","0000160000000000","URB_INTERRUPT in"
"7981","586.999947","1.1.1","host","USB","35","0000000000000000","URB_INTERRUPT in"
"7983","587.087956","1.1.1","host","USB","35","0000160000000000","URB_INTERRUPT in"
"7985","587.159964","1.1.1","host","USB","35","0000000000000000","URB_INTERRUPT in"
"7987","587.239967","1.1.1","host","USB","35","0000040000000000","URB_INTERRUPT in"
"7989","587.311991","1.1.1","host","USB","35","0000041500000000","URB_INTERRUPT in"
"7991","587.351998","1.1.1","host","USB","35","0000150000000000","URB_INTERRUPT in"
"7993","587.424001","1.1.1","host","USB","35","0000000000000000","URB_INTERRUPT in"
"7995","587.560013","1.1.1","host","USB","35","00001c0000000000","URB_INTERRUPT in"
"7997","587.656023","1.1.1","host","USB","35","0000000000000000","URB_INTERRUPT in"
"7999","587.816041","1.1.1","host","USB","35","00002c0000000000","URB_INTERRUPT in"
"8001","587.888048","1.1.1","host","USB","35","0000000000000000","URB_INTERRUPT in"
"8003","588.624118","1.1.1","host","USB","35","0000040000000000","URB_INTERRUPT in"
"8005","588.680124","1.1.1","host","USB","35","0000000000000000","URB_INTERRUPT in"
"8007","588.752134","1.1.1","host","USB","35","0000070000000000","URB_INTERRUPT in"
"8009","588.848149","1.1.1","host","USB","35","0000000000000000","URB_INTERRUPT in"
"8011","588.952154","1.1.1","host","USB","35","0000040000000000","URB_INTERRUPT in"
"8013","589.032162","1.1.1","host","USB","35","0000000000000000","URB_INTERRUPT in"
"8015","589.104168","1.1.1","host","USB","35","0000130000000000","URB_INTERRUPT in"
"8017","589.184178","1.1.1","host","USB","35","0000000000000000","URB_INTERRUPT in"
"8019","589.248194","1.1.1","host","USB","35","0000170000000000","URB_INTERRUPT in"
"8021","589.320192","1.1.1","host","USB","35","0000000000000000","URB_INTERRUPT in"
"8023","589.416202","1.1.1","host","USB","35","0000040000000000","URB_INTERRUPT in"
"8025","589.520224","1.1.1","host","USB","35","0000000000000000","URB_INTERRUPT in"
"8027","589.544223","1.1.1","host","USB","35","0000170000000000","URB_INTERRUPT in"
"8029","589.608238","1.1.1","host","USB","35","0000170c00000000","URB_INTERRUPT in"
"8031","589.616228","1.1.1","host","USB","35","00000c0000000000","URB_INTERRUPT in"
"8033","589.688244","1.1.1","host","USB","35","00000c1200000000","URB_INTERRUPT in"
"8035","589.720250","1.1.1","host","USB","35","0000120000000000","URB_INTERRUPT in"
"8037","589.760242","1.1.1","host","USB","35","0000000000000000","URB_INTERRUPT in"
"8039","589.872258","1.1.1","host","USB","35","0000110000000000","URB_INTERRUPT in"
"8041","589.944265","1.1.1","host","USB","35","0000000000000000","URB_INTERRUPT in"
"8043","590.168291","1.1.1","host","USB","35","0000160000000000","URB_INTERRUPT in"
"8045","590.224304","1.1.1","host","USB","35","0000000000000000","URB_INTERRUPT in"
"8047","590.336306","1.1.1","host","USB","35","00002c0000000000","URB_INTERRUPT in"
"8049","590.432321","1.1.1","host","USB","35","0000000000000000","URB_INTERRUPT in"
"8051","590.504327","1.1.1","host","USB","35","0000170000000000","URB_INTERRUPT in"
"8053","590.560332","1.1.1","host","USB","35","0000000000000000","URB_INTERRUPT in"
"8055","590.592339","1.1.1","host","USB","35","00000b0000000000","URB_INTERRUPT in"
"8057","590.656347","1.1.1","host","USB","35","00000b0400000000","URB_INTERRUPT in"
"8059","590.672342","1.1.1","host","USB","35","0000040000000000","URB_INTERRUPT in"
"8061","590.752354","1.1.1","host","USB","35","0000041700000000","URB_INTERRUPT in"
"8063","590.760355","1.1.1","host","USB","35","0000170000000000","URB_INTERRUPT in"
"8065","590.808356","1.1.1","host","USB","35","0000172c00000000","URB_INTERRUPT in"
"8067","590.832372","1.1.1","host","USB","35","00002c0000000000","URB_INTERRUPT in"
"8069","590.896372","1.1.1","host","USB","35","0000000000000000","URB_INTERRUPT in"
"8071","590.968368","1.1.1","host","USB","35","0000080000000000","URB_INTERRUPT in"
"8073","591.056394","1.1.1","host","USB","35","0000000000000000","URB_INTERRUPT in"
"8075","591.152396","1.1.1","host","USB","35","0000190000000000","URB_INTERRUPT in"
"8077","591.224413","1.1.1","host","USB","35","0000000000000000","URB_INTERRUPT in"
"8079","591.264403","1.1.1","host","USB","35","0000120000000000","URB_INTERRUPT in"
"8081","591.352426","1.1.1","host","USB","35","0000000000000000","URB_INTERRUPT in"
"8083","591.448428","1.1.1","host","USB","35","00000f0000000000","URB_INTERRUPT in"
"8085","591.536438","1.1.1","host","USB","35","0000000000000000","URB_INTERRUPT in"
"8087","591.752458","1.1.1","host","USB","35","0000170000000000","URB_INTERRUPT in"
"8089","591.824458","1.1.1","host","USB","35","0000000000000000","URB_INTERRUPT in"
"8091","592.096487","1.1.1","host","USB","35","00002a0000000000","URB_INTERRUPT in"
"8093","592.192501","1.1.1","host","USB","35","0000000000000000","URB_INTERRUPT in"
"8095","592.304517","1.1.1","host","USB","35","0000180000000000","URB_INTERRUPT in"
"8097","592.368519","1.1.1","host","USB","35","0000000000000000","URB_INTERRUPT in"
"8099","592.376515","1.1.1","host","USB","35","0000170000000000","URB_INTERRUPT in"
"8101","592.440526","1.1.1","host","USB","35","0000000000000000","URB_INTERRUPT in"
"8103","592.488529","1.1.1","host","USB","35","00000c0000000000","URB_INTERRUPT in"
"8105","592.560536","1.1.1","host","USB","35","00000c1200000000","URB_INTERRUPT in"
"8107","592.608542","1.1.1","host","USB","35","0000120000000000","URB_INTERRUPT in"
"8109","592.640546","1.1.1","host","USB","35","0000000000000000","URB_INTERRUPT in"
"8111","592.752567","1.1.1","host","USB","35","0000110000000000","URB_INTERRUPT in"
"8113","592.832575","1.1.1","host","USB","35","0000000000000000","URB_INTERRUPT in"
"8115","593.304645","1.1.1","host","USB","35","00002c0000000000","URB_INTERRUPT in"
"8117","593.424635","1.1.1","host","USB","35","0000000000000000","URB_INTERRUPT in"
"8119","593.928685","1.1.1","host","USB","35","0000160000000000","URB_INTERRUPT in"
"8121","594.008692","1.1.1","host","USB","35","0000000000000000","URB_INTERRUPT in"
"8123","594.048693","1.1.1","host","USB","35","0000120000000000","URB_INTERRUPT in"
"8125","594.176710","1.1.1","host","USB","35","0000121000000000","URB_INTERRUPT in"
"8127","594.224724","1.1.1","host","USB","35","0000100000000000","URB_INTERRUPT in"
"8129","594.280720","1.1.1","host","USB","35","0000100800000000","URB_INTERRUPT in"
"8131","594.288728","1.1.1","host","USB","35","0000080000000000","URB_INTERRUPT in"
"8133","594.376733","1.1.1","host","USB","35","0000000000000000","URB_INTERRUPT in"
"8135","594.480741","1.1.1","host","USB","35","0000170000000000","URB_INTERRUPT in"
"8137","594.552752","1.1.1","host","USB","35","0000000000000000","URB_INTERRUPT in"
"8139","594.584753","1.1.1","host","USB","35","00000c0000000000","URB_INTERRUPT in"
"8141","594.632758","1.1.1","host","USB","35","00000c1000000000","URB_INTERRUPT in"
"8143","594.688764","1.1.1","host","USB","35","0000100000000000","URB_INTERRUPT in"
"8145","594.704766","1.1.1","host","USB","35","0000100800000000","URB_INTERRUPT in"
"8147","594.728770","1.1.1","host","USB","35","0000080000000000","URB_INTERRUPT in"
"8149","594.792772","1.1.1","host","USB","35","0000081600000000","URB_INTERRUPT in"
"8151","594.832786","1.1.1","host","USB","35","0000160000000000","URB_INTERRUPT in"
"8153","594.864781","1.1.1","host","USB","35","0000162c00000000","URB_INTERRUPT in"
"8155","594.896786","1.1.1","host","USB","35","00002c0000000000","URB_INTERRUPT in"
"8157","594.952788","1.1.1","host","USB","35","0000000000000000","URB_INTERRUPT in"
"8159","595.312836","1.1.1","host","USB","35","0000060000000000","URB_INTERRUPT in"
"8161","595.384853","1.1.1","host","USB","35","0000061200000000","URB_INTERRUPT in"
"8163","595.400856","1.1.1","host","USB","35","0000120000000000","URB_INTERRUPT in"
"8165","595.448845","1.1.1","host","USB","35","0000121000000000","URB_INTERRUPT in"
"8167","595.496863","1.1.1","host","USB","35","0000100000000000","URB_INTERRUPT in"
"8169","595.536867","1.1.1","host","USB","35","0000100800000000","URB_INTERRUPT in"
"8171","595.544896","1.1.1","host","USB","35","0000080000000000","URB_INTERRUPT in"
"8173","595.608873","1.1.1","host","USB","35","0000000000000000","URB_INTERRUPT in"
"8175","595.640877","1.1.1","host","USB","35","00002c0000000000","URB_INTERRUPT in"
"8177","595.704887","1.1.1","host","USB","35","0000000000000000","URB_INTERRUPT in"
"8179","596.352950","1.1.1","host","USB","35","00002a0000000000","URB_INTERRUPT in"
"8181","596.408951","1.1.1","host","USB","35","00002a1600000000","URB_INTERRUPT in"
"8183","596.424956","1.1.1","host","USB","35","0000160000000000","URB_INTERRUPT in"
"8185","596.488956","1.1.1","host","USB","35","0000000000000000","URB_INTERRUPT in"
"8187","597.017016","1.1.1","host","USB","35","00002c0000000000","URB_INTERRUPT in"
"8189","597.145029","1.1.1","host","USB","35","0000000000000000","URB_INTERRUPT in"
"8191","597.217037","1.1.1","host","USB","35","0000180000000000","URB_INTERRUPT in"
"8193","597.329046","1.1.1","host","USB","35","0000000000000000","URB_INTERRUPT in"
"8195","597.377047","1.1.1","host","USB","35","0000130000000000","URB_INTERRUPT in"
"8197","597.441054","1.1.1","host","USB","35","0000000000000000","URB_INTERRUPT in"
"8199","597.561073","1.1.1","host","USB","35","00002c0000000000","URB_INTERRUPT in"
"8201","597.633075","1.1.1","host","USB","35","0000000000000000","URB_INTERRUPT in"
"8203","597.681078","1.1.1","host","USB","35","00001a0000000000","URB_INTERRUPT in"
"8205","597.777091","1.1.1","host","USB","35","0000000000000000","URB_INTERRUPT in"
"8207","597.793092","1.1.1","host","USB","35","00000c0000000000","URB_INTERRUPT in"
"8209","597.865101","1.1.1","host","USB","35","0000000000000000","URB_INTERRUPT in"
"8211","597.921114","1.1.1","host","USB","35","0000170000000000","URB_INTERRUPT in"
"8213","597.993116","1.1.1","host","USB","35","0000000000000000","URB_INTERRUPT in"
"8215","598.001113","1.1.1","host","USB","35","00000b0000000000","URB_INTERRUPT in"
"8217","598.081122","1.1.1","host","USB","35","0000000000000000","URB_INTERRUPT in"
"8219","598.177133","1.1.1","host","USB","35","00002c0000000000","URB_INTERRUPT in"
"8221","598.249141","1.1.1","host","USB","35","0000000000000000","URB_INTERRUPT in"
"8223","598.273144","1.1.1","host","USB","35","0000090000000000","URB_INTERRUPT in"
"8225","598.345151","1.1.1","host","USB","35","0000000000000000","URB_INTERRUPT in"
"8227","598.369155","1.1.1","host","USB","35","0000120000000000","URB_INTERRUPT in"
"8229","598.449175","1.1.1","host","USB","35","0000000000000000","URB_INTERRUPT in"
"8231","598.457164","1.1.1","host","USB","35","0000150000000000","URB_INTERRUPT in"
"8233","598.529185","1.1.1","host","USB","35","0000000000000000","URB_INTERRUPT in"
"8235","598.537173","1.1.1","host","USB","35","00002c0000000000","URB_INTERRUPT in"
"8237","598.641188","1.1.1","host","USB","35","0000000000000000","URB_INTERRUPT in"
"8239","598.649186","1.1.1","host","USB","35","0000150000000000","URB_INTERRUPT in"
"8241","598.689202","1.1.1","host","USB","35","0000150800000000","URB_INTERRUPT in"
"8243","598.729207","1.1.1","host","USB","35","0000080000000000","URB_INTERRUPT in"
"8245","598.777211","1.1.1","host","USB","35","0000000000000000","URB_INTERRUPT in"
"8247","598.841210","1.1.1","host","USB","35","0000040000000000","URB_INTERRUPT in"
"8249","598.921216","1.1.1","host","USB","35","0000041600000000","URB_INTERRUPT in"
"8251","598.961224","1.1.1","host","USB","35","0000160000000000","URB_INTERRUPT in"
"8253","599.001220","1.1.1","host","USB","35","0000000000000000","URB_INTERRUPT in"
"8255","599.041230","1.1.1","host","USB","35","0000120000000000","URB_INTERRUPT in"
"8257","599.121240","1.1.1","host","USB","35","0000121100000000","URB_INTERRUPT in"
"8259","599.153246","1.1.1","host","USB","35","0000110000000000","URB_INTERRUPT in"
"8261","599.209265","1.1.1","host","USB","35","0000000000000000","URB_INTERRUPT in"
"8263","599.225246","1.1.1","host","USB","35","0000160000000000","URB_INTERRUPT in"
"8265","599.313262","1.1.1","host","USB","35","0000000000000000","URB_INTERRUPT in"
"8267","599.337267","1.1.1","host","USB","35","00002c0000000000","URB_INTERRUPT in"
"8269","599.433267","1.1.1","host","USB","35","0000000000000000","URB_INTERRUPT in"
"8271","599.465274","1.1.1","host","USB","35","0000170000000000","URB_INTERRUPT in"
"8273","599.537285","1.1.1","host","USB","35","0000000000000000","URB_INTERRUPT in"
"8275","599.569278","1.1.1","host","USB","35","00000b0000000000","URB_INTERRUPT in"
"8277","599.665299","1.1.1","host","USB","35","0000000000000000","URB_INTERRUPT in"
"8279","599.673300","1.1.1","host","USB","35","0000040000000000","URB_INTERRUPT in"
"8281","599.753301","1.1.1","host","USB","35","0000041700000000","URB_INTERRUPT in"
"8283","599.785314","1.1.1","host","USB","35","0000170000000000","URB_INTERRUPT in"
"8285","599.817309","1.1.1","host","USB","35","0000000000000000","URB_INTERRUPT in"
"8287","599.849311","1.1.1","host","USB","35","00002c0000000000","URB_INTERRUPT in"
"8289","599.913319","1.1.1","host","USB","35","0000000000000000","URB_INTERRUPT in"
"8291","600.001328","1.1.1","host","USB","35","0000110000000000","URB_INTERRUPT in"
"8293","600.081343","1.1.1","host","USB","35","0000111200000000","URB_INTERRUPT in"
"8295","600.113345","1.1.1","host","USB","35","0000120000000000","URB_INTERRUPT in"
"8297","600.169345","1.1.1","host","USB","35","0000000000000000","URB_INTERRUPT in"
"8299","600.265360","1.1.1","host","USB","35","00002c0000000000","URB_INTERRUPT in"
"8301","600.361372","1.1.1","host","USB","35","0000000000000000","URB_INTERRUPT in"
"8303","601.409483","1.1.1","host","USB","35","0000120000000000","URB_INTERRUPT in"
"8305","601.465496","1.1.1","host","USB","35","0000121100000000","URB_INTERRUPT in"
"8307","601.521496","1.1.1","host","USB","35","0000110000000000","URB_INTERRUPT in"
"8309","601.561496","1.1.1","host","USB","35","0000000000000000","URB_INTERRUPT in"
"8311","601.577498","1.1.1","host","USB","35","0000080000000000","URB_INTERRUPT in"
"8313","601.657520","1.1.1","host","USB","35","0000000000000000","URB_INTERRUPT in"
"8315","601.689515","1.1.1","host","USB","35","00002c0000000000","URB_INTERRUPT in"
"8317","601.809528","1.1.1","host","USB","35","0000000000000000","URB_INTERRUPT in"
"8319","601.857539","1.1.1","host","USB","35","0000150000000000","URB_INTERRUPT in"
"8321","601.889541","1.1.1","host","USB","35","0000150800000000","URB_INTERRUPT in"
"8323","601.937549","1.1.1","host","USB","35","0000080000000000","URB_INTERRUPT in"
"8325","601.969541","1.1.1","host","USB","35","0000000000000000","URB_INTERRUPT in"
"8327","602.041550","1.1.1","host","USB","35","0000040000000000","URB_INTERRUPT in"
"8329","602.113556","1.1.1","host","USB","35","0000000000000000","URB_INTERRUPT in"
"8331","602.137563","1.1.1","host","USB","35","00000f0000000000","URB_INTERRUPT in"
"8333","602.201568","1.1.1","host","USB","35","0000000000000000","URB_INTERRUPT in"
"8335","602.297588","1.1.1","host","USB","35","00000f0000000000","URB_INTERRUPT in"
"8337","602.353585","1.1.1","host","USB","35","00000f1c00000000","URB_INTERRUPT in"
"8339","602.361583","1.1.1","host","USB","35","00001c0000000000","URB_INTERRUPT in"
"8341","602.433593","1.1.1","host","USB","35","0000000000000000","URB_INTERRUPT in"
"8343","602.489595","1.1.1","host","USB","35","00002c0000000000","URB_INTERRUPT in"
"8345","602.577609","1.1.1","host","USB","35","0000000000000000","URB_INTERRUPT in"
"8347","602.681609","1.1.1","host","USB","35","0000040000000000","URB_INTERRUPT in"
"8349","602.761620","1.1.1","host","USB","35","0000041600000000","URB_INTERRUPT in"
"8351","602.793627","1.1.1","host","USB","35","0000160000000000","URB_INTERRUPT in"
"8353","602.849633","1.1.1","host","USB","35","0000000000000000","URB_INTERRUPT in"
"8355","602.905638","1.1.1","host","USB","35","00000e0000000000","URB_INTERRUPT in"
"8357","602.985648","1.1.1","host","USB","35","00000e0800000000","URB_INTERRUPT in"
"8359","602.993651","1.1.1","host","USB","35","0000080000000000","URB_INTERRUPT in"
"8361","603.049651","1.1.1","host","USB","35","0000000000000000","URB_INTERRUPT in"
"8363","603.105655","1.1.1","host","USB","35","0000070000000000","URB_INTERRUPT in"
"8365","603.201667","1.1.1","host","USB","35","0000000000000000","URB_INTERRUPT in"
"8367","603.217665","1.1.1","host","USB","35","00002c0000000000","URB_INTERRUPT in"
"8369","603.305680","1.1.1","host","USB","35","0000000000000000","URB_INTERRUPT in"
"8371","603.345680","1.1.1","host","USB","35","0000090000000000","URB_INTERRUPT in"
"8373","603.417692","1.1.1","host","USB","35","0000000000000000","URB_INTERRUPT in"
"8375","603.433690","1.1.1","host","USB","35","0000120000000000","URB_INTERRUPT in"
"8377","603.497694","1.1.1","host","USB","35","0000000000000000","URB_INTERRUPT in"
"8379","603.521702","1.1.1","host","USB","35","0000150000000000","URB_INTERRUPT in"
"8381","603.593718","1.1.1","host","USB","35","0000000000000000","URB_INTERRUPT in"
"8383","603.897743","1.1.1","host","USB","35","0000370000000000","URB_INTERRUPT in"
"8385","603.985757","1.1.1","host","USB","35","0000000000000000","URB_INTERRUPT in"
"8387","604.065763","1.1.1","host","USB","35","0200000000000000","URB_INTERRUPT in"
"8389","604.097766","1.1.1","host","USB","35","02002c0000000000","URB_INTERRUPT in"
"8391","604.169774","1.1.1","host","USB","35","0200000000000000","URB_INTERRUPT in"
"8393","604.297800","1.1.1","host","USB","35","0000050000000000","URB_INTERRUPT in"
"8395","604.385807","1.1.1","host","USB","35","0000000000000000","URB_INTERRUPT in"
"8397","605.385898","1.1.1","host","USB","35","0000180000000000","URB_INTERRUPT in"
"8399","605.449905","1.1.1","host","USB","35","0000000000000000","URB_INTERRUPT in"
"8401","605.457903","1.1.1","host","USB","35","0000170000000000","URB_INTERRUPT in"
"8403","605.513919","1.1.1","host","USB","35","0000000000000000","URB_INTERRUPT in"
"8405","605.577917","1.1.1","host","USB","35","00002c0000000000","URB_INTERRUPT in"
"8407","605.633924","1.1.1","host","USB","35","0000000000000000","URB_INTERRUPT in"
"8409","605.673928","1.1.1","host","USB","35","0000170000000000","URB_INTERRUPT in"
"8411","605.753940","1.1.1","host","USB","35","0000000000000000","URB_INTERRUPT in"
"8413","605.761940","1.1.1","host","USB","35","00000b0000000000","URB_INTERRUPT in"
"8415","605.801942","1.1.1","host","USB","35","0000000000000000","URB_INTERRUPT in"
"8417","605.841944","1.1.1","host","USB","35","0000080000000000","URB_INTERRUPT in"
"8419","605.921961","1.1.1","host","USB","35","0000000000000000","URB_INTERRUPT in"
"8421","605.937965","1.1.1","host","USB","35","00002c0000000000","URB_INTERRUPT in"
"8423","605.977969","1.1.1","host","USB","35","0000000000000000","URB_INTERRUPT in"
"8425","606.137992","1.1.1","host","USB","35","00000e0000000000","URB_INTERRUPT in"
"8427","606.210001","1.1.1","host","USB","35","00000e1200000000","URB_INTERRUPT in"
"8429","606.290012","1.1.1","host","USB","35","00000e0000000000","URB_INTERRUPT in"
"8431","606.306000","1.1.1","host","USB","35","0000000000000000","URB_INTERRUPT in"
"8433","606.554031","1.1.1","host","USB","35","00002a0000000000","URB_INTERRUPT in"
"8435","606.594041","1.1.1","host","USB","35","0000000000000000","URB_INTERRUPT in"
"8437","606.682035","1.1.1","host","USB","35","00002a0000000000","URB_INTERRUPT in"
"8439","606.746057","1.1.1","host","USB","35","0000000000000000","URB_INTERRUPT in"
"8441","606.858062","1.1.1","host","USB","35","0000100000000000","URB_INTERRUPT in"
"8443","606.946078","1.1.1","host","USB","35","0000101200000000","URB_INTERRUPT in"
"8445","606.978081","1.1.1","host","USB","35","0000120000000000","URB_INTERRUPT in"
"8447","607.018085","1.1.1","host","USB","35","0000150000000000","URB_INTERRUPT in"
"8449","607.042091","1.1.1","host","USB","35","0000150800000000","URB_INTERRUPT in"
"8451","607.098097","1.1.1","host","USB","35","0000080000000000","URB_INTERRUPT in"
"8453","607.122088","1.1.1","host","USB","35","0000000000000000","URB_INTERRUPT in"
"8455","607.130083","1.1.1","host","USB","35","00002c0000000000","URB_INTERRUPT in"
"8457","607.194105","1.1.1","host","USB","35","0000000000000000","URB_INTERRUPT in"
"8459","607.306116","1.1.1","host","USB","35","0200000000000000","URB_INTERRUPT in"
"8461","607.386127","1.1.1","host","USB","35","02000c0000000000","URB_INTERRUPT in"
"8463","607.450132","1.1.1","host","USB","35","0200000000000000","URB_INTERRUPT in"
"8465","607.474123","1.1.1","host","USB","35","0000000000000000","URB_INTERRUPT in"
"8467","607.530136","1.1.1","host","USB","35","00002c0000000000","URB_INTERRUPT in"
"8469","607.642146","1.1.1","host","USB","35","0000000000000000","URB_INTERRUPT in"
"8471","607.682144","1.1.1","host","USB","35","0000150000000000","URB_INTERRUPT in"
"8473","607.770157","1.1.1","host","USB","35","0000150800000000","URB_INTERRUPT in"
"8475","607.802161","1.1.1","host","USB","35","0000080000000000","URB_INTERRUPT in"
"8477","607.882172","1.1.1","host","USB","35","0000000000000000","URB_INTERRUPT in"
"8479","607.970187","1.1.1","host","USB","35","0000040000000000","URB_INTERRUPT in"
"8481","608.114193","1.1.1","host","USB","35","0000000000000000","URB_INTERRUPT in"
"8483","608.138191","1.1.1","host","USB","35","0000070000000000","URB_INTERRUPT in"
"8485","608.234201","1.1.1","host","USB","35","0000000000000000","URB_INTERRUPT in"
"8487","608.786258","1.1.1","host","USB","35","00002c0000000000","URB_INTERRUPT in"
"8489","608.906274","1.1.1","host","USB","35","02002c0000000000","URB_INTERRUPT in"
"8491","608.954283","1.1.1","host","USB","35","0200000000000000","URB_INTERRUPT in"
"8493","609.946388","1.1.1","host","USB","35","0200260000000000","URB_INTERRUPT in"
"8495","610.026405","1.1.1","host","USB","35","0200000000000000","URB_INTERRUPT in"
"8497","610.058404","1.1.1","host","USB","35","0000000000000000","URB_INTERRUPT in"
"8499","610.146410","1.1.1","host","USB","35","0000040000000000","URB_INTERRUPT in"
"8501","610.218427","1.1.1","host","USB","35","0000041100000000","URB_INTERRUPT in"
"8503","610.226417","1.1.1","host","USB","35","0000110000000000","URB_INTERRUPT in"
"8505","610.290439","1.1.1","host","USB","35","0000000000000000","URB_INTERRUPT in"
"8507","610.346429","1.1.1","host","USB","35","0000070000000000","URB_INTERRUPT in"
"8509","610.394437","1.1.1","host","USB","35","0000072c00000000","URB_INTERRUPT in"
"8511","610.410440","1.1.1","host","USB","35","00002c0000000000","URB_INTERRUPT in"
"8513","610.482440","1.1.1","host","USB","35","0000000000000000","URB_INTERRUPT in"
"8515","610.514441","1.1.1","host","USB","35","0200000000000000","URB_INTERRUPT in"
"8517","610.586449","1.1.1","host","USB","35","02000c0000000000","URB_INTERRUPT in"
"8519","610.642457","1.1.1","host","USB","35","0200000000000000","URB_INTERRUPT in"
"8521","610.682469","1.1.1","host","USB","35","0000000000000000","URB_INTERRUPT in"
"8523","610.730464","1.1.1","host","USB","35","00002c0000000000","URB_INTERRUPT in"
"8525","610.826489","1.1.1","host","USB","35","0000000000000000","URB_INTERRUPT in"
"8527","610.898485","1.1.1","host","USB","35","0000150000000000","URB_INTERRUPT in"
"8529","610.978497","1.1.1","host","USB","35","0000150800000000","URB_INTERRUPT in"
"8531","611.010495","1.1.1","host","USB","35","0000080000000000","URB_INTERRUPT in"
"8533","611.050497","1.1.1","host","USB","35","0000000000000000","URB_INTERRUPT in"
"8535","611.082500","1.1.1","host","USB","35","0000040000000000","URB_INTERRUPT in"
"8537","611.154511","1.1.1","host","USB","35","0000040700000000","URB_INTERRUPT in"
"8539","611.170524","1.1.1","host","USB","35","0000070000000000","URB_INTERRUPT in"
"8541","611.250521","1.1.1","host","USB","35","0000000000000000","URB_INTERRUPT in"
"8543","611.258520","1.1.1","host","USB","35","00002c0000000000","URB_INTERRUPT in"
"8545","611.354531","1.1.1","host","USB","35","0000000000000000","URB_INTERRUPT in"
"8547","611.386545","1.1.1","host","USB","35","0000040000000000","URB_INTERRUPT in"
"8549","611.466545","1.1.1","host","USB","35","0000000000000000","URB_INTERRUPT in"
"8551","612.090621","1.1.1","host","USB","35","00000f0000000000","URB_INTERRUPT in"
"8553","612.146622","1.1.1","host","USB","35","0000000000000000","URB_INTERRUPT in"
"8555","612.266636","1.1.1","host","USB","35","0000120000000000","URB_INTERRUPT in"
"8557","612.354646","1.1.1","host","USB","35","0000000000000000","URB_INTERRUPT in"
"8559","612.418650","1.1.1","host","USB","35","0000170000000000","URB_INTERRUPT in"
"8561","612.490667","1.1.1","host","USB","35","0000000000000000","URB_INTERRUPT in"
"8563","613.234749","1.1.1","host","USB","35","00002a0000000000","URB_INTERRUPT in"
"8565","613.282745","1.1.1","host","USB","35","0000000000000000","URB_INTERRUPT in"
"8567","613.378759","1.1.1","host","USB","35","00002a0000000000","URB_INTERRUPT in"
"8569","613.418763","1.1.1","host","USB","35","0000000000000000","URB_INTERRUPT in"
"8571","613.530776","1.1.1","host","USB","35","00002a0000000000","URB_INTERRUPT in"
"8573","613.570773","1.1.1","host","USB","35","0000000000000000","URB_INTERRUPT in"
"8575","613.666776","1.1.1","host","USB","35","00002a0000000000","URB_INTERRUPT in"
"8577","613.714781","1.1.1","host","USB","35","02002a0000000000","URB_INTERRUPT in"
"8579","613.730781","1.1.1","host","USB","35","0200000000000000","URB_INTERRUPT in"
"8581","613.786791","1.1.1","host","USB","35","0200040000000000","URB_INTERRUPT in"
"8583","613.898806","1.1.1","host","USB","35","0200000000000000","URB_INTERRUPT in"
"8585","613.914801","1.1.1","host","USB","35","02000f0000000000","URB_INTERRUPT in"
"8587","613.938808","1.1.1","host","USB","35","0200000000000000","URB_INTERRUPT in"
"8589","614.034814","1.1.1","host","USB","35","0200120000000000","URB_INTERRUPT in"
"8591","614.130828","1.1.1","host","USB","35","0200000000000000","URB_INTERRUPT in"
"8593","614.226835","1.1.1","host","USB","35","0200170000000000","URB_INTERRUPT in"
"8595","614.322846","1.1.1","host","USB","35","0200000000000000","URB_INTERRUPT in"
"8597","614.834910","1.1.1","host","USB","35","0200270000000000","URB_INTERRUPT in"
"8599","614.962929","1.1.1","host","USB","35","0200000000000000","URB_INTERRUPT in"
"8601","615.210949","1.1.1","host","USB","35","0000000000000000","URB_INTERRUPT in"
"8603","615.707000","1.1.1","host","USB","35","0000360000000000","URB_INTERRUPT in"
"8605","615.779016","1.1.1","host","USB","35","0000362c00000000","URB_INTERRUPT in"
"8607","615.819018","1.1.1","host","USB","35","00002c0000000000","URB_INTERRUPT in"
"8609","615.907019","1.1.1","host","USB","35","0000000000000000","URB_INTERRUPT in"
"8611","615.915013","1.1.1","host","USB","35","0000170000000000","URB_INTERRUPT in"
"8613","616.003028","1.1.1","host","USB","35","0000000000000000","URB_INTERRUPT in"
"8615","616.027025","1.1.1","host","USB","35","00000b0000000000","URB_INTERRUPT in"
"8617","616.091033","1.1.1","host","USB","35","0000000000000000","URB_INTERRUPT in"
"8619","616.115034","1.1.1","host","USB","35","0000080000000000","URB_INTERRUPT in"
"8621","616.171042","1.1.1","host","USB","35","0000000000000000","URB_INTERRUPT in"
"8623","616.227047","1.1.1","host","USB","35","00002c0000000000","URB_INTERRUPT in"
"8625","616.315058","1.1.1","host","USB","35","0000000000000000","URB_INTERRUPT in"
"8627","616.459073","1.1.1","host","USB","35","0000100000000000","URB_INTERRUPT in"
"8629","616.555087","1.1.1","host","USB","35","0000101200000000","URB_INTERRUPT in"
"8631","616.611093","1.1.1","host","USB","35","0000120000000000","URB_INTERRUPT in"
"8633","616.619091","1.1.1","host","USB","35","0000121500000000","URB_INTERRUPT in"
"8635","616.635091","1.1.1","host","USB","35","0000150000000000","URB_INTERRUPT in"
"8637","616.667096","1.1.1","host","USB","35","0000150800000000","URB_INTERRUPT in"
"8639","616.707101","1.1.1","host","USB","35","0000080000000000","URB_INTERRUPT in"
"8641","616.771105","1.1.1","host","USB","35","0000082c00000000","URB_INTERRUPT in"
"8643","616.787106","1.1.1","host","USB","35","00002c0000000000","URB_INTERRUPT in"
"8645","616.867115","1.1.1","host","USB","35","0000000000000000","URB_INTERRUPT in"
"8647","617.019145","1.1.1","host","USB","35","0000180000000000","URB_INTERRUPT in"
"8649","617.099147","1.1.1","host","USB","35","0000181100000000","URB_INTERRUPT in"
"8651","617.139151","1.1.1","host","USB","35","0000110000000000","URB_INTERRUPT in"
"8653","617.179159","1.1.1","host","USB","35","0000000000000000","URB_INTERRUPT in"
"8655","617.307168","1.1.1","host","USB","35","0000060000000000","URB_INTERRUPT in"
"8657","617.395188","1.1.1","host","USB","35","0000000000000000","URB_INTERRUPT in"
"8659","617.419185","1.1.1","host","USB","35","0000120000000000","URB_INTERRUPT in"
"8661","617.491197","1.1.1","host","USB","35","0000121000000000","URB_INTERRUPT in"
"8663","617.531193","1.1.1","host","USB","35","0000100000000000","URB_INTERRUPT in"
"8665","617.579206","1.1.1","host","USB","35","0000000000000000","URB_INTERRUPT in"
"8667","617.611203","1.1.1","host","USB","35","0000090000000000","URB_INTERRUPT in"
"8669","617.691220","1.1.1","host","USB","35","0000000000000000","URB_INTERRUPT in"
"8671","617.771226","1.1.1","host","USB","35","0000120000000000","URB_INTERRUPT in"
"8673","617.843226","1.1.1","host","USB","35","0000000000000000","URB_INTERRUPT in"
"8675","617.939239","1.1.1","host","USB","35","0000150000000000","URB_INTERRUPT in"
"8677","618.035254","1.1.1","host","USB","35","0000000000000000","URB_INTERRUPT in"
"8679","618.171262","1.1.1","host","USB","35","0000040000000000","URB_INTERRUPT in"
"8681","618.235272","1.1.1","host","USB","35","0000000000000000","URB_INTERRUPT in"
"8683","618.379290","1.1.1","host","USB","35","0000170000000000","URB_INTERRUPT in"
"8685","618.435289","1.1.1","host","USB","35","0000000000000000","URB_INTERRUPT in"
"8687","618.507294","1.1.1","host","USB","35","0000050000000000","URB_INTERRUPT in"
"8689","618.563311","1.1.1","host","USB","35","0000000000000000","URB_INTERRUPT in"
"8691","618.667318","1.1.1","host","USB","35","00000f0000000000","URB_INTERRUPT in"
"8693","618.747329","1.1.1","host","USB","35","0000000000000000","URB_INTERRUPT in"
"8695","618.771321","1.1.1","host","USB","35","0000080000000000","URB_INTERRUPT in"
"8697","618.827338","1.1.1","host","USB","35","0000000000000000","URB_INTERRUPT in"
"8699","618.867340","1.1.1","host","USB","35","00002c0000000000","URB_INTERRUPT in"
"8701","618.891337","1.1.1","host","USB","35","02002c0000000000","URB_INTERRUPT in"
"8703","618.931343","1.1.1","host","USB","35","0200000000000000","URB_INTERRUPT in"
"8705","619.011345","1.1.1","host","USB","35","02000c0000000000","URB_INTERRUPT in"
"8707","619.091360","1.1.1","host","USB","35","0200000000000000","URB_INTERRUPT in"
"8709","619.115364","1.1.1","host","USB","35","0000000000000000","URB_INTERRUPT in"
"8711","619.187363","1.1.1","host","USB","35","00002c0000000000","URB_INTERRUPT in"
"8713","619.259370","1.1.1","host","USB","35","0000000000000000","URB_INTERRUPT in"
"8715","619.379382","1.1.1","host","USB","35","0000050000000000","URB_INTERRUPT in"
"8717","619.467394","1.1.1","host","USB","35","0000000000000000","URB_INTERRUPT in"
"8719","619.539402","1.1.1","host","USB","35","0000080000000000","URB_INTERRUPT in"
"8721","619.603410","1.1.1","host","USB","35","0000000000000000","URB_INTERRUPT in"
"8723","619.739423","1.1.1","host","USB","35","0000060000000000","URB_INTERRUPT in"
"8725","619.835431","1.1.1","host","USB","35","0000000000000000","URB_INTERRUPT in"
"8727","620.083456","1.1.1","host","USB","35","0000040000000000","URB_INTERRUPT in"
"8729","620.163467","1.1.1","host","USB","35","0000000000000000","URB_INTERRUPT in"
"8731","620.187468","1.1.1","host","USB","35","0000100000000000","URB_INTERRUPT in"
"8733","620.275478","1.1.1","host","USB","35","0000000000000000","URB_INTERRUPT in"
"8735","620.283481","1.1.1","host","USB","35","0000080000000000","URB_INTERRUPT in"
"8737","620.347496","1.1.1","host","USB","35","0000000000000000","URB_INTERRUPT in"
"8739","620.459510","1.1.1","host","USB","35","0000370000000000","URB_INTERRUPT in"
"8741","620.547524","1.1.1","host","USB","35","0000000000000000","URB_INTERRUPT in"
"8743","620.611523","1.1.1","host","USB","35","00002c0000000000","URB_INTERRUPT in"
"8745","620.667528","1.1.1","host","USB","35","02002c0000000000","URB_INTERRUPT in"
"8747","620.691534","1.1.1","host","USB","35","0200000000000000","URB_INTERRUPT in"
"8749","620.779538","1.1.1","host","USB","35","02000c0000000000","URB_INTERRUPT in"
"8751","620.851546","1.1.1","host","USB","35","0200000000000000","URB_INTERRUPT in"
"8753","620.875543","1.1.1","host","USB","35","0000000000000000","URB_INTERRUPT in"
"8755","620.955559","1.1.1","host","USB","35","00002c0000000000","URB_INTERRUPT in"
"8757","621.011561","1.1.1","host","USB","35","00002c0600000000","URB_INTERRUPT in"
"8759","621.027565","1.1.1","host","USB","35","0000060000000000","URB_INTERRUPT in"
"8761","621.115570","1.1.1","host","USB","35","0000000000000000","URB_INTERRUPT in"
"8763","621.211596","1.1.1","host","USB","35","0000120000000000","URB_INTERRUPT in"
"8765","621.267589","1.1.1","host","USB","35","0000121800000000","URB_INTERRUPT in"
"8767","621.323604","1.1.1","host","USB","35","0000180000000000","URB_INTERRUPT in"
"8769","621.347600","1.1.1","host","USB","35","0000000000000000","URB_INTERRUPT in"
"8771","621.451604","1.1.1","host","USB","35","00000f0000000000","URB_INTERRUPT in"
"8773","621.547621","1.1.1","host","USB","35","0000000000000000","URB_INTERRUPT in"
"8775","621.555611","1.1.1","host","USB","35","0000070000000000","URB_INTERRUPT in"
"8777","621.627623","1.1.1","host","USB","35","0000110000000000","URB_INTERRUPT in"
"8779","621.715630","1.1.1","host","USB","35","0000000000000000","URB_INTERRUPT in"
"8781","621.827642","1.1.1","host","USB","35","0000340000000000","URB_INTERRUPT in"
"8783","621.939661","1.1.1","host","USB","35","0000000000000000","URB_INTERRUPT in"
"8785","621.971657","1.1.1","host","USB","35","0000170000000000","URB_INTERRUPT in"
"8787","622.035668","1.1.1","host","USB","35","0000000000000000","URB_INTERRUPT in"
"8789","622.091667","1.1.1","host","USB","35","00002c0000000000","URB_INTERRUPT in"
"8791","622.179683","1.1.1","host","USB","35","0000000000000000","URB_INTERRUPT in"
"8793","622.435707","1.1.1","host","USB","35","0000160000000000","URB_INTERRUPT in"
"8795","622.555735","1.1.1","host","USB","35","0000000000000000","URB_INTERRUPT in"
"8797","622.635742","1.1.1","host","USB","35","0000170000000000","URB_INTERRUPT in"
"8799","622.715749","1.1.1","host","USB","35","0000000000000000","URB_INTERRUPT in"
"8801","623.011784","1.1.1","host","USB","35","0000120000000000","URB_INTERRUPT in"
"8803","623.139798","1.1.1","host","USB","35","0000121300000000","URB_INTERRUPT in"
"8805","623.163790","1.1.1","host","USB","35","0000130000000000","URB_INTERRUPT in"
"8807","623.259798","1.1.1","host","USB","35","0000000000000000","URB_INTERRUPT in"
"8809","623.411818","1.1.1","host","USB","35","00002c0000000000","URB_INTERRUPT in"
"8811","623.499827","1.1.1","host","USB","35","0000000000000000","URB_INTERRUPT in"
"8813","623.555837","1.1.1","host","USB","35","0000040000000000","URB_INTERRUPT in"
"8815","623.619839","1.1.1","host","USB","35","0000000000000000","URB_INTERRUPT in"
"8817","623.779855","1.1.1","host","USB","35","00002a0000000000","URB_INTERRUPT in"
"8819","623.843872","1.1.1","host","USB","35","0000000000000000","URB_INTERRUPT in"
"8821","623.971875","1.1.1","host","USB","35","00000c0000000000","URB_INTERRUPT in"
"8823","624.035885","1.1.1","host","USB","35","00000c1000000000","URB_INTERRUPT in"
"8825","624.051883","1.1.1","host","USB","35","0000100000000000","URB_INTERRUPT in"
"8827","624.107887","1.1.1","host","USB","35","0000100400000000","URB_INTERRUPT in"
"8829","624.123903","1.1.1","host","USB","35","0000040000000000","URB_INTERRUPT in"
"8831","624.195898","1.1.1","host","USB","35","0000000000000000","URB_INTERRUPT in"
"8833","624.275909","1.1.1","host","USB","35","00000a0000000000","URB_INTERRUPT in"
"8835","624.355918","1.1.1","host","USB","35","0000000000000000","URB_INTERRUPT in"
"8837","624.371983","1.1.1","host","USB","35","00000c0000000000","URB_INTERRUPT in"
"8839","624.427926","1.1.1","host","USB","35","00000c1100000000","URB_INTERRUPT in"
"8841","624.467930","1.1.1","host","USB","35","0000110000000000","URB_INTERRUPT in"
"8843","624.499932","1.1.1","host","USB","35","0000000000000000","URB_INTERRUPT in"
"8845","624.907968","1.1.1","host","USB","35","00000c0000000000","URB_INTERRUPT in"
"8847","624.963977","1.1.1","host","USB","35","00000c1100000000","URB_INTERRUPT in"
"8849","625.011981","1.1.1","host","USB","35","0000110000000000","URB_INTERRUPT in"
"8851","625.043984","1.1.1","host","USB","35","0000110a00000000","URB_INTERRUPT in"
"8853","625.051985","1.1.1","host","USB","35","00000a0000000000","URB_INTERRUPT in"
"8855","625.132003","1.1.1","host","USB","35","0000000000000000","URB_INTERRUPT in"
"8857","625.340015","1.1.1","host","USB","35","00002c0000000000","URB_INTERRUPT in"
"8859","625.428026","1.1.1","host","USB","35","0000000000000000","URB_INTERRUPT in"
"8861","625.580041","1.1.1","host","USB","35","00000c0000000000","URB_INTERRUPT in"
"8863","625.620045","1.1.1","host","USB","35","0000000000000000","URB_INTERRUPT in"
"8865","625.636047","1.1.1","host","USB","35","0000170000000000","URB_INTERRUPT in"
"8867","625.708056","1.1.1","host","USB","35","0000000000000000","URB_INTERRUPT in"
"8869","625.812064","1.1.1","host","USB","35","0000370000000000","URB_INTERRUPT in"
"8871","625.940087","1.1.1","host","USB","35","0000000000000000","URB_INTERRUPT in"
"8873","627.748271","1.1.1","host","USB","35","0000280000000000","URB_INTERRUPT in"
"8875","627.796276","1.1.1","host","USB","35","0000000000000000","URB_INTERRUPT in"
"8877","627.876282","1.1.1","host","USB","35","0000280000000000","URB_INTERRUPT in"
"8879","627.940291","1.1.1","host","USB","35","0000000000000000","URB_INTERRUPT in"
"8881","628.452360","1.1.1","host","USB","35","0000390000000000","URB_INTERRUPT in"
"8885","628.556372","1.1.1","host","USB","35","0000390c00000000","URB_INTERRUPT in"
"8887","628.612371","1.1.1","host","USB","35","0000390000000000","URB_INTERRUPT in"
"8889","628.636375","1.1.1","host","USB","35","0000000000000000","URB_INTERRUPT in"
"8891","628.700380","1.1.1","host","USB","35","0000100000000000","URB_INTERRUPT in"
"8893","628.780394","1.1.1","host","USB","35","0000000000000000","URB_INTERRUPT in"
"8895","629.644488","1.1.1","host","USB","35","00002a0000000000","URB_INTERRUPT in"
"8897","629.700493","1.1.1","host","USB","35","0000000000000000","URB_INTERRUPT in"
"8899","629.812501","1.1.1","host","USB","35","0000100000000000","URB_INTERRUPT in"
"8901","629.892507","1.1.1","host","USB","35","0000100400000000","URB_INTERRUPT in"
"8903","629.900514","1.1.1","host","USB","35","0000040000000000","URB_INTERRUPT in"
"8905","629.948516","1.1.1","host","USB","35","0000000000000000","URB_INTERRUPT in"
"8907","630.388558","1.1.1","host","USB","35","00000a0000000000","URB_INTERRUPT in"
"8909","630.436565","1.1.1","host","USB","35","0000000000000000","URB_INTERRUPT in"
"8911","630.612577","1.1.1","host","USB","35","00002a0000000000","URB_INTERRUPT in"
"8913","630.660578","1.1.1","host","USB","35","0000000000000000","URB_INTERRUPT in"
"8915","630.740588","1.1.1","host","USB","35","00002a0000000000","URB_INTERRUPT in"
"8917","630.788599","1.1.1","host","USB","35","0000000000000000","URB_INTERRUPT in"
"8919","630.868601","1.1.1","host","USB","35","00002a0000000000","URB_INTERRUPT in"
"8921","630.876603","1.1.1","host","USB","35","00002a3900000000","URB_INTERRUPT in"
"8925","630.932606","1.1.1","host","USB","35","0000390000000000","URB_INTERRUPT in"
"8927","630.940607","1.1.1","host","USB","35","0000000000000000","URB_INTERRUPT in"
"8929","631.196636","1.1.1","host","USB","35","0000100000000000","URB_INTERRUPT in"
"8931","631.268650","1.1.1","host","USB","35","0000000000000000","URB_INTERRUPT in"
"8933","631.300659","1.1.1","host","USB","35","0000040000000000","URB_INTERRUPT in"
"8935","631.380671","1.1.1","host","USB","35","0000000000000000","URB_INTERRUPT in"
"8937","631.396666","1.1.1","host","USB","35","00000a0000000000","URB_INTERRUPT in"
"8939","631.476682","1.1.1","host","USB","35","0000000000000000","URB_INTERRUPT in"
"8941","631.532678","1.1.1","host","USB","35","00000c0000000000","URB_INTERRUPT in"
"8943","631.588687","1.1.1","host","USB","35","00000c1100000000","URB_INTERRUPT in"
"8945","631.628695","1.1.1","host","USB","35","0000110000000000","URB_INTERRUPT in"
"8947","631.684692","1.1.1","host","USB","35","0000000000000000","URB_INTERRUPT in"
"8949","631.692698","1.1.1","host","USB","35","00000a0000000000","URB_INTERRUPT in"
"8951","631.748702","1.1.1","host","USB","35","0000000000000000","URB_INTERRUPT in"
"8953","632.108743","1.1.1","host","USB","35","0000080000000000","URB_INTERRUPT in"
"8955","632.164754","1.1.1","host","USB","35","0000000000000000","URB_INTERRUPT in"
"8957","632.380763","1.1.1","host","USB","35","00002a0000000000","URB_INTERRUPT in"
"8959","632.420769","1.1.1","host","USB","35","0000000000000000","URB_INTERRUPT in"
"8961","632.500773","1.1.1","host","USB","35","00002a0000000000","URB_INTERRUPT in"
"8963","632.564781","1.1.1","host","USB","35","0000000000000000","URB_INTERRUPT in"
"8965","632.572781","1.1.1","host","USB","35","0000080000000000","URB_INTERRUPT in"
"8967","632.660798","1.1.1","host","USB","35","0000000000000000","URB_INTERRUPT in"
"8969","633.268855","1.1.1","host","USB","35","00002c0000000000","URB_INTERRUPT in"
"8971","633.356869","1.1.1","host","USB","35","0000000000000000","URB_INTERRUPT in"
"8973","633.580907","1.1.1","host","USB","35","0000070000000000","URB_INTERRUPT in"
"8975","633.660915","1.1.1","host","USB","35","0000000000000000","URB_INTERRUPT in"
"8977","633.692903","1.1.1","host","USB","35","0000180000000000","URB_INTERRUPT in"
"8979","633.748921","1.1.1","host","USB","35","0000000000000000","URB_INTERRUPT in"
"8981","633.780910","1.1.1","host","USB","35","0000060000000000","URB_INTERRUPT in"
"8983","633.876936","1.1.1","host","USB","35","0000000000000000","URB_INTERRUPT in"
"8985","633.892937","1.1.1","host","USB","35","00000e0000000000","URB_INTERRUPT in"
"8987","633.964947","1.1.1","host","USB","35","00000e1600000000","URB_INTERRUPT in"
"8989","633.972936","1.1.1","host","USB","35","0000160000000000","URB_INTERRUPT in"
"8991","634.044944","1.1.1","host","USB","35","0000000000000000","URB_INTERRUPT in"
"8993","634.076945","1.1.1","host","USB","35","00002c0000000000","URB_INTERRUPT in"
"8995","634.180961","1.1.1","host","USB","35","0000000000000000","URB_INTERRUPT in"
"8997","634.284970","1.1.1","host","USB","35","0000040000000000","URB_INTERRUPT in"
"8999","634.404993","1.1.1","host","USB","35","0000000000000000","URB_INTERRUPT in"
"9001","634.573001","1.1.1","host","USB","35","00002a0000000000","URB_INTERRUPT in"
"9003","634.621015","1.1.1","host","USB","35","00002a1a00000000","URB_INTERRUPT in"
"9005","634.653018","1.1.1","host","USB","35","00001a0000000000","URB_INTERRUPT in"
"9007","634.733011","1.1.1","host","USB","35","00001a0400000000","URB_INTERRUPT in"
"9009","634.741018","1.1.1","host","USB","35","0000040000000000","URB_INTERRUPT in"
"9011","634.837031","1.1.1","host","USB","35","0000040700000000","URB_INTERRUPT in"
"9013","634.853040","1.1.1","host","USB","35","0000070000000000","URB_INTERRUPT in"
"9015","634.917045","1.1.1","host","USB","35","0000000000000000","URB_INTERRUPT in"
"9017","635.013048","1.1.1","host","USB","35","0000070000000000","URB_INTERRUPT in"
"9019","635.069055","1.1.1","host","USB","35","0000000000000000","URB_INTERRUPT in"
"9021","635.093050","1.1.1","host","USB","35","00000f0000000000","URB_INTERRUPT in"
"9023","635.157065","1.1.1","host","USB","35","0000000000000000","URB_INTERRUPT in"
"9025","635.285079","1.1.1","host","USB","35","00000c0000000000","URB_INTERRUPT in"
"9027","635.341093","1.1.1","host","USB","35","00000c1100000000","URB_INTERRUPT in"
"9029","635.381086","1.1.1","host","USB","35","0000110000000000","URB_INTERRUPT in"
"9031","635.421098","1.1.1","host","USB","35","0000000000000000","URB_INTERRUPT in"
"9033","635.429092","1.1.1","host","USB","35","00000a0000000000","URB_INTERRUPT in"
"9035","635.501100","1.1.1","host","USB","35","0000000000000000","URB_INTERRUPT in"
"9037","635.549109","1.1.1","host","USB","35","00002c0000000000","URB_INTERRUPT in"
"9039","635.645125","1.1.1","host","USB","35","0000000000000000","URB_INTERRUPT in"
"9041","635.821130","1.1.1","host","USB","35","0000040000000000","URB_INTERRUPT in"
"9043","635.933139","1.1.1","host","USB","35","0000000000000000","URB_INTERRUPT in"
"9045","636.005150","1.1.1","host","USB","35","0000150000000000","URB_INTERRUPT in"
"9047","636.101157","1.1.1","host","USB","35","0000000000000000","URB_INTERRUPT in"
"9049","636.197168","1.1.1","host","USB","35","0000120000000000","URB_INTERRUPT in"
"9051","636.301182","1.1.1","host","USB","35","0000121800000000","URB_INTERRUPT in"
"9053","636.341182","1.1.1","host","USB","35","0000180000000000","URB_INTERRUPT in"
"9055","636.381184","1.1.1","host","USB","35","0000000000000000","URB_INTERRUPT in"
"9057","636.517200","1.1.1","host","USB","35","0000110000000000","URB_INTERRUPT in"
"9059","636.629234","1.1.1","host","USB","35","0000000000000000","URB_INTERRUPT in"
"9061","636.717223","1.1.1","host","USB","35","0000070000000000","URB_INTERRUPT in"
"9063","636.789232","1.1.1","host","USB","35","0000000000000000","URB_INTERRUPT in"
"9065","637.421314","1.1.1","host","USB","35","0000360000000000","URB_INTERRUPT in"
"9067","637.485312","1.1.1","host","USB","35","0000362c00000000","URB_INTERRUPT in"
"9069","637.533317","1.1.1","host","USB","35","00002c0000000000","URB_INTERRUPT in"
"9071","637.613328","1.1.1","host","USB","35","0000000000000000","URB_INTERRUPT in"
"9073","637.693332","1.1.1","host","USB","35","0000170000000000","URB_INTERRUPT in"
"9075","637.773352","1.1.1","host","USB","35","0000000000000000","URB_INTERRUPT in"
"9077","637.797352","1.1.1","host","USB","35","00000b0000000000","URB_INTERRUPT in"
"9079","637.869358","1.1.1","host","USB","35","0000000000000000","URB_INTERRUPT in"
"9081","637.885350","1.1.1","host","USB","35","0000080000000000","URB_INTERRUPT in"
"9083","637.957353","1.1.1","host","USB","35","0000000000000000","URB_INTERRUPT in"
"9085","637.989359","1.1.1","host","USB","35","00000c0000000000","URB_INTERRUPT in"
"9087","638.061367","1.1.1","host","USB","35","0000000000000000","URB_INTERRUPT in"
"9089","638.093366","1.1.1","host","USB","35","0000150000000000","URB_INTERRUPT in"
"9091","638.165379","1.1.1","host","USB","35","0000000000000000","URB_INTERRUPT in"
"9093","638.197377","1.1.1","host","USB","35","00002c0000000000","URB_INTERRUPT in"
"9095","638.277388","1.1.1","host","USB","35","0000000000000000","URB_INTERRUPT in"
"9097","638.381399","1.1.1","host","USB","35","0000160000000000","URB_INTERRUPT in"
"9099","638.493413","1.1.1","host","USB","35","0000161300000000","URB_INTERRUPT in"
"9101","638.501412","1.1.1","host","USB","35","0000130000000000","URB_INTERRUPT in"
"9103","638.621427","1.1.1","host","USB","35","0000130c00000000","URB_INTERRUPT in"
"9105","638.629430","1.1.1","host","USB","35","00000c0000000000","URB_INTERRUPT in"
"9107","638.725437","1.1.1","host","USB","35","0000000000000000","URB_INTERRUPT in"
"9109","638.733440","1.1.1","host","USB","35","0000150000000000","URB_INTERRUPT in"
"9111","638.797443","1.1.1","host","USB","35","0000000000000000","URB_INTERRUPT in"
"9113","638.909457","1.1.1","host","USB","35","0000040000000000","URB_INTERRUPT in"
"9115","638.981462","1.1.1","host","USB","35","0000000000000000","URB_INTERRUPT in"
"9117","639.013475","1.1.1","host","USB","35","00000f0000000000","URB_INTERRUPT in"
"9119","639.157487","1.1.1","host","USB","35","0000000000000000","URB_INTERRUPT in"
"9121","639.701546","1.1.1","host","USB","35","00002d0000000000","URB_INTERRUPT in"
"9123","639.813567","1.1.1","host","USB","35","0000000000000000","URB_INTERRUPT in"
"9125","639.853568","1.1.1","host","USB","35","0000160000000000","URB_INTERRUPT in"
"9127","639.933572","1.1.1","host","USB","35","0000000000000000","URB_INTERRUPT in"
"9129","639.973573","1.1.1","host","USB","35","00000b0000000000","URB_INTERRUPT in"
"9131","640.061593","1.1.1","host","USB","35","0000040000000000","URB_INTERRUPT in"
"9133","640.157601","1.1.1","host","USB","35","0000000000000000","URB_INTERRUPT in"
"9135","640.389620","1.1.1","host","USB","35","0000130000000000","URB_INTERRUPT in"
"9137","640.509638","1.1.1","host","USB","35","0000000000000000","URB_INTERRUPT in"
"9139","640.725665","1.1.1","host","USB","35","0000080000000000","URB_INTERRUPT in"
"9141","640.789660","1.1.1","host","USB","35","0000000000000000","URB_INTERRUPT in"
"9143","641.181707","1.1.1","host","USB","35","0000070000000000","URB_INTERRUPT in"
"9145","641.269705","1.1.1","host","USB","35","0000000000000000","URB_INTERRUPT in"
"9147","641.397719","1.1.1","host","USB","35","00002c0000000000","URB_INTERRUPT in"
"9149","641.509737","1.1.1","host","USB","35","0000000000000000","URB_INTERRUPT in"
"9151","641.637745","1.1.1","host","USB","35","0000040000000000","URB_INTERRUPT in"
"9153","641.709752","1.1.1","host","USB","35","0000000000000000","URB_INTERRUPT in"
"9155","641.741756","1.1.1","host","USB","35","0000110000000000","URB_INTERRUPT in"
"9157","641.821764","1.1.1","host","USB","35","0000000000000000","URB_INTERRUPT in"
"9159","642.165804","1.1.1","host","USB","35","0000040000000000","URB_INTERRUPT in"
"9161","642.253812","1.1.1","host","USB","35","0000000000000000","URB_INTERRUPT in"
"9163","642.869893","1.1.1","host","USB","35","0000170000000000","URB_INTERRUPT in"
"9165","642.949899","1.1.1","host","USB","35","0000000000000000","URB_INTERRUPT in"
"9167","643.021901","1.1.1","host","USB","35","0000120000000000","URB_INTERRUPT in"
"9169","643.125911","1.1.1","host","USB","35","0000121000000000","URB_INTERRUPT in"
"9171","643.165915","1.1.1","host","USB","35","0000100000000000","URB_INTERRUPT in"
"9173","643.253926","1.1.1","host","USB","35","0000000000000000","URB_INTERRUPT in"
"9175","643.261921","1.1.1","host","USB","35","00001c0000000000","URB_INTERRUPT in"
"9177","643.365932","1.1.1","host","USB","35","0000000000000000","URB_INTERRUPT in"
"9179","643.421933","1.1.1","host","USB","35","00002c0000000000","URB_INTERRUPT in"
"9181","643.517944","1.1.1","host","USB","35","0000000000000000","URB_INTERRUPT in"
"9183","643.677960","1.1.1","host","USB","35","00000b0000000000","URB_INTERRUPT in"
"9185","643.757969","1.1.1","host","USB","35","0000000000000000","URB_INTERRUPT in"
"9187","643.789981","1.1.1","host","USB","35","00000c0000000000","URB_INTERRUPT in"
"9189","643.845986","1.1.1","host","USB","35","0000000000000000","URB_INTERRUPT in"
"9191","643.877980","1.1.1","host","USB","35","0000070000000000","URB_INTERRUPT in"
"9193","643.949990","1.1.1","host","USB","35","0000000000000000","URB_INTERRUPT in"
"9195","644.046000","1.1.1","host","USB","35","0000070000000000","URB_INTERRUPT in"
"9197","644.126014","1.1.1","host","USB","35","0000000000000000","URB_INTERRUPT in"
"9199","644.158015","1.1.1","host","USB","35","0000080000000000","URB_INTERRUPT in"
"9201","644.230023","1.1.1","host","USB","35","0000000000000000","URB_INTERRUPT in"
"9203","644.246021","1.1.1","host","USB","35","0000110000000000","URB_INTERRUPT in"
"9205","644.318036","1.1.1","host","USB","35","0000000000000000","URB_INTERRUPT in"
"9207","644.406038","1.1.1","host","USB","35","00002c0000000000","URB_INTERRUPT in"
"9209","644.486046","1.1.1","host","USB","35","0000000000000000","URB_INTERRUPT in"
"9211","644.574069","1.1.1","host","USB","35","0000050000000000","URB_INTERRUPT in"
"9213","644.678077","1.1.1","host","USB","35","0000000000000000","URB_INTERRUPT in"
"9215","644.686082","1.1.1","host","USB","35","0000080000000000","URB_INTERRUPT in"
"9217","644.758080","1.1.1","host","USB","35","0000000000000000","URB_INTERRUPT in"
"9219","644.846095","1.1.1","host","USB","35","0000110000000000","URB_INTERRUPT in"
"9221","644.942108","1.1.1","host","USB","35","0000000000000000","URB_INTERRUPT in"
"9223","645.174133","1.1.1","host","USB","35","0000080000000000","URB_INTERRUPT in"
"9225","645.270144","1.1.1","host","USB","35","0000080400000000","URB_INTERRUPT in"
"9227","645.286140","1.1.1","host","USB","35","0000040000000000","URB_INTERRUPT in"
"9229","645.350142","1.1.1","host","USB","35","0000000000000000","URB_INTERRUPT in"
"9231","645.470162","1.1.1","host","USB","35","0000170000000000","URB_INTERRUPT in"
"9233","645.574178","1.1.1","host","USB","35","0000000000000000","URB_INTERRUPT in"
"9235","645.582172","1.1.1","host","USB","35","00000b0000000000","URB_INTERRUPT in"
"9237","645.662186","1.1.1","host","USB","35","0000000000000000","URB_INTERRUPT in"
"9239","646.126231","1.1.1","host","USB","35","00002c0000000000","URB_INTERRUPT in"
"9241","646.262251","1.1.1","host","USB","35","0000000000000000","URB_INTERRUPT in"
"9243","646.286236","1.1.1","host","USB","35","0000170000000000","URB_INTERRUPT in"
"9245","646.382257","1.1.1","host","USB","35","0000000000000000","URB_INTERRUPT in"
"9247","646.438266","1.1.1","host","USB","35","00000b0000000000","URB_INTERRUPT in"
"9249","646.574273","1.1.1","host","USB","35","0000000000000000","URB_INTERRUPT in"
"9251","646.582268","1.1.1","host","USB","35","0000120000000000","URB_INTERRUPT in"
"9253","646.678293","1.1.1","host","USB","35","0000000000000000","URB_INTERRUPT in"
"9255","646.726283","1.1.1","host","USB","35","0000160000000000","URB_INTERRUPT in"
"9257","646.782289","1.1.1","host","USB","35","0000160800000000","URB_INTERRUPT in"
"9259","646.870302","1.1.1","host","USB","35","0000080000000000","URB_INTERRUPT in"
"9261","646.894300","1.1.1","host","USB","35","0000000000000000","URB_INTERRUPT in"
"9263","646.902303","1.1.1","host","USB","35","00002c0000000000","URB_INTERRUPT in"
"9265","646.998323","1.1.1","host","USB","35","0000000000000000","URB_INTERRUPT in"
"9267","647.078325","1.1.1","host","USB","35","0000160000000000","URB_INTERRUPT in"
"9269","647.182333","1.1.1","host","USB","35","0000160800000000","URB_INTERRUPT in"
"9271","647.206334","1.1.1","host","USB","35","0000080000000000","URB_INTERRUPT in"
"9273","647.262346","1.1.1","host","USB","35","0000000000000000","URB_INTERRUPT in"
"9275","647.342350","1.1.1","host","USB","35","0000080000000000","URB_INTERRUPT in"
"9277","647.462364","1.1.1","host","USB","35","0000000000000000","URB_INTERRUPT in"
"9279","647.478375","1.1.1","host","USB","35","0000100000000000","URB_INTERRUPT in"
"9281","647.590379","1.1.1","host","USB","35","0000000000000000","URB_INTERRUPT in"
"9283","647.846407","1.1.1","host","USB","35","00000c0000000000","URB_INTERRUPT in"
"9285","647.934428","1.1.1","host","USB","35","00000c1100000000","URB_INTERRUPT in"
"9287","647.982424","1.1.1","host","USB","35","0000110000000000","URB_INTERRUPT in"
"9289","648.038435","1.1.1","host","USB","35","0000000000000000","URB_INTERRUPT in"
"9291","648.078438","1.1.1","host","USB","35","00000a0000000000","URB_INTERRUPT in"
"9293","648.150448","1.1.1","host","USB","35","0000000000000000","URB_INTERRUPT in"
"9295","648.350471","1.1.1","host","USB","35","00000f0000000000","URB_INTERRUPT in"
"9297","648.462476","1.1.1","host","USB","35","0000000000000000","URB_INTERRUPT in"
"9299","648.510488","1.1.1","host","USB","35","0000170000000000","URB_INTERRUPT in"
"9301","648.582491","1.1.1","host","USB","35","0000000000000000","URB_INTERRUPT in"
"9303","648.686508","1.1.1","host","USB","35","00002c0000000000","URB_INTERRUPT in"
"9305","648.806511","1.1.1","host","USB","35","0000000000000000","URB_INTERRUPT in"
"9307","649.014529","1.1.1","host","USB","35","00000c0000000000","URB_INTERRUPT in"
"9309","649.062541","1.1.1","host","USB","35","00000c1100000000","URB_INTERRUPT in"
"9311","649.110539","1.1.1","host","USB","35","0000110000000000","URB_INTERRUPT in"
"9313","649.134540","1.1.1","host","USB","35","0000000000000000","URB_INTERRUPT in"
"9315","649.238553","1.1.1","host","USB","35","0000110000000000","URB_INTERRUPT in"
"9317","649.334565","1.1.1","host","USB","35","0000000000000000","URB_INTERRUPT in"
"9319","649.518580","1.1.1","host","USB","35","0000120000000000","URB_INTERRUPT in"
"9321","649.670601","1.1.1","host","USB","35","0000000000000000","URB_INTERRUPT in"
"9323","649.830623","1.1.1","host","USB","35","0000060000000000","URB_INTERRUPT in"
"9325","649.918625","1.1.1","host","USB","35","0000000000000000","URB_INTERRUPT in"
"9327","650.198666","1.1.1","host","USB","35","0000080000000000","URB_INTERRUPT in"
"9329","650.294677","1.1.1","host","USB","35","0000000000000000","URB_INTERRUPT in"
"9331","650.366683","1.1.1","host","USB","35","0000110000000000","URB_INTERRUPT in"
"9333","650.430684","1.1.1","host","USB","35","0000000000000000","URB_INTERRUPT in"
"9335","650.446700","1.1.1","host","USB","35","0000170000000000","URB_INTERRUPT in"
"9337","650.526694","1.1.1","host","USB","35","0000000000000000","URB_INTERRUPT in"
"9339","650.638715","1.1.1","host","USB","35","00002c0000000000","URB_INTERRUPT in"
"9341","650.758720","1.1.1","host","USB","35","0000000000000000","URB_INTERRUPT in"
"9343","650.910744","1.1.1","host","USB","35","0000090000000000","URB_INTERRUPT in"
"9345","651.014749","1.1.1","host","USB","35","0000000000000000","URB_INTERRUPT in"
"9347","651.134768","1.1.1","host","USB","35","0000040000000000","URB_INTERRUPT in"
"9349","651.206772","1.1.1","host","USB","35","0000000000000000","URB_INTERRUPT in"
"9351","651.598812","1.1.1","host","USB","35","0000170000000000","URB_INTERRUPT in"
"9353","651.702830","1.1.1","host","USB","35","0000000000000000","URB_INTERRUPT in"
"9355","652.046854","1.1.1","host","USB","35","00000b0000000000","URB_INTERRUPT in"
"9357","652.078859","1.1.1","host","USB","35","0000000000000000","URB_INTERRUPT in"
"9359","652.270873","1.1.1","host","USB","35","00002a0000000000","URB_INTERRUPT in"
"9361","652.334880","1.1.1","host","USB","35","0000000000000000","URB_INTERRUPT in"
"9363","652.398887","1.1.1","host","USB","35","00002a0000000000","URB_INTERRUPT in"
"9365","652.470895","1.1.1","host","USB","35","0000000000000000","URB_INTERRUPT in"
"9367","652.526899","1.1.1","host","USB","35","0000080000000000","URB_INTERRUPT in"
"9369","652.630910","1.1.1","host","USB","35","0000000000000000","URB_INTERRUPT in"
"9371","652.638910","1.1.1","host","USB","35","0000040000000000","URB_INTERRUPT in"
"9373","652.734925","1.1.1","host","USB","35","0000000000000000","URB_INTERRUPT in"
"9375","652.878937","1.1.1","host","USB","35","00002a0000000000","URB_INTERRUPT in"
"9377","652.942945","1.1.1","host","USB","35","0000000000000000","URB_INTERRUPT in"
"9379","653.030954","1.1.1","host","USB","35","00002a0000000000","URB_INTERRUPT in"
"9381","653.062962","1.1.1","host","USB","35","0000000000000000","URB_INTERRUPT in"
"9383","653.150974","1.1.1","host","USB","35","00002a0000000000","URB_INTERRUPT in"
"9385","653.214975","1.1.1","host","USB","35","00002a0800000000","URB_INTERRUPT in"
"9387","653.222979","1.1.1","host","USB","35","0000080000000000","URB_INTERRUPT in"
"9389","653.278980","1.1.1","host","USB","35","0000080400000000","URB_INTERRUPT in"
"9391","653.286981","1.1.1","host","USB","35","0000040000000000","URB_INTERRUPT in"
"9393","653.334993","1.1.1","host","USB","35","0000000000000000","URB_INTERRUPT in"
"9395","653.455005","1.1.1","host","USB","35","00000b0000000000","URB_INTERRUPT in"
"9397","653.599020","1.1.1","host","USB","35","0000000000000000","URB_INTERRUPT in"
"9399","653.815055","1.1.1","host","USB","35","00002a0000000000","URB_INTERRUPT in"
"9401","653.903062","1.1.1","host","USB","35","0000000000000000","URB_INTERRUPT in"
"9403","653.911052","1.1.1","host","USB","35","0000170000000000","URB_INTERRUPT in"
"9405","653.967058","1.1.1","host","USB","35","0000000000000000","URB_INTERRUPT in"
"9407","654.015072","1.1.1","host","USB","35","00000b0000000000","URB_INTERRUPT in"
"9409","654.071068","1.1.1","host","USB","35","00000b0800000000","URB_INTERRUPT in"
"9411","654.095072","1.1.1","host","USB","35","0000080000000000","URB_INTERRUPT in"
"9413","654.135084","1.1.1","host","USB","35","0000081500000000","URB_INTERRUPT in"
"9415","654.191090","1.1.1","host","USB","35","0000150000000000","URB_INTERRUPT in"
"9417","654.223089","1.1.1","host","USB","35","0000000000000000","URB_INTERRUPT in"
"9419","654.263107","1.1.1","host","USB","35","00002c0000000000","URB_INTERRUPT in"
"9421","654.375095","1.1.1","host","USB","35","0000000000000000","URB_INTERRUPT in"
"9423","655.399208","1.1.1","host","USB","35","00002a0000000000","URB_INTERRUPT in"
"9425","655.471211","1.1.1","host","USB","35","00002a1600000000","URB_INTERRUPT in"
"9427","655.479212","1.1.1","host","USB","35","0000160000000000","URB_INTERRUPT in"
"9429","655.575236","1.1.1","host","USB","35","0000000000000000","URB_INTERRUPT in"
"9431","655.823255","1.1.1","host","USB","35","0000360000000000","URB_INTERRUPT in"
"9433","655.887268","1.1.1","host","USB","35","0000362c00000000","URB_INTERRUPT in"
"9435","655.927268","1.1.1","host","USB","35","00002c0000000000","URB_INTERRUPT in"
"9437","656.015284","1.1.1","host","USB","35","0000000000000000","URB_INTERRUPT in"
"9439","656.143291","1.1.1","host","USB","35","00001a0000000000","URB_INTERRUPT in"
"9441","656.223307","1.1.1","host","USB","35","00001a0400000000","URB_INTERRUPT in"
"9443","656.231299","1.1.1","host","USB","35","0000040000000000","URB_INTERRUPT in"
"9445","656.343321","1.1.1","host","USB","35","0000000000000000","URB_INTERRUPT in"
"9447","656.375324","1.1.1","host","USB","35","00000c0000000000","URB_INTERRUPT in"
"9449","656.447330","1.1.1","host","USB","35","00000c1700000000","URB_INTERRUPT in"
"9451","656.455326","1.1.1","host","USB","35","0000170000000000","URB_INTERRUPT in"
"9453","656.535336","1.1.1","host","USB","35","0000000000000000","URB_INTERRUPT in"
"9455","656.599336","1.1.1","host","USB","35","00000c0000000000","URB_INTERRUPT in"
"9457","656.663353","1.1.1","host","USB","35","00000c1100000000","URB_INTERRUPT in"
"9459","656.711350","1.1.1","host","USB","35","0000110000000000","URB_INTERRUPT in"
"9461","656.759357","1.1.1","host","USB","35","0000000000000000","URB_INTERRUPT in"
"9463","656.783353","1.1.1","host","USB","35","00000a0000000000","URB_INTERRUPT in"
"9465","656.871368","1.1.1","host","USB","35","0000000000000000","URB_INTERRUPT in"
"9467","656.879367","1.1.1","host","USB","35","00002c0000000000","URB_INTERRUPT in"
"9469","656.967382","1.1.1","host","USB","35","0000000000000000","URB_INTERRUPT in"
"9471","657.095400","1.1.1","host","USB","35","0000090000000000","URB_INTERRUPT in"
"9473","657.159397","1.1.1","host","USB","35","0000000000000000","URB_INTERRUPT in"
"9475","657.183401","1.1.1","host","USB","35","0000120000000000","URB_INTERRUPT in"
"9477","657.263419","1.1.1","host","USB","35","0000000000000000","URB_INTERRUPT in"
"9479","657.279406","1.1.1","host","USB","35","0000150000000000","URB_INTERRUPT in"
"9481","657.351424","1.1.1","host","USB","35","0000000000000000","URB_INTERRUPT in"
"9483","657.359416","1.1.1","host","USB","35","00002c0000000000","URB_INTERRUPT in"
"9485","657.455430","1.1.1","host","USB","35","0000000000000000","URB_INTERRUPT in"
"9487","657.607453","1.1.1","host","USB","35","0000170000000000","URB_INTERRUPT in"
"9489","657.647452","1.1.1","host","USB","35","0000000000000000","URB_INTERRUPT in"
"9491","657.807459","1.1.1","host","USB","35","00002a0000000000","URB_INTERRUPT in"
"9493","657.855467","1.1.1","host","USB","35","0000000000000000","URB_INTERRUPT in"
"9495","657.983483","1.1.1","host","USB","35","00000d0000000000","URB_INTERRUPT in"
"9497","658.071489","1.1.1","host","USB","35","00000d1800000000","URB_INTERRUPT in"
"9499","658.127494","1.1.1","host","USB","35","0000180000000000","URB_INTERRUPT in"
"9501","658.135495","1.1.1","host","USB","35","0000181600000000","URB_INTERRUPT in"
"9503","658.151499","1.1.1","host","USB","35","0000160000000000","URB_INTERRUPT in"
"9505","658.167495","1.1.1","host","USB","35","0000161700000000","URB_INTERRUPT in"
"9507","658.231507","1.1.1","host","USB","35","0000170000000000","URB_INTERRUPT in"
"9509","658.247507","1.1.1","host","USB","35","0000000000000000","URB_INTERRUPT in"
"9511","658.263507","1.1.1","host","USB","35","00002c0000000000","URB_INTERRUPT in"
"9513","658.351519","1.1.1","host","USB","35","0000000000000000","URB_INTERRUPT in"
"9515","658.375521","1.1.1","host","USB","35","0000170000000000","URB_INTERRUPT in"
"9517","658.463530","1.1.1","host","USB","35","0000000000000000","URB_INTERRUPT in"
"9519","658.471533","1.1.1","host","USB","35","00000b0000000000","URB_INTERRUPT in"
"9521","658.543537","1.1.1","host","USB","35","0000000000000000","URB_INTERRUPT in"
"9523","658.551536","1.1.1","host","USB","35","0000080000000000","URB_INTERRUPT in"
"9525","658.623547","1.1.1","host","USB","35","0000000000000000","URB_INTERRUPT in"
"9527","658.647552","1.1.1","host","USB","35","00002c0000000000","URB_INTERRUPT in"
"9529","658.719556","1.1.1","host","USB","35","0000000000000000","URB_INTERRUPT in"
"9531","658.727565","1.1.1","host","USB","35","0000150000000000","URB_INTERRUPT in"
"9533","658.815577","1.1.1","host","USB","35","0000000000000000","URB_INTERRUPT in"
"9535","658.855587","1.1.1","host","USB","35","00000c0000000000","URB_INTERRUPT in"
"9537","658.919586","1.1.1","host","USB","35","0000000000000000","URB_INTERRUPT in"
"9539","658.959590","1.1.1","host","USB","35","00000a0000000000","URB_INTERRUPT in"
"9541","659.071600","1.1.1","host","USB","35","0000000000000000","URB_INTERRUPT in"
"9543","659.079600","1.1.1","host","USB","35","00000b0000000000","URB_INTERRUPT in"
"9545","659.183613","1.1.1","host","USB","35","0000000000000000","URB_INTERRUPT in"
"9547","659.247624","1.1.1","host","USB","35","0000170000000000","URB_INTERRUPT in"
"9549","659.335629","1.1.1","host","USB","35","0000000000000000","URB_INTERRUPT in"
"9551","659.471652","1.1.1","host","USB","35","00002c0000000000","URB_INTERRUPT in"
"9553","659.575654","1.1.1","host","USB","35","0000000000000000","URB_INTERRUPT in"
"9555","659.679675","1.1.1","host","USB","35","0000100000000000","URB_INTERRUPT in"
"9557","659.767684","1.1.1","host","USB","35","0000000000000000","URB_INTERRUPT in"
"9559","659.775671","1.1.1","host","USB","35","0000120000000000","URB_INTERRUPT in"
"9561","659.911687","1.1.1","host","USB","35","0000000000000000","URB_INTERRUPT in"
"9563","659.983691","1.1.1","host","USB","35","0000100000000000","URB_INTERRUPT in"
"9565","660.087708","1.1.1","host","USB","35","0000000000000000","URB_INTERRUPT in"
"9567","660.095706","1.1.1","host","USB","35","0000080000000000","URB_INTERRUPT in"
"9569","660.175713","1.1.1","host","USB","35","0000000000000000","URB_INTERRUPT in"
"9571","660.231714","1.1.1","host","USB","35","0000110000000000","URB_INTERRUPT in"
"9573","660.327726","1.1.1","host","USB","35","0000000000000000","URB_INTERRUPT in"
"9575","660.375730","1.1.1","host","USB","35","0000170000000000","URB_INTERRUPT in"
"9577","660.431738","1.1.1","host","USB","35","0000000000000000","URB_INTERRUPT in"
"9579","661.111816","1.1.1","host","USB","35","0000360000000000","URB_INTERRUPT in"
"9581","661.207829","1.1.1","host","USB","35","0000000000000000","URB_INTERRUPT in"
"9583","661.327840","1.1.1","host","USB","35","00002c0000000000","URB_INTERRUPT in"
"9585","661.383853","1.1.1","host","USB","35","02002c0000000000","URB_INTERRUPT in"
"9587","661.407855","1.1.1","host","USB","35","0200000000000000","URB_INTERRUPT in"
"9589","661.551860","1.1.1","host","USB","35","02000c0000000000","URB_INTERRUPT in"
"9591","661.631872","1.1.1","host","USB","35","0200000000000000","URB_INTERRUPT in"
"9593","661.655875","1.1.1","host","USB","35","0000000000000000","URB_INTERRUPT in"
"9595","661.751889","1.1.1","host","USB","35","0000170000000000","URB_INTERRUPT in"
"9597","661.823901","1.1.1","host","USB","35","0000000000000000","URB_INTERRUPT in"
"9599","661.831893","1.1.1","host","USB","35","0000340000000000","URB_INTERRUPT in"
"9601","661.935904","1.1.1","host","USB","35","0000000000000000","URB_INTERRUPT in"
"9603","662.063919","1.1.1","host","USB","35","0000160000000000","URB_INTERRUPT in"
"9605","662.151928","1.1.1","host","USB","35","0000000000000000","URB_INTERRUPT in"
"9607","662.311955","1.1.1","host","USB","35","00002c0000000000","URB_INTERRUPT in"
"9609","662.455968","1.1.1","host","USB","35","0000000000000000","URB_INTERRUPT in"
"9611","662.655986","1.1.1","host","USB","35","0000050000000000","URB_INTERRUPT in"
"9613","662.735988","1.1.1","host","USB","35","0000000000000000","URB_INTERRUPT in"
"9615","662.848002","1.1.1","host","USB","35","00000c0000000000","URB_INTERRUPT in"
"9617","662.936012","1.1.1","host","USB","35","0000000000000000","URB_INTERRUPT in"
"9619","662.992020","1.1.1","host","USB","35","00001d0000000000","URB_INTERRUPT in"
"9621","663.064036","1.1.1","host","USB","35","0000000000000000","URB_INTERRUPT in"
"9623","663.232033","1.1.1","host","USB","35","0000040000000000","URB_INTERRUPT in"
"9625","663.328045","1.1.1","host","USB","35","0000000000000000","URB_INTERRUPT in"
"9627","663.464060","1.1.1","host","USB","35","0000150000000000","URB_INTERRUPT in"
"9629","663.520068","1.1.1","host","USB","35","0000000000000000","URB_INTERRUPT in"
"9631","663.624076","1.1.1","host","USB","35","0000150000000000","URB_INTERRUPT in"
"9633","663.728091","1.1.1","host","USB","35","0000000000000000","URB_INTERRUPT in"
"9635","663.760091","1.1.1","host","USB","35","0000080000000000","URB_INTERRUPT in"
"9637","663.880108","1.1.1","host","USB","35","0000000000000000","URB_INTERRUPT in"
"9639","663.904108","1.1.1","host","USB","35","00000f0000000000","URB_INTERRUPT in"
"9641","663.992118","1.1.1","host","USB","35","0000000000000000","URB_INTERRUPT in"
"9643","664.304160","1.1.1","host","USB","35","00001c0000000000","URB_INTERRUPT in"
"9645","664.400172","1.1.1","host","USB","35","0000000000000000","URB_INTERRUPT in"
"9647","664.968229","1.1.1","host","USB","35","00002c0000000000","URB_INTERRUPT in"
"9649","665.072243","1.1.1","host","USB","35","0000000000000000","URB_INTERRUPT in"
"9651","665.304260","1.1.1","host","USB","35","0000080000000000","URB_INTERRUPT in"
"9653","665.384273","1.1.1","host","USB","35","0000000000000000","URB_INTERRUPT in"
"9655","665.448269","1.1.1","host","USB","35","00000f0000000000","URB_INTERRUPT in"
"9657","665.560283","1.1.1","host","USB","35","0000000000000000","URB_INTERRUPT in"
"9659","665.664303","1.1.1","host","USB","35","0000040000000000","URB_INTERRUPT in"
"9661","665.760304","1.1.1","host","USB","35","0000000000000000","URB_INTERRUPT in"
"9663","665.856315","1.1.1","host","USB","35","0000050000000000","URB_INTERRUPT in"
"9665","665.944325","1.1.1","host","USB","35","0000000000000000","URB_INTERRUPT in"
"9667","666.104346","1.1.1","host","USB","35","0000120000000000","URB_INTERRUPT in"
"9669","666.200359","1.1.1","host","USB","35","0000000000000000","URB_INTERRUPT in"
"9671","666.208350","1.1.1","host","USB","35","0000150000000000","URB_INTERRUPT in"
"9673","666.280368","1.1.1","host","USB","35","0000000000000000","URB_INTERRUPT in"
"9675","666.336365","1.1.1","host","USB","35","0000040000000000","URB_INTERRUPT in"
"9677","666.440377","1.1.1","host","USB","35","0000000000000000","URB_INTERRUPT in"
"9679","666.584405","1.1.1","host","USB","35","0000170000000000","URB_INTERRUPT in"
"9681","666.672409","1.1.1","host","USB","35","0000170800000000","URB_INTERRUPT in"
"9683","666.688419","1.1.1","host","USB","35","0000080000000000","URB_INTERRUPT in"
"9685","666.736412","1.1.1","host","USB","35","0000000000000000","URB_INTERRUPT in"
"9687","666.824416","1.1.1","host","USB","35","00002c0000000000","URB_INTERRUPT in"
"9689","666.904443","1.1.1","host","USB","35","0000000000000000","URB_INTERRUPT in"
"9691","666.952442","1.1.1","host","USB","35","0000090000000000","URB_INTERRUPT in"
"9693","667.016443","1.1.1","host","USB","35","0000000000000000","URB_INTERRUPT in"
"9695","667.040448","1.1.1","host","USB","35","0000120000000000","URB_INTERRUPT in"
"9697","667.104460","1.1.1","host","USB","35","0000000000000000","URB_INTERRUPT in"
"9699","667.120460","1.1.1","host","USB","35","0000150000000000","URB_INTERRUPT in"
"9701","667.184463","1.1.1","host","USB","35","0000000000000000","URB_INTERRUPT in"
"9703","667.208459","1.1.1","host","USB","35","00002c0000000000","URB_INTERRUPT in"
"9705","667.288480","1.1.1","host","USB","35","0000000000000000","URB_INTERRUPT in"
"9707","667.304470","1.1.1","host","USB","35","0000040000000000","URB_INTERRUPT in"
"9709","667.376485","1.1.1","host","USB","35","0000000000000000","URB_INTERRUPT in"
"9711","667.400489","1.1.1","host","USB","35","00002c0000000000","URB_INTERRUPT in"
"9713","667.440496","1.1.1","host","USB","35","0000000000000000","URB_INTERRUPT in"
"9715","667.552500","1.1.1","host","USB","35","0000050000000000","URB_INTERRUPT in"
"9717","667.680513","1.1.1","host","USB","35","0000000000000000","URB_INTERRUPT in"
"9719","667.712515","1.1.1","host","USB","35","00000c0000000000","URB_INTERRUPT in"
"9721","667.848539","1.1.1","host","USB","35","0000000000000000","URB_INTERRUPT in"
"9723","667.864529","1.1.1","host","USB","35","0000150000000000","URB_INTERRUPT in"
"9725","667.952543","1.1.1","host","USB","35","0000000000000000","URB_INTERRUPT in"
"9727","668.640624","1.1.1","host","USB","35","0000070000000000","URB_INTERRUPT in"
"9729","668.720617","1.1.1","host","USB","35","0000000000000000","URB_INTERRUPT in"
"9731","669.344684","1.1.1","host","USB","35","0000360000000000","URB_INTERRUPT in"
"9733","669.456695","1.1.1","host","USB","35","0000362c00000000","URB_INTERRUPT in"
"9735","669.472704","1.1.1","host","USB","35","00002c0000000000","URB_INTERRUPT in"
"9737","669.592711","1.1.1","host","USB","35","0000000000000000","URB_INTERRUPT in"
"9739","669.656725","1.1.1","host","USB","35","0000060000000000","URB_INTERRUPT in"
"9741","669.728723","1.1.1","host","USB","35","0000000000000000","URB_INTERRUPT in"
"9743","669.832738","1.1.1","host","USB","35","0000120000000000","URB_INTERRUPT in"
"9745","669.920761","1.1.1","host","USB","35","0000121100000000","URB_INTERRUPT in"
"9747","669.976763","1.1.1","host","USB","35","0000110000000000","URB_INTERRUPT in"
"9749","670.048765","1.1.1","host","USB","35","0000000000000000","URB_INTERRUPT in"
"9751","670.088768","1.1.1","host","USB","35","0000160000000000","URB_INTERRUPT in"
"9753","670.192791","1.1.1","host","USB","35","0000000000000000","URB_INTERRUPT in"
"9755","670.224782","1.1.1","host","USB","35","00000c0000000000","URB_INTERRUPT in"
"9757","670.304796","1.1.1","host","USB","35","0000000000000000","URB_INTERRUPT in"
"9759","670.312792","1.1.1","host","USB","35","0000070000000000","URB_INTERRUPT in"
"9761","670.400805","1.1.1","host","USB","35","0000000000000000","URB_INTERRUPT in"
"9763","670.416808","1.1.1","host","USB","35","0000080000000000","URB_INTERRUPT in"
"9765","670.528816","1.1.1","host","USB","35","0000000000000000","URB_INTERRUPT in"
"9767","670.536811","1.1.1","host","USB","35","0000150000000000","URB_INTERRUPT in"
"9769","670.608826","1.1.1","host","USB","35","0000000000000000","URB_INTERRUPT in"
"9771","670.728839","1.1.1","host","USB","35","00000c0000000000","URB_INTERRUPT in"
"9773","670.792852","1.1.1","host","USB","35","00000c1100000000","URB_INTERRUPT in"
"9775","670.840850","1.1.1","host","USB","35","0000110000000000","URB_INTERRUPT in"
"9777","670.880848","1.1.1","host","USB","35","0000000000000000","URB_INTERRUPT in"
"9779","670.888847","1.1.1","host","USB","35","00000a0000000000","URB_INTERRUPT in"
"9781","670.968856","1.1.1","host","USB","35","0000000000000000","URB_INTERRUPT in"
"9783","670.984856","1.1.1","host","USB","35","00002c0000000000","URB_INTERRUPT in"
"9785","671.080870","1.1.1","host","USB","35","0000000000000000","URB_INTERRUPT in"
"9787","671.176880","1.1.1","host","USB","35","0000170000000000","URB_INTERRUPT in"
"9789","671.248885","1.1.1","host","USB","35","0000000000000000","URB_INTERRUPT in"
"9791","671.256886","1.1.1","host","USB","35","00000b0000000000","URB_INTERRUPT in"
"9793","671.352908","1.1.1","host","USB","35","00000b0400000000","URB_INTERRUPT in"
"9795","671.360901","1.1.1","host","USB","35","0000040000000000","URB_INTERRUPT in"
"9797","671.440907","1.1.1","host","USB","35","0000170000000000","URB_INTERRUPT in"
"9799","671.512920","1.1.1","host","USB","35","0000000000000000","URB_INTERRUPT in"
"9801","671.520915","1.1.1","host","USB","35","00002c0000000000","URB_INTERRUPT in"
"9803","671.608924","1.1.1","host","USB","35","0000000000000000","URB_INTERRUPT in"
"9805","671.712935","1.1.1","host","USB","35","0000100000000000","URB_INTERRUPT in"
"9807","671.784942","1.1.1","host","USB","35","0000101200000000","URB_INTERRUPT in"
"9809","671.872952","1.1.1","host","USB","35","0000101216000000","URB_INTERRUPT in"
"9811","671.888958","1.1.1","host","USB","35","0000121600000000","URB_INTERRUPT in"
"9813","671.912964","1.1.1","host","USB","35","0000160000000000","URB_INTERRUPT in"
"9815","671.944958","1.1.1","host","USB","35","0000161700000000","URB_INTERRUPT in"
"9817","671.984973","1.1.1","host","USB","35","0000170000000000","URB_INTERRUPT in"
"9819","672.024979","1.1.1","host","USB","35","0000000000000000","URB_INTERRUPT in"
"9821","672.032970","1.1.1","host","USB","35","00002c0000000000","URB_INTERRUPT in"
"9823","672.128995","1.1.1","host","USB","35","0000000000000000","URB_INTERRUPT in"
"9825","672.257016","1.1.1","host","USB","35","0000050000000000","URB_INTERRUPT in"
"9827","672.321014","1.1.1","host","USB","35","0000000000000000","URB_INTERRUPT in"
"9829","672.433018","1.1.1","host","USB","35","00000c0000000000","URB_INTERRUPT in"
"9831","672.529030","1.1.1","host","USB","35","0000000000000000","URB_INTERRUPT in"
"9833","672.537030","1.1.1","host","USB","35","0000150000000000","URB_INTERRUPT in"
"9835","672.609047","1.1.1","host","USB","35","0000000000000000","URB_INTERRUPT in"
"9837","672.737056","1.1.1","host","USB","35","0000070000000000","URB_INTERRUPT in"
"9839","672.817070","1.1.1","host","USB","35","0000071600000000","URB_INTERRUPT in"
"9841","672.849071","1.1.1","host","USB","35","0000160000000000","URB_INTERRUPT in"
"9843","672.913068","1.1.1","host","USB","35","0000000000000000","URB_INTERRUPT in"
"9845","672.921072","1.1.1","host","USB","35","00002c0000000000","URB_INTERRUPT in"
"9847","673.017089","1.1.1","host","USB","35","0000000000000000","URB_INTERRUPT in"
"9849","673.089095","1.1.1","host","USB","35","0000070000000000","URB_INTERRUPT in"
"9851","673.169094","1.1.1","host","USB","35","0000000000000000","URB_INTERRUPT in"
"9853","673.201097","1.1.1","host","USB","35","0000120000000000","URB_INTERRUPT in"
"9855","673.249104","1.1.1","host","USB","35","0000121100000000","URB_INTERRUPT in"
"9857","673.297109","1.1.1","host","USB","35","0000110000000000","URB_INTERRUPT in"
"9859","673.329112","1.1.1","host","USB","35","0000000000000000","URB_INTERRUPT in"
"9861","673.465127","1.1.1","host","USB","35","0000340000000000","URB_INTERRUPT in"
"9863","673.569149","1.1.1","host","USB","35","0000000000000000","URB_INTERRUPT in"
"9865","673.593141","1.1.1","host","USB","35","0000170000000000","URB_INTERRUPT in"
"9867","673.673159","1.1.1","host","USB","35","0000000000000000","URB_INTERRUPT in"
"9869","673.705158","1.1.1","host","USB","35","00002c0000000000","URB_INTERRUPT in"
"9871","673.809166","1.1.1","host","USB","35","0000000000000000","URB_INTERRUPT in"
"9873","674.033195","1.1.1","host","USB","35","0000080000000000","URB_INTERRUPT in"
"9875","674.097205","1.1.1","host","USB","35","0000000000000000","URB_INTERRUPT in"
"9877","674.145196","1.1.1","host","USB","35","0000190000000000","URB_INTERRUPT in"
"9879","674.241203","1.1.1","host","USB","35","0000190800000000","URB_INTERRUPT in"
"9881","674.249215","1.1.1","host","USB","35","0000080000000000","URB_INTERRUPT in"
"9883","674.281208","1.1.1","host","USB","35","0000081100000000","URB_INTERRUPT in"
"9885","674.313212","1.1.1","host","USB","35","0000110000000000","URB_INTERRUPT in"
"9887","674.369215","1.1.1","host","USB","35","0000000000000000","URB_INTERRUPT in"
"9889","674.449227","1.1.1","host","USB","35","00002c0000000000","URB_INTERRUPT in"
"9891","674.577239","1.1.1","host","USB","35","0000000000000000","URB_INTERRUPT in"
"9893","675.177303","1.1.1","host","USB","35","0200000000000000","URB_INTERRUPT in"
"9895","675.577350","1.1.1","host","USB","35","0200250000000000","URB_INTERRUPT in"
"9897","675.657367","1.1.1","host","USB","35","0200000000000000","URB_INTERRUPT in"
"9899","675.681361","1.1.1","host","USB","35","0000000000000000","URB_INTERRUPT in"
"9901","675.785370","1.1.1","host","USB","35","00000b0000000000","URB_INTERRUPT in"
"9903","675.857380","1.1.1","host","USB","35","00000b0400000000","URB_INTERRUPT in"
"9905","675.881393","1.1.1","host","USB","35","0000040000000000","URB_INTERRUPT in"
"9907","675.937383","1.1.1","host","USB","35","0000000000000000","URB_INTERRUPT in"
"9909","676.041407","1.1.1","host","USB","35","0000190000000000","URB_INTERRUPT in"
"9911","676.089413","1.1.1","host","USB","35","0000190800000000","URB_INTERRUPT in"
"9913","676.105408","1.1.1","host","USB","35","0000080000000000","URB_INTERRUPT in"
"9915","676.161419","1.1.1","host","USB","35","0000000000000000","URB_INTERRUPT in"
"9917","676.249421","1.1.1","host","USB","35","0000250000000000","URB_INTERRUPT in"
"9919","676.257423","1.1.1","host","USB","35","0200250000000000","URB_INTERRUPT in"
"9921","676.321424","1.1.1","host","USB","35","0200000000000000","URB_INTERRUPT in"
"9923","676.417435","1.1.1","host","USB","35","0000000000000000","URB_INTERRUPT in"
"9925","676.457449","1.1.1","host","USB","35","00002c0000000000","URB_INTERRUPT in"
"9927","676.529447","1.1.1","host","USB","35","0000000000000000","URB_INTERRUPT in"
"9929","676.841480","1.1.1","host","USB","35","00002a0000000000","URB_INTERRUPT in"
"9931","676.889484","1.1.1","host","USB","35","0000000000000000","URB_INTERRUPT in"
"9933","676.961491","1.1.1","host","USB","35","00002a0000000000","URB_INTERRUPT in"
"9935","677.041500","1.1.1","host","USB","35","0000000000000000","URB_INTERRUPT in"
"9937","677.113507","1.1.1","host","USB","35","0200000000000000","URB_INTERRUPT in"
"9939","677.385538","1.1.1","host","USB","35","0200250000000000","URB_INTERRUPT in"
"9941","677.449544","1.1.1","host","USB","35","0200000000000000","URB_INTERRUPT in"
"9943","677.473550","1.1.1","host","USB","35","0000000000000000","URB_INTERRUPT in"
"9945","677.513553","1.1.1","host","USB","35","00002c0000000000","URB_INTERRUPT in"
"9947","677.625578","1.1.1","host","USB","35","0000000000000000","URB_INTERRUPT in"
"9949","677.713579","1.1.1","host","USB","35","0000130000000000","URB_INTERRUPT in"
"9951","677.801594","1.1.1","host","USB","35","0000000000000000","URB_INTERRUPT in"
"9953","677.825589","1.1.1","host","USB","35","0000080000000000","URB_INTERRUPT in"
"9955","677.905606","1.1.1","host","USB","35","0000000000000000","URB_INTERRUPT in"
"9957","677.913595","1.1.1","host","USB","35","0000110000000000","URB_INTERRUPT in"
"9959","677.985609","1.1.1","host","USB","35","0000000000000000","URB_INTERRUPT in"
"9961","678.033616","1.1.1","host","USB","35","00000c0000000000","URB_INTERRUPT in"
"9963","678.145626","1.1.1","host","USB","35","0000000000000000","URB_INTERRUPT in"
"9965","678.377659","1.1.1","host","USB","35","0000160000000000","URB_INTERRUPT in"
"9967","678.481671","1.1.1","host","USB","35","0000000000000000","URB_INTERRUPT in"
"9969","678.737696","1.1.1","host","USB","35","0000080000000000","URB_INTERRUPT in"
"9971","678.833700","1.1.1","host","USB","35","0000000000000000","URB_INTERRUPT in"
"9973","678.849702","1.1.1","host","USB","35","0000160000000000","URB_INTERRUPT in"
"9975","678.881710","1.1.1","host","USB","35","0000000000000000","URB_INTERRUPT in"
"9977","679.113738","1.1.1","host","USB","35","0000370000000000","URB_INTERRUPT in"
"9979","679.177736","1.1.1","host","USB","35","0000000000000000","URB_INTERRUPT in"
"9981","679.313746","1.1.1","host","USB","35","00002c0000000000","URB_INTERRUPT in"
"9983","679.345761","1.1.1","host","USB","35","02002c0000000000","URB_INTERRUPT in"
"9985","679.409754","1.1.1","host","USB","35","0200000000000000","URB_INTERRUPT in"
"9987","679.833796","1.1.1","host","USB","35","0200170000000000","URB_INTERRUPT in"
"9989","679.905807","1.1.1","host","USB","35","0000170000000000","URB_INTERRUPT in"
"9991","679.913804","1.1.1","host","USB","35","0000000000000000","URB_INTERRUPT in"
"9993","680.049818","1.1.1","host","USB","35","00000b0000000000","URB_INTERRUPT in"
"9995","680.137831","1.1.1","host","USB","35","0000000000000000","URB_INTERRUPT in"
"9997","680.193833","1.1.1","host","USB","35","0000080000000000","URB_INTERRUPT in"
"9999","680.249842","1.1.1","host","USB","35","0000081c00000000","URB_INTERRUPT in"
"10001","680.265852","1.1.1","host","USB","35","00001c0000000000","URB_INTERRUPT in"
"10003","680.337852","1.1.1","host","USB","35","0000000000000000","URB_INTERRUPT in"
"10005","680.441861","1.1.1","host","USB","35","00002c0000000000","URB_INTERRUPT in"
"10007","680.497869","1.1.1","host","USB","35","0000000000000000","URB_INTERRUPT in"
"10009","680.609879","1.1.1","host","USB","35","0000100000000000","URB_INTERRUPT in"
"10011","680.673885","1.1.1","host","USB","35","0000000000000000","URB_INTERRUPT in"
"10013","680.705888","1.1.1","host","USB","35","0000040000000000","URB_INTERRUPT in"
"10015","680.769896","1.1.1","host","USB","35","0000000000000000","URB_INTERRUPT in"
"10017","680.793908","1.1.1","host","USB","35","00000e0000000000","URB_INTERRUPT in"
"10019","680.881916","1.1.1","host","USB","35","00000e0800000000","URB_INTERRUPT in"
"10021","680.889918","1.1.1","host","USB","35","0000080000000000","URB_INTERRUPT in"
"10023","680.953927","1.1.1","host","USB","35","0000000000000000","URB_INTERRUPT in"
"10025","680.961918","1.1.1","host","USB","35","00002c0000000000","URB_INTERRUPT in"
"10027","681.057938","1.1.1","host","USB","35","0000000000000000","URB_INTERRUPT in"
"10029","681.089933","1.1.1","host","USB","35","0000070000000000","URB_INTERRUPT in"
"10031","681.153950","1.1.1","host","USB","35","0000071200000000","URB_INTERRUPT in"
"10033","681.193954","1.1.1","host","USB","35","0000120000000000","URB_INTERRUPT in"
"10035","681.217955","1.1.1","host","USB","35","0000000000000000","URB_INTERRUPT in"
"10037","681.313968","1.1.1","host","USB","35","00002c0000000000","URB_INTERRUPT in"
"10039","681.401980","1.1.1","host","USB","35","0000000000000000","URB_INTERRUPT in"
"10041","681.409972","1.1.1","host","USB","35","00001a0000000000","URB_INTERRUPT in"
"10043","681.497989","1.1.1","host","USB","35","0000000000000000","URB_INTERRUPT in"
"10045","681.521990","1.1.1","host","USB","35","00000c0000000000","URB_INTERRUPT in"
"10047","681.593999","1.1.1","host","USB","35","0000000000000000","URB_INTERRUPT in"
"10049","681.601982","1.1.1","host","USB","35","0000170000000000","URB_INTERRUPT in"
"10051","681.698006","1.1.1","host","USB","35","0000170b00000000","URB_INTERRUPT in"
"10053","681.706000","1.1.1","host","USB","35","00000b0000000000","URB_INTERRUPT in"
"10055","681.770008","1.1.1","host","USB","35","0000000000000000","URB_INTERRUPT in"
"10057","681.890018","1.1.1","host","USB","35","00002c0000000000","URB_INTERRUPT in"
"10059","681.962023","1.1.1","host","USB","35","0000000000000000","URB_INTERRUPT in"
"10061","682.034028","1.1.1","host","USB","35","0000160000000000","URB_INTERRUPT in"
"10063","682.122051","1.1.1","host","USB","35","0000000000000000","URB_INTERRUPT in"
"10065","682.138039","1.1.1","host","USB","35","0000120000000000","URB_INTERRUPT in"
"10067","682.234054","1.1.1","host","USB","35","0000121000000000","URB_INTERRUPT in"
"10069","682.274056","1.1.1","host","USB","35","0000100000000000","URB_INTERRUPT in"
"10071","682.290055","1.1.1","host","USB","35","0000100800000000","URB_INTERRUPT in"
"10073","682.330070","1.1.1","host","USB","35","0000080000000000","URB_INTERRUPT in"
"10075","682.386064","1.1.1","host","USB","35","0000000000000000","URB_INTERRUPT in"
"10077","682.482077","1.1.1","host","USB","35","0000170000000000","URB_INTERRUPT in"
"10079","682.570091","1.1.1","host","USB","35","0000000000000000","URB_INTERRUPT in"
"10081","682.594088","1.1.1","host","USB","35","00000b0000000000","URB_INTERRUPT in"
"10083","682.722105","1.1.1","host","USB","35","0000000000000000","URB_INTERRUPT in"
"10085","682.778107","1.1.1","host","USB","35","00000c0000000000","URB_INTERRUPT in"
"10087","682.882118","1.1.1","host","USB","35","00000c1100000000","URB_INTERRUPT in"
"10089","682.906123","1.1.1","host","USB","35","0000110000000000","URB_INTERRUPT in"
"10091","682.970138","1.1.1","host","USB","35","0000000000000000","URB_INTERRUPT in"
"10093","682.978127","1.1.1","host","USB","35","00000a0000000000","URB_INTERRUPT in"
"10095","683.042139","1.1.1","host","USB","35","0000000000000000","URB_INTERRUPT in"
"10097","683.082147","1.1.1","host","USB","35","00002c0000000000","URB_INTERRUPT in"
"10099","683.178158","1.1.1","host","USB","35","0000000000000000","URB_INTERRUPT in"
"10101","683.378185","1.1.1","host","USB","35","0000060000000000","URB_INTERRUPT in"
"10103","683.450198","1.1.1","host","USB","35","0000000000000000","URB_INTERRUPT in"
"10105","683.458184","1.1.1","host","USB","35","0000040000000000","URB_INTERRUPT in"
"10107","683.498192","1.1.1","host","USB","35","0000040f00000000","URB_INTERRUPT in"
"10109","683.530203","1.1.1","host","USB","35","00000f0000000000","URB_INTERRUPT in"
"10111","683.538189","1.1.1","host","USB","35","0000000000000000","URB_INTERRUPT in"
"10113","683.634204","1.1.1","host","USB","35","00000f0000000000","URB_INTERRUPT in"
"10115","683.706226","1.1.1","host","USB","35","0000000000000000","URB_INTERRUPT in"
"10117","683.722210","1.1.1","host","USB","35","0000080000000000","URB_INTERRUPT in"
"10119","683.802234","1.1.1","host","USB","35","0000000000000000","URB_INTERRUPT in"
"10121","683.874233","1.1.1","host","USB","35","0000070000000000","URB_INTERRUPT in"
"10123","683.954267","1.1.1","host","USB","35","0000000000000000","URB_INTERRUPT in"
"10125","683.970246","1.1.1","host","USB","35","00002c0000000000","URB_INTERRUPT in"
"10127","684.058248","1.1.1","host","USB","35","0000000000000000","URB_INTERRUPT in"
"10129","684.074256","1.1.1","host","USB","35","0000040000000000","URB_INTERRUPT in"
"10131","684.146261","1.1.1","host","USB","35","0000000000000000","URB_INTERRUPT in"
"10133","684.154261","1.1.1","host","USB","35","00002c0000000000","URB_INTERRUPT in"
"10135","684.250281","1.1.1","host","USB","35","0000000000000000","URB_INTERRUPT in"
"10137","684.378293","1.1.1","host","USB","35","0000060000000000","URB_INTERRUPT in"
"10139","684.458294","1.1.1","host","USB","35","0000000000000000","URB_INTERRUPT in"
"10141","684.490300","1.1.1","host","USB","35","00000f0000000000","URB_INTERRUPT in"
"10143","684.586315","1.1.1","host","USB","35","0000000000000000","URB_INTERRUPT in"
"10145","685.946448","1.1.1","host","USB","35","0000120000000000","URB_INTERRUPT in"
"10147","686.018452","1.1.1","host","USB","35","0000000000000000","URB_INTERRUPT in"
"10149","686.058456","1.1.1","host","USB","35","0000040000000000","URB_INTERRUPT in"
"10151","686.130465","1.1.1","host","USB","35","0000000000000000","URB_INTERRUPT in"
"10153","686.514517","1.1.1","host","USB","35","0000060000000000","URB_INTERRUPT in"
"10155","686.594519","1.1.1","host","USB","35","0000000000000000","URB_INTERRUPT in"
"10157","686.818547","1.1.1","host","USB","35","0000040000000000","URB_INTERRUPT in"
"10159","686.914557","1.1.1","host","USB","35","0000000000000000","URB_INTERRUPT in"
"10161","686.922554","1.1.1","host","USB","35","00000f0000000000","URB_INTERRUPT in"
"10163","686.994562","1.1.1","host","USB","35","0000000000000000","URB_INTERRUPT in"
"10165","687.082576","1.1.1","host","USB","35","00002c0000000000","URB_INTERRUPT in"
"10167","687.202587","1.1.1","host","USB","35","0000000000000000","URB_INTERRUPT in"
"10169","687.354607","1.1.1","host","USB","35","00000e0000000000","URB_INTERRUPT in"
"10171","687.410610","1.1.1","host","USB","35","0000000000000000","URB_INTERRUPT in"
"10173","687.514610","1.1.1","host","USB","35","00000c0000000000","URB_INTERRUPT in"
"10175","687.578624","1.1.1","host","USB","35","0000000000000000","URB_INTERRUPT in"
"10177","687.586616","1.1.1","host","USB","35","0000160000000000","URB_INTERRUPT in"
"10179","687.642624","1.1.1","host","USB","35","0000000000000000","URB_INTERRUPT in"
"10181","687.722634","1.1.1","host","USB","35","0000160000000000","URB_INTERRUPT in"
"10183","687.802643","1.1.1","host","USB","35","0000000000000000","URB_INTERRUPT in"
"10185","688.186684","1.1.1","host","USB","35","0000360000000000","URB_INTERRUPT in"
"10187","688.218686","1.1.1","host","USB","35","0000362c00000000","URB_INTERRUPT in"
"10189","688.242691","1.1.1","host","USB","35","00002c0000000000","URB_INTERRUPT in"
"10191","688.418707","1.1.1","host","USB","35","0000000000000000","URB_INTERRUPT in"
"10193","689.226802","1.1.1","host","USB","35","00001a0000000000","URB_INTERRUPT in"
"10195","689.314810","1.1.1","host","USB","35","0000000000000000","URB_INTERRUPT in"
"10197","689.346822","1.1.1","host","USB","35","00000b0000000000","URB_INTERRUPT in"
"10199","689.434823","1.1.1","host","USB","35","00000b0800000000","URB_INTERRUPT in"
"10201","689.442823","1.1.1","host","USB","35","0000080000000000","URB_INTERRUPT in"
"10203","689.546842","1.1.1","host","USB","35","0000081500000000","URB_INTERRUPT in"
"10205","689.554833","1.1.1","host","USB","35","0000150000000000","URB_INTERRUPT in"
"10207","689.674857","1.1.1","host","USB","35","0000150800000000","URB_INTERRUPT in"
"10209","689.698857","1.1.1","host","USB","35","0000080000000000","URB_INTERRUPT in"
"10211","689.738860","1.1.1","host","USB","35","0000000000000000","URB_INTERRUPT in"
"10213","690.242906","1.1.1","host","USB","35","00002c0000000000","URB_INTERRUPT in"
"10215","690.346928","1.1.1","host","USB","35","0000000000000000","URB_INTERRUPT in"
"10217","690.370924","1.1.1","host","USB","35","0000170000000000","URB_INTERRUPT in"
"10219","690.450932","1.1.1","host","USB","35","0000000000000000","URB_INTERRUPT in"
"10221","690.498932","1.1.1","host","USB","35","00000b0000000000","URB_INTERRUPT in"
"10223","690.546940","1.1.1","host","USB","35","00000b0800000000","URB_INTERRUPT in"
"10225","690.570943","1.1.1","host","USB","35","0000080000000000","URB_INTERRUPT in"
"10227","690.642958","1.1.1","host","USB","35","0000000000000000","URB_INTERRUPT in"
"10229","690.674953","1.1.1","host","USB","35","00000c0000000000","URB_INTERRUPT in"
"10231","690.770957","1.1.1","host","USB","35","0000000000000000","URB_INTERRUPT in"
"10233","690.778955","1.1.1","host","USB","35","0000150000000000","URB_INTERRUPT in"
"10235","690.874972","1.1.1","host","USB","35","0000000000000000","URB_INTERRUPT in"
"10237","690.906971","1.1.1","host","USB","35","00002c0000000000","URB_INTERRUPT in"
"10239","691.010992","1.1.1","host","USB","35","0000000000000000","URB_INTERRUPT in"
"10241","691.203005","1.1.1","host","USB","35","0000150000000000","URB_INTERRUPT in"
"10243","691.251010","1.1.1","host","USB","35","0000150800000000","URB_INTERRUPT in"
"10245","691.291019","1.1.1","host","USB","35","0000080000000000","URB_INTERRUPT in"
"10247","691.347018","1.1.1","host","USB","35","0000000000000000","URB_INTERRUPT in"
"10249","691.595043","1.1.1","host","USB","35","0000130000000000","URB_INTERRUPT in"
"10251","691.699063","1.1.1","host","USB","35","0000000000000000","URB_INTERRUPT in"
"10253","691.795066","1.1.1","host","USB","35","0000150000000000","URB_INTERRUPT in"
"10255","691.883091","1.1.1","host","USB","35","0000000000000000","URB_INTERRUPT in"
"10257","691.923095","1.1.1","host","USB","35","0000120000000000","URB_INTERRUPT in"
"10259","692.035099","1.1.1","host","USB","35","0000000000000000","URB_INTERRUPT in"
"10261","692.299135","1.1.1","host","USB","35","0000070000000000","URB_INTERRUPT in"
"10263","692.387148","1.1.1","host","USB","35","0000000000000000","URB_INTERRUPT in"
"10265","692.427138","1.1.1","host","USB","35","0000180000000000","URB_INTERRUPT in"
"10267","692.515155","1.1.1","host","USB","35","0000180600000000","URB_INTERRUPT in"
"10269","692.523149","1.1.1","host","USB","35","0000060000000000","URB_INTERRUPT in"
"10271","692.595157","1.1.1","host","USB","35","0000000000000000","URB_INTERRUPT in"
"10273","692.771184","1.1.1","host","USB","35","00000c0000000000","URB_INTERRUPT in"
"10275","692.899182","1.1.1","host","USB","35","0000000000000000","URB_INTERRUPT in"
"10277","693.835283","1.1.1","host","USB","35","00002a0000000000","URB_INTERRUPT in"
"10279","693.899290","1.1.1","host","USB","35","00002a1700000000","URB_INTERRUPT in"
"10281","693.907291","1.1.1","host","USB","35","0000170000000000","URB_INTERRUPT in"
"10283","693.963303","1.1.1","host","USB","35","0000000000000000","URB_INTERRUPT in"
"10285","694.003309","1.1.1","host","USB","35","00000c0000000000","URB_INTERRUPT in"
"10287","694.083315","1.1.1","host","USB","35","0000000000000000","URB_INTERRUPT in"
"10289","694.139322","1.1.1","host","USB","35","0000190000000000","URB_INTERRUPT in"
"10291","694.227338","1.1.1","host","USB","35","0000190800000000","URB_INTERRUPT in"
"10293","694.267333","1.1.1","host","USB","35","0000080000000000","URB_INTERRUPT in"
"10295","694.315338","1.1.1","host","USB","35","0000000000000000","URB_INTERRUPT in"
"10297","694.387349","1.1.1","host","USB","35","00002c0000000000","URB_INTERRUPT in"
"10299","694.483367","1.1.1","host","USB","35","0000000000000000","URB_INTERRUPT in"
"10301","694.723393","1.1.1","host","USB","35","0000120000000000","URB_INTERRUPT in"
"10303","694.795391","1.1.1","host","USB","35","0000121500000000","URB_INTERRUPT in"
"10305","694.803390","1.1.1","host","USB","35","0000150000000000","URB_INTERRUPT in"
"10307","694.859392","1.1.1","host","USB","35","0000000000000000","URB_INTERRUPT in"
"10309","694.979421","1.1.1","host","USB","35","00000a0000000000","URB_INTERRUPT in"
"10311","695.043425","1.1.1","host","USB","35","0000000000000000","URB_INTERRUPT in"
"10313","695.115428","1.1.1","host","USB","35","0000040000000000","URB_INTERRUPT in"
"10315","695.195442","1.1.1","host","USB","35","0000000000000000","URB_INTERRUPT in"
"10317","695.219438","1.1.1","host","USB","35","0000110000000000","URB_INTERRUPT in"
"10319","695.291444","1.1.1","host","USB","35","0000000000000000","URB_INTERRUPT in"
"10321","695.315449","1.1.1","host","USB","35","0000160000000000","URB_INTERRUPT in"
"10323","695.403462","1.1.1","host","USB","35","0000000000000000","URB_INTERRUPT in"
"10325","695.419456","1.1.1","host","USB","35","00002c0000000000","URB_INTERRUPT in"
"10327","695.515477","1.1.1","host","USB","35","0000000000000000","URB_INTERRUPT in"
"10329","697.227641","1.1.1","host","USB","35","0000050000000000","URB_INTERRUPT in"
"10331","697.275652","1.1.1","host","USB","35","0000000000000000","URB_INTERRUPT in"
"10333","697.403666","1.1.1","host","USB","35","0000150000000000","URB_INTERRUPT in"
"10335","697.499688","1.1.1","host","USB","35","0000000000000000","URB_INTERRUPT in"
"10337","697.563691","1.1.1","host","USB","35","00000c0000000000","URB_INTERRUPT in"
"10339","697.651707","1.1.1","host","USB","35","0000000000000000","URB_INTERRUPT in"
"10341","697.675696","1.1.1","host","USB","35","0000080000000000","URB_INTERRUPT in"
"10343","697.763707","1.1.1","host","USB","35","0000000000000000","URB_INTERRUPT in"
"10345","697.915720","1.1.1","host","USB","35","0000090000000000","URB_INTERRUPT in"
"10347","698.019734","1.1.1","host","USB","35","0000000000000000","URB_INTERRUPT in"
"10349","698.147751","1.1.1","host","USB","35","00000f0000000000","URB_INTERRUPT in"
"10351","698.267768","1.1.1","host","USB","35","0000000000000000","URB_INTERRUPT in"
"10353","698.363772","1.1.1","host","USB","35","00001c0000000000","URB_INTERRUPT in"
"10355","698.483783","1.1.1","host","USB","35","0000000000000000","URB_INTERRUPT in"
"10357","698.635792","1.1.1","host","USB","35","00002c0000000000","URB_INTERRUPT in"
"10359","698.795809","1.1.1","host","USB","35","0000000000000000","URB_INTERRUPT in"
"10361","699.523897","1.1.1","host","USB","35","0000170000000000","URB_INTERRUPT in"
"10363","699.587898","1.1.1","host","USB","35","0000000000000000","URB_INTERRUPT in"
"10365","699.651905","1.1.1","host","USB","35","0000120000000000","URB_INTERRUPT in"
"10367","699.763919","1.1.1","host","USB","35","0000121800000000","URB_INTERRUPT in"
"10369","699.803929","1.1.1","host","USB","35","0000180000000000","URB_INTERRUPT in"
"10371","699.851926","1.1.1","host","USB","35","0000000000000000","URB_INTERRUPT in"
"10373","699.939938","1.1.1","host","USB","35","0000060000000000","URB_INTERRUPT in"
"10375","700.027945","1.1.1","host","USB","35","0000000000000000","URB_INTERRUPT in"
"10377","700.051941","1.1.1","host","USB","35","00000b0000000000","URB_INTERRUPT in"
"10379","700.115954","1.1.1","host","USB","35","0000000000000000","URB_INTERRUPT in"
"10381","700.331980","1.1.1","host","USB","35","0000370000000000","URB_INTERRUPT in"
"10383","700.435989","1.1.1","host","USB","35","0000000000000000","URB_INTERRUPT in"
"10385","700.564008","1.1.1","host","USB","35","00002c0000000000","URB_INTERRUPT in"
"10387","700.700025","1.1.1","host","USB","35","0000000000000000","URB_INTERRUPT in"
"10389","701.044054","1.1.1","host","USB","35","0200000000000000","URB_INTERRUPT in"
"10391","701.116053","1.1.1","host","USB","35","0200070000000000","URB_INTERRUPT in"
"10393","701.196071","1.1.1","host","USB","35","0000070000000000","URB_INTERRUPT in"
"10395","701.212080","1.1.1","host","USB","35","0000000000000000","URB_INTERRUPT in"
"10397","701.276077","1.1.1","host","USB","35","0000180000000000","URB_INTERRUPT in"
"10399","701.356089","1.1.1","host","USB","35","0000000000000000","URB_INTERRUPT in"
"10401","701.396089","1.1.1","host","USB","35","0000060000000000","URB_INTERRUPT in"
"10403","701.500102","1.1.1","host","USB","35","0000000000000000","URB_INTERRUPT in"
"10405","701.540103","1.1.1","host","USB","35","00000e0000000000","URB_INTERRUPT in"
"10407","701.612122","1.1.1","host","USB","35","0000000000000000","URB_INTERRUPT in"
"10409","701.620111","1.1.1","host","USB","35","0000160000000000","URB_INTERRUPT in"
"10411","701.716121","1.1.1","host","USB","35","0000000000000000","URB_INTERRUPT in"
"10413","702.092158","1.1.1","host","USB","35","0000360000000000","URB_INTERRUPT in"
"10415","702.212174","1.1.1","host","USB","35","0000362c00000000","URB_INTERRUPT in"
"10417","702.220173","1.1.1","host","USB","35","00002c0000000000","URB_INTERRUPT in"
"10419","702.324186","1.1.1","host","USB","35","0000000000000000","URB_INTERRUPT in"
"10421","702.524202","1.1.1","host","USB","35","0000110000000000","URB_INTERRUPT in"
"10423","702.612214","1.1.1","host","USB","35","0000000000000000","URB_INTERRUPT in"
"10425","702.844249","1.1.1","host","USB","35","00002a0000000000","URB_INTERRUPT in"
"10427","702.924262","1.1.1","host","USB","35","0000000000000000","URB_INTERRUPT in"
"10429","703.068278","1.1.1","host","USB","35","0000120000000000","URB_INTERRUPT in"
"10431","703.132282","1.1.1","host","USB","35","0000121100000000","URB_INTERRUPT in"
"10433","703.180289","1.1.1","host","USB","35","0000110000000000","URB_INTERRUPT in"
"10435","703.228296","1.1.1","host","USB","35","0000000000000000","URB_INTERRUPT in"
"10437","703.308290","1.1.1","host","USB","35","00002c0000000000","URB_INTERRUPT in"
"10439","703.380300","1.1.1","host","USB","35","0000000000000000","URB_INTERRUPT in"
"10441","703.404308","1.1.1","host","USB","35","0000170000000000","URB_INTERRUPT in"
"10443","703.484310","1.1.1","host","USB","35","0000000000000000","URB_INTERRUPT in"
"10445","703.492308","1.1.1","host","USB","35","00000b0000000000","URB_INTERRUPT in"
"10447","703.556320","1.1.1","host","USB","35","00000b0800000000","URB_INTERRUPT in"
"10449","703.572331","1.1.1","host","USB","35","0000080000000000","URB_INTERRUPT in"
"10451","703.636326","1.1.1","host","USB","35","0000000000000000","URB_INTERRUPT in"
"10453","703.668332","1.1.1","host","USB","35","00002c0000000000","URB_INTERRUPT in"
"10455","703.740348","1.1.1","host","USB","35","0000000000000000","URB_INTERRUPT in"
"10457","703.828352","1.1.1","host","USB","35","0000120000000000","URB_INTERRUPT in"
"10459","703.940365","1.1.1","host","USB","35","0000121700000000","URB_INTERRUPT in"
"10461","703.948356","1.1.1","host","USB","35","0000170000000000","URB_INTERRUPT in"
"10463","704.020371","1.1.1","host","USB","35","0000000000000000","URB_INTERRUPT in"
"10465","704.052364","1.1.1","host","USB","35","00000b0000000000","URB_INTERRUPT in"
"10467","704.116372","1.1.1","host","USB","35","00000b0800000000","URB_INTERRUPT in"
"10469","704.132374","1.1.1","host","USB","35","0000080000000000","URB_INTERRUPT in"
"10471","704.188387","1.1.1","host","USB","35","0000081500000000","URB_INTERRUPT in"
"10473","704.228386","1.1.1","host","USB","35","0000150000000000","URB_INTERRUPT in"
"10475","704.252387","1.1.1","host","USB","35","0000152c00000000","URB_INTERRUPT in"
"10477","704.268391","1.1.1","host","USB","35","00002c0000000000","URB_INTERRUPT in"
"10479","704.332395","1.1.1","host","USB","35","0000000000000000","URB_INTERRUPT in"
"10481","704.452409","1.1.1","host","USB","35","00000b0000000000","URB_INTERRUPT in"
"10483","704.524417","1.1.1","host","USB","35","0000000000000000","URB_INTERRUPT in"
"10485","704.540436","1.1.1","host","USB","35","0000040000000000","URB_INTERRUPT in"
"10487","704.628439","1.1.1","host","USB","35","0000000000000000","URB_INTERRUPT in"
"10489","704.652429","1.1.1","host","USB","35","0000110000000000","URB_INTERRUPT in"
"10491","704.740441","1.1.1","host","USB","35","0000000000000000","URB_INTERRUPT in"
"10493","704.756439","1.1.1","host","USB","35","0000070000000000","URB_INTERRUPT in"
"10495","704.852452","1.1.1","host","USB","35","0000000000000000","URB_INTERRUPT in"
"10497","705.876586","1.1.1","host","USB","35","0000360000000000","URB_INTERRUPT in"
"10499","706.012582","1.1.1","host","USB","35","0000362c00000000","URB_INTERRUPT in"
"10501","706.036584","1.1.1","host","USB","35","00002c0000000000","URB_INTERRUPT in"
"10503","706.148598","1.1.1","host","USB","35","0000000000000000","URB_INTERRUPT in"
"10505","706.900676","1.1.1","host","USB","35","00001a0000000000","URB_INTERRUPT in"
"10507","706.964682","1.1.1","host","USB","35","0000000000000000","URB_INTERRUPT in"
"10509","707.100704","1.1.1","host","USB","35","0000080000000000","URB_INTERRUPT in"
"10511","707.196702","1.1.1","host","USB","35","0000000000000000","URB_INTERRUPT in"
"10513","707.220700","1.1.1","host","USB","35","0000110000000000","URB_INTERRUPT in"
"10515","707.308712","1.1.1","host","USB","35","0000000000000000","URB_INTERRUPT in"
"10517","707.356723","1.1.1","host","USB","35","0000170000000000","URB_INTERRUPT in"
"10519","707.420724","1.1.1","host","USB","35","0000000000000000","URB_INTERRUPT in"
"10521","707.436725","1.1.1","host","USB","35","00002c0000000000","URB_INTERRUPT in"
"10523","707.532743","1.1.1","host","USB","35","0000000000000000","URB_INTERRUPT in"
"10525","707.924783","1.1.1","host","USB","35","0000170000000000","URB_INTERRUPT in"
"10527","708.004785","1.1.1","host","USB","35","0000000000000000","URB_INTERRUPT in"
"10529","708.012785","1.1.1","host","USB","35","00000b0000000000","URB_INTERRUPT in"
"10531","708.084796","1.1.1","host","USB","35","0000000000000000","URB_INTERRUPT in"
"10533","708.124797","1.1.1","host","USB","35","0000080000000000","URB_INTERRUPT in"
"10535","708.188803","1.1.1","host","USB","35","0000000000000000","URB_INTERRUPT in"
"10537","708.196804","1.1.1","host","USB","35","00002c0000000000","URB_INTERRUPT in"
"10539","708.300817","1.1.1","host","USB","35","0000000000000000","URB_INTERRUPT in"
"10541","708.324833","1.1.1","host","USB","35","0000080000000000","URB_INTERRUPT in"
"10543","708.396833","1.1.1","host","USB","35","0000000000000000","URB_INTERRUPT in"
"10545","708.524849","1.1.1","host","USB","35","00001b0000000000","URB_INTERRUPT in"
"10547","708.628873","1.1.1","host","USB","35","0000000000000000","URB_INTERRUPT in"
"10549","708.708865","1.1.1","host","USB","35","0000170000000000","URB_INTERRUPT in"
"10551","708.764878","1.1.1","host","USB","35","0000171500000000","URB_INTERRUPT in"
"10553","708.804878","1.1.1","host","USB","35","0000150000000000","URB_INTERRUPT in"
"10555","708.852876","1.1.1","host","USB","35","0000000000000000","URB_INTERRUPT in"
"10557","708.932895","1.1.1","host","USB","35","0000040000000000","URB_INTERRUPT in"
"10559","708.996898","1.1.1","host","USB","35","0000042c00000000","URB_INTERRUPT in"
"10561","709.020906","1.1.1","host","USB","35","00002c0000000000","URB_INTERRUPT in"
"10563","709.084911","1.1.1","host","USB","35","0000000000000000","URB_INTERRUPT in"
"10565","709.188928","1.1.1","host","USB","35","0000100000000000","URB_INTERRUPT in"
"10567","709.356928","1.1.1","host","USB","35","0000000000000000","URB_INTERRUPT in"
"10569","709.532947","1.1.1","host","USB","35","00000c0000000000","URB_INTERRUPT in"
"10571","709.556953","1.1.1","host","USB","35","0000000000000000","URB_INTERRUPT in"
"10573","709.620954","1.1.1","host","USB","35","00000c0000000000","URB_INTERRUPT in"
"10575","709.668975","1.1.1","host","USB","35","0000000000000000","URB_INTERRUPT in"
"10577","709.900990","1.1.1","host","USB","35","00000f0000000000","URB_INTERRUPT in"
"10579","710.012998","1.1.1","host","USB","35","0000000000000000","URB_INTERRUPT in"
"10581","710.021006","1.1.1","host","USB","35","0000080000000000","URB_INTERRUPT in"
"10583","710.093010","1.1.1","host","USB","35","0000000000000000","URB_INTERRUPT in"
"10585","710.149013","1.1.1","host","USB","35","00002c0000000000","URB_INTERRUPT in"
"10587","710.261026","1.1.1","host","USB","35","0000000000000000","URB_INTERRUPT in"
"10589","710.381037","1.1.1","host","USB","35","00001a0000000000","URB_INTERRUPT in"
"10591","710.469046","1.1.1","host","USB","35","0000000000000000","URB_INTERRUPT in"
"10593","710.477047","1.1.1","host","USB","35","00000c0000000000","URB_INTERRUPT in"
"10595","710.549070","1.1.1","host","USB","35","0000000000000000","URB_INTERRUPT in"
"10597","710.613075","1.1.1","host","USB","35","0000170000000000","URB_INTERRUPT in"
"10599","710.677076","1.1.1","host","USB","35","0000000000000000","URB_INTERRUPT in"
"10601","710.685075","1.1.1","host","USB","35","00000b0000000000","URB_INTERRUPT in"
"10603","710.749093","1.1.1","host","USB","35","0000000000000000","URB_INTERRUPT in"
"10605","710.853093","1.1.1","host","USB","35","00002c0000000000","URB_INTERRUPT in"
"10607","710.941106","1.1.1","host","USB","35","00002c0400000000","URB_INTERRUPT in"
"10609","710.949104","1.1.1","host","USB","35","0000040000000000","URB_INTERRUPT in"
"10611","711.029118","1.1.1","host","USB","35","0000000000000000","URB_INTERRUPT in"
"10613","711.061112","1.1.1","host","USB","35","00002c0000000000","URB_INTERRUPT in"
"10615","711.157135","1.1.1","host","USB","35","0000000000000000","URB_INTERRUPT in"
"10617","711.301140","1.1.1","host","USB","35","0000060000000000","URB_INTERRUPT in"
"10619","711.365157","1.1.1","host","USB","35","0000000000000000","URB_INTERRUPT in"
"10621","711.373151","1.1.1","host","USB","35","0000120000000000","URB_INTERRUPT in"
"10623","711.413162","1.1.1","host","USB","35","0000121000000000","URB_INTERRUPT in"
"10625","711.477167","1.1.1","host","USB","35","0000100000000000","URB_INTERRUPT in"
"10627","711.525166","1.1.1","host","USB","35","0000000000000000","URB_INTERRUPT in"
"10629","711.645180","1.1.1","host","USB","35","0000130000000000","URB_INTERRUPT in"
"10631","711.741198","1.1.1","host","USB","35","0000000000000000","URB_INTERRUPT in"
"10633","711.869200","1.1.1","host","USB","35","00000f0000000000","URB_INTERRUPT in"
"10635","711.957223","1.1.1","host","USB","35","0000000000000000","URB_INTERRUPT in"
"10637","711.989210","1.1.1","host","USB","35","0000080000000000","URB_INTERRUPT in"
"10639","712.037219","1.1.1","host","USB","35","0000000000000000","URB_INTERRUPT in"
"10641","712.197236","1.1.1","host","USB","35","00001b0000000000","URB_INTERRUPT in"
"10643","712.293255","1.1.1","host","USB","35","0000000000000000","URB_INTERRUPT in"
"10645","712.525273","1.1.1","host","USB","35","0000360000000000","URB_INTERRUPT in"
"10647","712.637290","1.1.1","host","USB","35","0000362c00000000","URB_INTERRUPT in"
"10649","712.645286","1.1.1","host","USB","35","00002c0000000000","URB_INTERRUPT in"
"10651","712.757289","1.1.1","host","USB","35","0000000000000000","URB_INTERRUPT in"
"10653","712.853300","1.1.1","host","USB","35","0000060000000000","URB_INTERRUPT in"
"10655","712.949311","1.1.1","host","USB","35","0000061200000000","URB_INTERRUPT in"
"10657","712.957309","1.1.1","host","USB","35","0000120000000000","URB_INTERRUPT in"
"10659","713.093328","1.1.1","host","USB","35","0000120c00000000","URB_INTERRUPT in"
"10661","713.117328","1.1.1","host","USB","35","00000c0000000000","URB_INTERRUPT in"
"10663","713.181333","1.1.1","host","USB","35","0000000000000000","URB_INTERRUPT in"
"10665","713.365353","1.1.1","host","USB","35","00000f0000000000","URB_INTERRUPT in"
"10667","713.453373","1.1.1","host","USB","35","0000000000000000","URB_INTERRUPT in"
"10669","713.525371","1.1.1","host","USB","35","0000080000000000","URB_INTERRUPT in"
"10671","713.589377","1.1.1","host","USB","35","0000000000000000","URB_INTERRUPT in"
"10673","713.693391","1.1.1","host","USB","35","0000070000000000","URB_INTERRUPT in"
"10675","713.781397","1.1.1","host","USB","35","0000000000000000","URB_INTERRUPT in"
"10677","713.813414","1.1.1","host","USB","35","00002c0000000000","URB_INTERRUPT in"
"10679","713.925425","1.1.1","host","USB","35","0000000000000000","URB_INTERRUPT in"
"10681","714.109448","1.1.1","host","USB","35","0000100000000000","URB_INTERRUPT in"
"10683","714.269465","1.1.1","host","USB","35","0000000000000000","URB_INTERRUPT in"
"10685","714.325463","1.1.1","host","USB","35","0000040000000000","URB_INTERRUPT in"
"10687","714.421473","1.1.1","host","USB","35","0000040600000000","URB_INTERRUPT in"
"10689","714.437483","1.1.1","host","USB","35","0000060000000000","URB_INTERRUPT in"
"10691","714.509491","1.1.1","host","USB","35","0000000000000000","URB_INTERRUPT in"
"10693","714.541487","1.1.1","host","USB","35","00000b0000000000","URB_INTERRUPT in"
"10695","714.645506","1.1.1","host","USB","35","0000000000000000","URB_INTERRUPT in"
"10697","715.173546","1.1.1","host","USB","35","0000040000000000","URB_INTERRUPT in"
"10699","715.261557","1.1.1","host","USB","35","0000000000000000","URB_INTERRUPT in"
"10701","715.293565","1.1.1","host","USB","35","0000110000000000","URB_INTERRUPT in"
"10703","715.365566","1.1.1","host","USB","35","0000000000000000","URB_INTERRUPT in"
"10705","715.453584","1.1.1","host","USB","35","00000c0000000000","URB_INTERRUPT in"
"10707","715.533584","1.1.1","host","USB","35","0000000000000000","URB_INTERRUPT in"
"10709","715.573596","1.1.1","host","USB","35","0000160000000000","URB_INTERRUPT in"
"10711","715.685604","1.1.1","host","USB","35","0000000000000000","URB_INTERRUPT in"
"10713","715.693604","1.1.1","host","USB","35","0000100000000000","URB_INTERRUPT in"
"10715","715.773610","1.1.1","host","USB","35","0000000000000000","URB_INTERRUPT in"
"10717","716.493697","1.1.1","host","USB","35","0000370000000000","URB_INTERRUPT in"
"10719","716.565711","1.1.1","host","USB","35","0000000000000000","URB_INTERRUPT in"
"10721","716.661723","1.1.1","host","USB","35","0200000000000000","URB_INTERRUPT in"
"10723","716.709718","1.1.1","host","USB","35","02002c0000000000","URB_INTERRUPT in"
"10725","716.789734","1.1.1","host","USB","35","0200000000000000","URB_INTERRUPT in"
"10727","716.901739","1.1.1","host","USB","35","02000c0000000000","URB_INTERRUPT in"
"10729","716.917746","1.1.1","host","USB","35","00000c0000000000","URB_INTERRUPT in"
"10731","716.973742","1.1.1","host","USB","35","0000000000000000","URB_INTERRUPT in"
"10733","717.045755","1.1.1","host","USB","35","0000170000000000","URB_INTERRUPT in"
"10735","717.125760","1.1.1","host","USB","35","0000000000000000","URB_INTERRUPT in"
"10737","717.197762","1.1.1","host","USB","35","0000340000000000","URB_INTERRUPT in"
"10739","717.293783","1.1.1","host","USB","35","0000000000000000","URB_INTERRUPT in"
"10741","717.317775","1.1.1","host","USB","35","0000160000000000","URB_INTERRUPT in"
"10743","717.413801","1.1.1","host","USB","35","0000000000000000","URB_INTERRUPT in"
"10745","717.429797","1.1.1","host","USB","35","00002c0000000000","URB_INTERRUPT in"
"10747","717.493806","1.1.1","host","USB","35","0000000000000000","URB_INTERRUPT in"
"10749","717.565801","1.1.1","host","USB","35","0000040000000000","URB_INTERRUPT in"
"10751","717.629820","1.1.1","host","USB","35","0000000000000000","URB_INTERRUPT in"
"10753","717.661811","1.1.1","host","USB","35","00000f0000000000","URB_INTERRUPT in"
"10755","717.725823","1.1.1","host","USB","35","0000000000000000","URB_INTERRUPT in"
"10757","718.053858","1.1.1","host","USB","35","0000100000000000","URB_INTERRUPT in"
"10759","718.133870","1.1.1","host","USB","35","0000000000000000","URB_INTERRUPT in"
"10761","718.205874","1.1.1","host","USB","35","0000120000000000","URB_INTERRUPT in"
"10763","718.277879","1.1.1","host","USB","35","0000000000000000","URB_INTERRUPT in"
"10765","718.309878","1.1.1","host","USB","35","0000160000000000","URB_INTERRUPT in"
"10767","718.381884","1.1.1","host","USB","35","0000161700000000","URB_INTERRUPT in"
"10769","718.389887","1.1.1","host","USB","35","0000170000000000","URB_INTERRUPT in"
"10771","718.469902","1.1.1","host","USB","35","0000000000000000","URB_INTERRUPT in"
"10773","718.477897","1.1.1","host","USB","35","00002c0000000000","URB_INTERRUPT in"
"10775","718.565909","1.1.1","host","USB","35","0000000000000000","URB_INTERRUPT in"
"10777","718.581906","1.1.1","host","USB","35","0000040000000000","URB_INTERRUPT in"
"10779","718.709927","1.1.1","host","USB","35","0000041600000000","URB_INTERRUPT in"
"10781","718.725932","1.1.1","host","USB","35","0000160000000000","URB_INTERRUPT in"
"10783","718.805932","1.1.1","host","USB","35","0000000000000000","URB_INTERRUPT in"
"10785","718.829934","1.1.1","host","USB","35","00002c0000000000","URB_INTERRUPT in"
"10787","718.877948","1.1.1","host","USB","35","0000000000000000","URB_INTERRUPT in"
"10789","719.005954","1.1.1","host","USB","35","00000c0000000000","URB_INTERRUPT in"
"10791","719.053958","1.1.1","host","USB","35","0000000000000000","URB_INTERRUPT in"
"10793","719.069958","1.1.1","host","USB","35","0000090000000000","URB_INTERRUPT in"
"10795","719.149971","1.1.1","host","USB","35","0000000000000000","URB_INTERRUPT in"
"10797","719.165975","1.1.1","host","USB","35","00002c0000000000","URB_INTERRUPT in"
"10799","719.245982","1.1.1","host","USB","35","0000000000000000","URB_INTERRUPT in"
"10801","719.333998","1.1.1","host","USB","35","0000110000000000","URB_INTERRUPT in"
"10803","719.422013","1.1.1","host","USB","35","0000000000000000","URB_INTERRUPT in"
"10805","719.486015","1.1.1","host","USB","35","0000040000000000","URB_INTERRUPT in"
"10807","719.550027","1.1.1","host","USB","35","0000000000000000","URB_INTERRUPT in"
"10809","719.614031","1.1.1","host","USB","35","0000170000000000","URB_INTERRUPT in"
"10811","719.694042","1.1.1","host","USB","35","0000000000000000","URB_INTERRUPT in"
"10813","719.726045","1.1.1","host","USB","35","0000180000000000","URB_INTERRUPT in"
"10815","719.798052","1.1.1","host","USB","35","0000000000000000","URB_INTERRUPT in"
"10817","719.806045","1.1.1","host","USB","35","0000150000000000","URB_INTERRUPT in"
"10819","719.878061","1.1.1","host","USB","35","0000150800000000","URB_INTERRUPT in"
"10821","719.902058","1.1.1","host","USB","35","0000080000000000","URB_INTERRUPT in"
"10823","719.918054","1.1.1","host","USB","35","0000000000000000","URB_INTERRUPT in"
"10825","719.982071","1.1.1","host","USB","35","0000360000000000","URB_INTERRUPT in"
"10827","720.054068","1.1.1","host","USB","35","0000362c00000000","URB_INTERRUPT in"
"10829","720.078082","1.1.1","host","USB","35","00002c0000000000","URB_INTERRUPT in"
"10831","720.166089","1.1.1","host","USB","35","0000000000000000","URB_INTERRUPT in"
"10833","720.278096","1.1.1","host","USB","35","00000c0000000000","URB_INTERRUPT in"
"10835","720.350095","1.1.1","host","USB","35","00000c1100000000","URB_INTERRUPT in"
"10837","720.382114","1.1.1","host","USB","35","0000110000000000","URB_INTERRUPT in"
"10839","720.430101","1.1.1","host","USB","35","0000000000000000","URB_INTERRUPT in"
"10841","720.502112","1.1.1","host","USB","35","00002c0000000000","URB_INTERRUPT in"
"10843","720.598122","1.1.1","host","USB","35","0000000000000000","URB_INTERRUPT in"
"10845","720.614122","1.1.1","host","USB","35","0000090000000000","URB_INTERRUPT in"
"10847","720.710138","1.1.1","host","USB","35","0000000000000000","URB_INTERRUPT in"
"10849","720.726141","1.1.1","host","USB","35","0000120000000000","URB_INTERRUPT in"
"10851","720.798142","1.1.1","host","USB","35","0000121000000000","URB_INTERRUPT in"
"10853","720.854149","1.1.1","host","USB","35","0000100000000000","URB_INTERRUPT in"
"10855","720.902153","1.1.1","host","USB","35","0000000000000000","URB_INTERRUPT in"
"10857","721.134188","1.1.1","host","USB","35","00002a0000000000","URB_INTERRUPT in"
"10859","721.182185","1.1.1","host","USB","35","0000000000000000","URB_INTERRUPT in"
"10861","721.262191","1.1.1","host","USB","35","00002a0000000000","URB_INTERRUPT in"
"10863","721.326200","1.1.1","host","USB","35","0000000000000000","URB_INTERRUPT in"
"10865","721.398209","1.1.1","host","USB","35","00002a0000000000","URB_INTERRUPT in"
"10867","721.462214","1.1.1","host","USB","35","00002a1600000000","URB_INTERRUPT in"
"10869","721.470219","1.1.1","host","USB","35","0000160000000000","URB_INTERRUPT in"
"10871","721.606241","1.1.1","host","USB","35","0000000000000000","URB_INTERRUPT in"
"10873","721.622230","1.1.1","host","USB","35","0000120000000000","URB_INTERRUPT in"
"10875","721.686244","1.1.1","host","USB","35","0000121000000000","URB_INTERRUPT in"
"10877","721.726250","1.1.1","host","USB","35","0000100000000000","URB_INTERRUPT in"
"10879","721.774261","1.1.1","host","USB","35","0000000000000000","URB_INTERRUPT in"
"10881","721.830263","1.1.1","host","USB","35","0000080000000000","URB_INTERRUPT in"
"10883","721.886264","1.1.1","host","USB","35","0000000000000000","URB_INTERRUPT in"
"10885","721.926266","1.1.1","host","USB","35","00002c0000000000","URB_INTERRUPT in"
"10887","722.054291","1.1.1","host","USB","35","0000000000000000","URB_INTERRUPT in"
"10889","722.142296","1.1.1","host","USB","35","0000160000000000","URB_INTERRUPT in"
"10891","722.230309","1.1.1","host","USB","35","0000000000000000","URB_INTERRUPT in"
"10893","722.262310","1.1.1","host","USB","35","0000170000000000","URB_INTERRUPT in"
"10895","722.326312","1.1.1","host","USB","35","0000171500000000","URB_INTERRUPT in"
"10897","722.366314","1.1.1","host","USB","35","0000150000000000","URB_INTERRUPT in"
"10899","722.390311","1.1.1","host","USB","35","0000000000000000","URB_INTERRUPT in"
"10901","722.478340","1.1.1","host","USB","35","0000040000000000","URB_INTERRUPT in"
"10903","722.574345","1.1.1","host","USB","35","0000000000000000","URB_INTERRUPT in"
"10905","722.582333","1.1.1","host","USB","35","0000110000000000","URB_INTERRUPT in"
"10907","722.662348","1.1.1","host","USB","35","0000000000000000","URB_INTERRUPT in"
"10909","722.718357","1.1.1","host","USB","35","00000a0000000000","URB_INTERRUPT in"
"10911","722.782361","1.1.1","host","USB","35","00000a0800000000","URB_INTERRUPT in"
"10913","722.822364","1.1.1","host","USB","35","0000080000000000","URB_INTERRUPT in"
"10915","722.854369","1.1.1","host","USB","35","0000000000000000","URB_INTERRUPT in"
"10917","722.910368","1.1.1","host","USB","35","00002c0000000000","URB_INTERRUPT in"
"10919","723.006397","1.1.1","host","USB","35","0000000000000000","URB_INTERRUPT in"
"10921","723.414442","1.1.1","host","USB","35","00000a0000000000","URB_INTERRUPT in"
"10923","723.470440","1.1.1","host","USB","35","0000000000000000","URB_INTERRUPT in"
"10925","724.038488","1.1.1","host","USB","35","00002a0000000000","URB_INTERRUPT in"
"10927","724.094493","1.1.1","host","USB","35","00002a0900000000","URB_INTERRUPT in"
"10929","724.102499","1.1.1","host","USB","35","0000090000000000","URB_INTERRUPT in"
"10931","724.182502","1.1.1","host","USB","35","0000000000000000","URB_INTERRUPT in"
"10933","724.214516","1.1.1","host","USB","35","00000c0000000000","URB_INTERRUPT in"
"10935","724.310519","1.1.1","host","USB","35","00000c1700000000","URB_INTERRUPT in"
"10937","724.318518","1.1.1","host","USB","35","0000170000000000","URB_INTERRUPT in"
"10939","724.398527","1.1.1","host","USB","35","0000000000000000","URB_INTERRUPT in"
"10941","724.814575","1.1.1","host","USB","35","00002c0000000000","URB_INTERRUPT in"
"10943","724.926590","1.1.1","host","USB","35","0000000000000000","URB_INTERRUPT in"
"10945","725.694669","1.1.1","host","USB","35","0000120000000000","URB_INTERRUPT in"
"10947","725.806689","1.1.1","host","USB","35","0000000000000000","URB_INTERRUPT in"
"10949","725.958691","1.1.1","host","USB","35","0000090000000000","URB_INTERRUPT in"
"10951","726.094705","1.1.1","host","USB","35","0000000000000000","URB_INTERRUPT in"
"10953","726.974808","1.1.1","host","USB","35","00002c0000000000","URB_INTERRUPT in"
"10955","727.158832","1.1.1","host","USB","35","0000000000000000","URB_INTERRUPT in"
"10957","727.326851","1.1.1","host","USB","35","00001a0000000000","URB_INTERRUPT in"
"10959","727.406860","1.1.1","host","USB","35","0000000000000000","URB_INTERRUPT in"
"10961","727.502861","1.1.1","host","USB","35","00000b0000000000","URB_INTERRUPT in"
"10963","727.598881","1.1.1","host","USB","35","0000000000000000","URB_INTERRUPT in"
"10965","727.718893","1.1.1","host","USB","35","00000c0000000000","URB_INTERRUPT in"
"10967","727.822907","1.1.1","host","USB","35","00000c1000000000","URB_INTERRUPT in"
"10969","727.854901","1.1.1","host","USB","35","0000100000000000","URB_INTERRUPT in"
"10971","727.902907","1.1.1","host","USB","35","0000000000000000","URB_INTERRUPT in"
"10973","728.094933","1.1.1","host","USB","35","0000160000000000","URB_INTERRUPT in"
"10975","728.206942","1.1.1","host","USB","35","0000000000000000","URB_INTERRUPT in"
"10977","728.326955","1.1.1","host","USB","35","00001c0000000000","URB_INTERRUPT in"
"10979","728.422971","1.1.1","host","USB","35","0000000000000000","URB_INTERRUPT in"
"10981","728.550972","1.1.1","host","USB","35","00002c0000000000","URB_INTERRUPT in"
"10983","728.718998","1.1.1","host","USB","35","0000000000000000","URB_INTERRUPT in"
"10985","729.239039","1.1.1","host","USB","35","0000160000000000","URB_INTERRUPT in"
"10987","729.335060","1.1.1","host","USB","35","0000000000000000","URB_INTERRUPT in"
"10989","729.431060","1.1.1","host","USB","35","0000040000000000","URB_INTERRUPT in"
"10991","729.535072","1.1.1","host","USB","35","0000000000000000","URB_INTERRUPT in"
"10993","729.559075","1.1.1","host","USB","35","00000c0000000000","URB_INTERRUPT in"
"10995","729.631081","1.1.1","host","USB","35","0000000000000000","URB_INTERRUPT in"
"10997","729.959116","1.1.1","host","USB","35","0000070000000000","URB_INTERRUPT in"
"10999","730.039124","1.1.1","host","USB","35","0000000000000000","URB_INTERRUPT in"
"11001","730.127142","1.1.1","host","USB","35","0000360000000000","URB_INTERRUPT in"
"11003","730.183141","1.1.1","host","USB","35","0000362c00000000","URB_INTERRUPT in"
"11005","730.255148","1.1.1","host","USB","35","00002c0000000000","URB_INTERRUPT in"
"11007","730.295154","1.1.1","host","USB","35","0000000000000000","URB_INTERRUPT in"
"11009","730.335158","1.1.1","host","USB","35","0200000000000000","URB_INTERRUPT in"
"11011","730.495183","1.1.1","host","USB","35","0200340000000000","URB_INTERRUPT in"
"11013","730.615193","1.1.1","host","USB","35","0200000000000000","URB_INTERRUPT in"
"11015","730.823223","1.1.1","host","USB","35","02001c0000000000","URB_INTERRUPT in"
"11017","730.887229","1.1.1","host","USB","35","0200000000000000","URB_INTERRUPT in"
"11019","730.927229","1.1.1","host","USB","35","0000000000000000","URB_INTERRUPT in"
"11021","731.111252","1.1.1","host","USB","35","0000120000000000","URB_INTERRUPT in"
"11023","731.207255","1.1.1","host","USB","35","0000121800000000","URB_INTERRUPT in"
"11025","731.247263","1.1.1","host","USB","35","0000180000000000","URB_INTERRUPT in"
"11027","731.279265","1.1.1","host","USB","35","0000000000000000","URB_INTERRUPT in"
"11029","731.423273","1.1.1","host","USB","35","00002c0000000000","URB_INTERRUPT in"
"11031","731.511280","1.1.1","host","USB","35","0000000000000000","URB_INTERRUPT in"
"11033","731.703301","1.1.1","host","USB","35","00000e0000000000","URB_INTERRUPT in"
"11035","731.783309","1.1.1","host","USB","35","00000e1100000000","URB_INTERRUPT in"
"11037","731.831314","1.1.1","host","USB","35","0000110000000000","URB_INTERRUPT in"
"11039","731.879319","1.1.1","host","USB","35","0000000000000000","URB_INTERRUPT in"
"11041","731.951328","1.1.1","host","USB","35","0000120000000000","URB_INTERRUPT in"
"11043","732.047338","1.1.1","host","USB","35","0000000000000000","URB_INTERRUPT in"
"11045","732.079341","1.1.1","host","USB","35","00001a0000000000","URB_INTERRUPT in"
"11047","732.135358","1.1.1","host","USB","35","0000000000000000","URB_INTERRUPT in"
"11049","732.151349","1.1.1","host","USB","35","00002c0000000000","URB_INTERRUPT in"
"11051","732.239357","1.1.1","host","USB","35","0000000000000000","URB_INTERRUPT in"
"11053","732.327376","1.1.1","host","USB","35","00001a0000000000","URB_INTERRUPT in"
"11055","732.447384","1.1.1","host","USB","35","0000000000000000","URB_INTERRUPT in"
"11057","732.479384","1.1.1","host","USB","35","00000b0000000000","URB_INTERRUPT in"
"11059","732.567399","1.1.1","host","USB","35","0000000000000000","URB_INTERRUPT in"
"11061","732.631407","1.1.1","host","USB","35","0000040000000000","URB_INTERRUPT in"
"11063","732.687420","1.1.1","host","USB","35","0000000000000000","URB_INTERRUPT in"
"11065","732.791435","1.1.1","host","USB","35","0000170000000000","URB_INTERRUPT in"
"11067","732.855438","1.1.1","host","USB","35","0000000000000000","URB_INTERRUPT in"
"11069","732.895438","1.1.1","host","USB","35","00002c0000000000","URB_INTERRUPT in"
"11071","732.983446","1.1.1","host","USB","35","0000000000000000","URB_INTERRUPT in"
"11073","733.183465","1.1.1","host","USB","35","0000070000000000","URB_INTERRUPT in"
"11075","733.255475","1.1.1","host","USB","35","0000000000000000","URB_INTERRUPT in"
"11077","733.303485","1.1.1","host","USB","35","0000180000000000","URB_INTERRUPT in"
"11079","733.375496","1.1.1","host","USB","35","0000000000000000","URB_INTERRUPT in"
"11081","733.399493","1.1.1","host","USB","35","0000060000000000","URB_INTERRUPT in"
"11083","733.471505","1.1.1","host","USB","35","0000000000000000","URB_INTERRUPT in"
"11085","733.527497","1.1.1","host","USB","35","00000e0000000000","URB_INTERRUPT in"
"11087","733.607518","1.1.1","host","USB","35","00000e1600000000","URB_INTERRUPT in"
"11089","733.615512","1.1.1","host","USB","35","0000160000000000","URB_INTERRUPT in"
"11091","733.679515","1.1.1","host","USB","35","0000000000000000","URB_INTERRUPT in"
"11093","733.727521","1.1.1","host","USB","35","00002c0000000000","URB_INTERRUPT in"
"11095","733.823531","1.1.1","host","USB","35","0000000000000000","URB_INTERRUPT in"
"11097","734.047564","1.1.1","host","USB","35","0000110000000000","URB_INTERRUPT in"
"11099","734.143575","1.1.1","host","USB","35","0000000000000000","URB_INTERRUPT in"
"11101","734.159573","1.1.1","host","USB","35","0000080000000000","URB_INTERRUPT in"
"11103","734.215575","1.1.1","host","USB","35","0000000000000000","URB_INTERRUPT in"
"11105","734.319590","1.1.1","host","USB","35","0000080000000000","URB_INTERRUPT in"
"11107","734.399603","1.1.1","host","USB","35","0000000000000000","URB_INTERRUPT in"
"11109","734.551618","1.1.1","host","USB","35","0000160000000000","URB_INTERRUPT in"
"11111","734.631627","1.1.1","host","USB","35","0000000000000000","URB_INTERRUPT in"
"11113","734.927656","1.1.1","host","USB","35","00002a0000000000","URB_INTERRUPT in"
"11115","734.975651","1.1.1","host","USB","35","00002a0700000000","URB_INTERRUPT in"
"11117","734.983655","1.1.1","host","USB","35","0000070000000000","URB_INTERRUPT in"
"11119","735.047656","1.1.1","host","USB","35","0000000000000000","URB_INTERRUPT in"
"11121","735.103662","1.1.1","host","USB","35","0200000000000000","URB_INTERRUPT in"
"11123","735.191671","1.1.1","host","USB","35","0200380000000000","URB_INTERRUPT in"
"11125","735.231675","1.1.1","host","USB","35","0200000000000000","URB_INTERRUPT in"
"11127","735.367691","1.1.1","host","USB","35","0000000000000000","URB_INTERRUPT in"
"11129","735.687734","1.1.1","host","USB","35","00002c0000000000","URB_INTERRUPT in"
"11131","735.807739","1.1.1","host","USB","35","02002c0000000000","URB_INTERRUPT in"
"11133","735.839751","1.1.1","host","USB","35","0200000000000000","URB_INTERRUPT in"
"11135","736.239798","1.1.1","host","USB","35","0200040000000000","URB_INTERRUPT in"
"11137","736.295804","1.1.1","host","USB","35","0200000000000000","URB_INTERRUPT in"
"11139","736.319796","1.1.1","host","USB","35","0000000000000000","URB_INTERRUPT in"
"11141","736.391806","1.1.1","host","USB","35","00002c0000000000","URB_INTERRUPT in"
"11143","736.503828","1.1.1","host","USB","35","0000000000000000","URB_INTERRUPT in"
"11145","736.639831","1.1.1","host","USB","35","0000130000000000","URB_INTERRUPT in"
"11147","736.759847","1.1.1","host","USB","35","0000000000000000","URB_INTERRUPT in"
"11149","736.807856","1.1.1","host","USB","35","0000080000000000","URB_INTERRUPT in"
"11151","736.855863","1.1.1","host","USB","35","0000000000000000","URB_INTERRUPT in"
"11153","736.903854","1.1.1","host","USB","35","0000110000000000","URB_INTERRUPT in"
"11155","737.007876","1.1.1","host","USB","35","0000110c00000000","URB_INTERRUPT in"
"11157","737.039869","1.1.1","host","USB","35","00000c0000000000","URB_INTERRUPT in"
"11159","737.071872","1.1.1","host","USB","35","00000c1600000000","URB_INTERRUPT in"
"11161","737.111879","1.1.1","host","USB","35","0000160000000000","URB_INTERRUPT in"
"11163","737.135879","1.1.1","host","USB","35","0000000000000000","URB_INTERRUPT in"
"11165","737.231887","1.1.1","host","USB","35","00002c0000000000","URB_INTERRUPT in"
"11167","737.343901","1.1.1","host","USB","35","0000000000000000","URB_INTERRUPT in"
"11169","737.367907","1.1.1","host","USB","35","0000170000000000","URB_INTERRUPT in"
"11171","737.439914","1.1.1","host","USB","35","0000000000000000","URB_INTERRUPT in"
"11173","737.471914","1.1.1","host","USB","35","00000b0000000000","URB_INTERRUPT in"
"11175","737.527925","1.1.1","host","USB","35","00000b0400000000","URB_INTERRUPT in"
"11177","737.551923","1.1.1","host","USB","35","0000040000000000","URB_INTERRUPT in"
"11179","737.607931","1.1.1","host","USB","35","0000041700000000","URB_INTERRUPT in"
"11181","737.647933","1.1.1","host","USB","35","0000170000000000","URB_INTERRUPT in"
"11183","737.679939","1.1.1","host","USB","35","0000172c00000000","URB_INTERRUPT in"
"11185","737.687945","1.1.1","host","USB","35","00002c0000000000","URB_INTERRUPT in"
"11187","737.767955","1.1.1","host","USB","35","0000000000000000","URB_INTERRUPT in"
"11189","737.879954","1.1.1","host","USB","35","00000f0000000000","URB_INTERRUPT in"
"11191","737.943964","1.1.1","host","USB","35","0000000000000000","URB_INTERRUPT in"
"11193","738.055988","1.1.1","host","USB","35","0000120000000000","URB_INTERRUPT in"
"11195","738.119997","1.1.1","host","USB","35","0000000000000000","URB_INTERRUPT in"
"11197","738.200001","1.1.1","host","USB","35","0000120000000000","URB_INTERRUPT in"
"11199","738.288011","1.1.1","host","USB","35","0000000000000000","URB_INTERRUPT in"
"11201","738.520043","1.1.1","host","USB","35","00000e0000000000","URB_INTERRUPT in"
"11203","738.584038","1.1.1","host","USB","35","0000000000000000","URB_INTERRUPT in"
"11205","738.640042","1.1.1","host","USB","35","0000160000000000","URB_INTERRUPT in"
"11207","738.704054","1.1.1","host","USB","35","0000000000000000","URB_INTERRUPT in"
"11209","738.736056","1.1.1","host","USB","35","00002c0000000000","URB_INTERRUPT in"
"11211","738.824066","1.1.1","host","USB","35","0000000000000000","URB_INTERRUPT in"
"11213","738.952085","1.1.1","host","USB","35","00000f0000000000","URB_INTERRUPT in"
"11215","739.016094","1.1.1","host","USB","35","0000000000000000","URB_INTERRUPT in"
"11217","739.112092","1.1.1","host","USB","35","00000c0000000000","URB_INTERRUPT in"
"11219","739.176108","1.1.1","host","USB","35","0000000000000000","URB_INTERRUPT in"
"11221","739.400133","1.1.1","host","USB","35","0000080000000000","URB_INTERRUPT in"
"11223","739.456131","1.1.1","host","USB","35","0000000000000000","URB_INTERRUPT in"
"11225","739.488131","1.1.1","host","USB","35","00002c0000000000","URB_INTERRUPT in"
"11227","739.600148","1.1.1","host","USB","35","0000000000000000","URB_INTERRUPT in"
"11229","739.632148","1.1.1","host","USB","35","0000040000000000","URB_INTERRUPT in"
"11231","739.688155","1.1.1","host","USB","35","0000000000000000","URB_INTERRUPT in"
"11233","739.720160","1.1.1","host","USB","35","00002c0000000000","URB_INTERRUPT in"
"11235","739.816179","1.1.1","host","USB","35","0000000000000000","URB_INTERRUPT in"
"11237","739.968188","1.1.1","host","USB","35","00002a0000000000","URB_INTERRUPT in"
"11239","740.024197","1.1.1","host","USB","35","0000000000000000","URB_INTERRUPT in"
"11241","740.088197","1.1.1","host","USB","35","00002a0000000000","URB_INTERRUPT in"
"11243","740.152198","1.1.1","host","USB","35","0000000000000000","URB_INTERRUPT in"
"11245","740.224214","1.1.1","host","USB","35","00002a0000000000","URB_INTERRUPT in"
"11247","740.280214","1.1.1","host","USB","35","0000000000000000","URB_INTERRUPT in"
"11249","740.360221","1.1.1","host","USB","35","00002a0000000000","URB_INTERRUPT in"
"11251","740.440231","1.1.1","host","USB","35","0000000000000000","URB_INTERRUPT in"
"11253","740.520237","1.1.1","host","USB","35","00000e0000000000","URB_INTERRUPT in"
"11255","740.584243","1.1.1","host","USB","35","00000e0800000000","URB_INTERRUPT in"
"11257","740.592250","1.1.1","host","USB","35","0000080000000000","URB_INTERRUPT in"
"11259","740.648251","1.1.1","host","USB","35","0000000000000000","URB_INTERRUPT in"
"11261","740.712260","1.1.1","host","USB","35","00002c0000000000","URB_INTERRUPT in"
"11263","740.736259","1.1.1","host","USB","35","0000000000000000","URB_INTERRUPT in"
"11265","740.784268","1.1.1","host","USB","35","0000040000000000","URB_INTERRUPT in"
"11267","740.856274","1.1.1","host","USB","35","0000000000000000","URB_INTERRUPT in"
"11269","740.872275","1.1.1","host","USB","35","00002c0000000000","URB_INTERRUPT in"
"11271","740.944283","1.1.1","host","USB","35","0000000000000000","URB_INTERRUPT in"
"11273","741.128303","1.1.1","host","USB","35","0000130000000000","URB_INTERRUPT in"
"11275","741.232317","1.1.1","host","USB","35","0000000000000000","URB_INTERRUPT in"
"11277","741.280319","1.1.1","host","USB","35","0000080000000000","URB_INTERRUPT in"
"11279","741.360344","1.1.1","host","USB","35","0000000000000000","URB_INTERRUPT in"
"11281","741.368333","1.1.1","host","USB","35","00000c0000000000","URB_INTERRUPT in"
"11283","741.440347","1.1.1","host","USB","35","0000000000000000","URB_INTERRUPT in"
"11285","741.584359","1.1.1","host","USB","35","00002a0000000000","URB_INTERRUPT in"
"11287","741.640361","1.1.1","host","USB","35","0000000000000000","URB_INTERRUPT in"
"11289","741.712375","1.1.1","host","USB","35","00002a0000000000","URB_INTERRUPT in"
"11291","741.800392","1.1.1","host","USB","35","00002a0c00000000","URB_INTERRUPT in"
"11293","741.816381","1.1.1","host","USB","35","00000c0000000000","URB_INTERRUPT in"
"11295","741.864393","1.1.1","host","USB","35","0000000000000000","URB_INTERRUPT in"
"11297","741.872386","1.1.1","host","USB","35","0000080000000000","URB_INTERRUPT in"
"11299","741.960408","1.1.1","host","USB","35","0000000000000000","URB_INTERRUPT in"
"11301","741.992409","1.1.1","host","USB","35","0000060000000000","URB_INTERRUPT in"
"11303","742.096422","1.1.1","host","USB","35","0000060800000000","URB_INTERRUPT in"
"11305","742.144424","1.1.1","host","USB","35","0000080000000000","URB_INTERRUPT in"
"11307","742.168421","1.1.1","host","USB","35","0000082c00000000","URB_INTERRUPT in"
"11309","742.176417","1.1.1","host","USB","35","00002c0000000000","URB_INTERRUPT in"
"11311","742.272430","1.1.1","host","USB","35","0000000000000000","URB_INTERRUPT in"
"11313","742.424441","1.1.1","host","USB","35","0000120000000000","URB_INTERRUPT in"
"11315","742.536452","1.1.1","host","USB","35","0000000000000000","URB_INTERRUPT in"
"11317","742.544451","1.1.1","host","USB","35","0000090000000000","URB_INTERRUPT in"
"11319","742.632461","1.1.1","host","USB","35","0000092c00000000","URB_INTERRUPT in"
"11321","742.640469","1.1.1","host","USB","35","00002c0000000000","URB_INTERRUPT in"
"11323","742.728479","1.1.1","host","USB","35","0000000000000000","URB_INTERRUPT in"
"11325","742.840482","1.1.1","host","USB","35","0000130000000000","URB_INTERRUPT in"
"11327","742.944495","1.1.1","host","USB","35","0000130400000000","URB_INTERRUPT in"
"11329","742.952500","1.1.1","host","USB","35","0000040000000000","URB_INTERRUPT in"
"11331","743.024504","1.1.1","host","USB","35","0000000000000000","URB_INTERRUPT in"
"11333","743.200524","1.1.1","host","USB","35","0000170000000000","URB_INTERRUPT in"
"11335","743.304535","1.1.1","host","USB","35","0000000000000000","URB_INTERRUPT in"
"11337","743.488553","1.1.1","host","USB","35","00002a0000000000","URB_INTERRUPT in"
"11339","743.544573","1.1.1","host","USB","35","00002a1600000000","URB_INTERRUPT in"
"11341","743.560569","1.1.1","host","USB","35","0000160000000000","URB_INTERRUPT in"
"11343","743.624582","1.1.1","host","USB","35","0000000000000000","URB_INTERRUPT in"
"11345","743.632572","1.1.1","host","USB","35","0000170000000000","URB_INTERRUPT in"
"11347","743.712594","1.1.1","host","USB","35","0000000000000000","URB_INTERRUPT in"
"11349","743.744584","1.1.1","host","USB","35","0000040000000000","URB_INTERRUPT in"
"11351","743.832599","1.1.1","host","USB","35","0000000000000000","URB_INTERRUPT in"
"11353","743.936616","1.1.1","host","USB","35","0000370000000000","URB_INTERRUPT in"
"11355","744.040628","1.1.1","host","USB","35","0000000000000000","URB_INTERRUPT in"
"11357","745.120733","1.1.1","host","USB","35","0200000000000000","URB_INTERRUPT in"
"11359","745.992821","1.1.1","host","USB","35","0200340000000000","URB_INTERRUPT in"
"11361","746.056825","1.1.1","host","USB","35","0200000000000000","URB_INTERRUPT in"
"11363","746.104830","1.1.1","host","USB","35","0000000000000000","URB_INTERRUPT in"
"11365","746.200841","1.1.1","host","USB","35","0000280000000000","URB_INTERRUPT in"
"11367","746.248852","1.1.1","host","USB","35","0000000000000000","URB_INTERRUPT in"
"11369","746.288855","1.1.1","host","USB","35","0000280000000000","URB_INTERRUPT in"
"11371","746.336854","1.1.1","host","USB","35","0000000000000000","URB_INTERRUPT in"
"11373","751.401393","1.1.1","host","USB","35","0200000000000000","URB_INTERRUPT in"
"11375","751.617426","1.1.1","host","USB","35","0200050000000000","URB_INTERRUPT in"
"11377","751.697425","1.1.1","host","USB","35","0200000000000000","URB_INTERRUPT in"
"11379","751.761429","1.1.1","host","USB","35","0000000000000000","URB_INTERRUPT in"
"11381","751.833439","1.1.1","host","USB","35","0000180000000000","URB_INTERRUPT in"
"11383","751.889444","1.1.1","host","USB","35","0000000000000000","URB_INTERRUPT in"
"11385","752.033461","1.1.1","host","USB","35","00002c0000000000","URB_INTERRUPT in"
"11387","752.113467","1.1.1","host","USB","35","0000000000000000","URB_INTERRUPT in"
"11389","752.369509","1.1.1","host","USB","35","00002a0000000000","URB_INTERRUPT in"
"11391","752.441509","1.1.1","host","USB","35","0000000000000000","URB_INTERRUPT in"
"11393","752.521525","1.1.1","host","USB","35","0000170000000000","URB_INTERRUPT in"
"11395","752.625539","1.1.1","host","USB","35","0000000000000000","URB_INTERRUPT in"
"11397","752.641532","1.1.1","host","USB","35","00002c0000000000","URB_INTERRUPT in"
"11399","752.713539","1.1.1","host","USB","35","0000000000000000","URB_INTERRUPT in"
"11401","752.817554","1.1.1","host","USB","35","00000c0000000000","URB_INTERRUPT in"
"11403","752.873556","1.1.1","host","USB","35","0000000000000000","URB_INTERRUPT in"
"11405","752.913565","1.1.1","host","USB","35","0000170000000000","URB_INTERRUPT in"
"11407","752.977574","1.1.1","host","USB","35","0000000000000000","URB_INTERRUPT in"
"11409","753.369602","1.1.1","host","USB","35","00002c0000000000","URB_INTERRUPT in"
"11411","753.473621","1.1.1","host","USB","35","0000000000000000","URB_INTERRUPT in"
"11413","753.609629","1.1.1","host","USB","35","0000070000000000","URB_INTERRUPT in"
"11415","753.673635","1.1.1","host","USB","35","0000000000000000","URB_INTERRUPT in"
"11417","753.681640","1.1.1","host","USB","35","0000120000000000","URB_INTERRUPT in"
"11419","753.761652","1.1.1","host","USB","35","0000000000000000","URB_INTERRUPT in"
"11421","753.809648","1.1.1","host","USB","35","0000080000000000","URB_INTERRUPT in"
"11423","753.873656","1.1.1","host","USB","35","0000081600000000","URB_INTERRUPT in"
"11425","753.905659","1.1.1","host","USB","35","0000160000000000","URB_INTERRUPT in"
"11427","753.937660","1.1.1","host","USB","35","0000161100000000","URB_INTERRUPT in"
"11429","753.945664","1.1.1","host","USB","35","0000110000000000","URB_INTERRUPT in"
"11431","753.993670","1.1.1","host","USB","35","0000000000000000","URB_INTERRUPT in"
"11433","754.169687","1.1.1","host","USB","35","0000340000000000","URB_INTERRUPT in"
"11435","754.273698","1.1.1","host","USB","35","0000000000000000","URB_INTERRUPT in"
"11437","754.297701","1.1.1","host","USB","35","0000170000000000","URB_INTERRUPT in"
"11439","754.369707","1.1.1","host","USB","35","0000000000000000","URB_INTERRUPT in"
"11441","754.401714","1.1.1","host","USB","35","00002c0000000000","URB_INTERRUPT in"
"11443","754.489728","1.1.1","host","USB","35","0000000000000000","URB_INTERRUPT in"
"11445","754.553731","1.1.1","host","USB","35","0000160000000000","URB_INTERRUPT in"
"11447","754.649749","1.1.1","host","USB","35","0000161700000000","URB_INTERRUPT in"
"11449","754.665753","1.1.1","host","USB","35","0000170000000000","URB_INTERRUPT in"
"11451","754.737761","1.1.1","host","USB","35","0000000000000000","URB_INTERRUPT in"
"11453","754.761758","1.1.1","host","USB","35","0000120000000000","URB_INTERRUPT in"
"11455","754.833774","1.1.1","host","USB","35","0000121300000000","URB_INTERRUPT in"
"11457","754.865771","1.1.1","host","USB","35","0000130000000000","URB_INTERRUPT in"
"11459","754.897763","1.1.1","host","USB","35","0000000000000000","URB_INTERRUPT in"
"11461","754.985781","1.1.1","host","USB","35","00002c0000000000","URB_INTERRUPT in"
"11463","755.073798","1.1.1","host","USB","35","0000000000000000","URB_INTERRUPT in"
"11465","755.305816","1.1.1","host","USB","35","0000170000000000","URB_INTERRUPT in"
"11467","755.377828","1.1.1","host","USB","35","0000000000000000","URB_INTERRUPT in"
"11469","755.385828","1.1.1","host","USB","35","00000b0000000000","URB_INTERRUPT in"
"11471","755.457832","1.1.1","host","USB","35","00000b0800000000","URB_INTERRUPT in"
"11473","755.465830","1.1.1","host","USB","35","0000080000000000","URB_INTERRUPT in"
"11475","755.521840","1.1.1","host","USB","35","0000081500000000","URB_INTERRUPT in"
"11477","755.561840","1.1.1","host","USB","35","0000150000000000","URB_INTERRUPT in"
"11479","755.625852","1.1.1","host","USB","35","0000000000000000","URB_INTERRUPT in"
"11481","755.745872","1.1.1","host","USB","35","0000370000000000","URB_INTERRUPT in"
"11483","755.801873","1.1.1","host","USB","35","0000000000000000","URB_INTERRUPT in"
"11485","756.225919","1.1.1","host","USB","35","00002a0000000000","URB_INTERRUPT in"
"11487","756.281918","1.1.1","host","USB","35","0000000000000000","URB_INTERRUPT in"
"11489","756.321931","1.1.1","host","USB","35","0000080000000000","URB_INTERRUPT in"
"11491","756.369929","1.1.1","host","USB","35","0000000000000000","URB_INTERRUPT in"
"11493","756.481943","1.1.1","host","USB","35","0000370000000000","URB_INTERRUPT in"
"11495","756.585960","1.1.1","host","USB","35","0000000000000000","URB_INTERRUPT in"
"11497","756.681954","1.1.1","host","USB","35","00002c0000000000","URB_INTERRUPT in"
"11499","756.769964","1.1.1","host","USB","35","0000000000000000","URB_INTERRUPT in"
"11501","756.777964","1.1.1","host","USB","35","0200000000000000","URB_INTERRUPT in"
"11503","756.905989","1.1.1","host","USB","35","0200120000000000","URB_INTERRUPT in"
"11505","756.993987","1.1.1","host","USB","35","0200000000000000","URB_INTERRUPT in"
"11507","757.025990","1.1.1","host","USB","35","0000000000000000","URB_INTERRUPT in"
"11509","757.162005","1.1.1","host","USB","35","00000b0000000000","URB_INTERRUPT in"
"11511","757.250015","1.1.1","host","USB","35","0000000000000000","URB_INTERRUPT in"
"11513","757.322021","1.1.1","host","USB","35","00002c0000000000","URB_INTERRUPT in"
"11515","757.418033","1.1.1","host","USB","35","0000000000000000","URB_INTERRUPT in"
"11517","757.554047","1.1.1","host","USB","35","0000110000000000","URB_INTERRUPT in"
"11519","757.602061","1.1.1","host","USB","35","0000111200000000","URB_INTERRUPT in"
"11521","757.698064","1.1.1","host","USB","35","0000120000000000","URB_INTERRUPT in"
"11523","757.714064","1.1.1","host","USB","35","0000000000000000","URB_INTERRUPT in"
"11525","757.922104","1.1.1","host","USB","35","0000370000000000","URB_INTERRUPT in"
"11527","758.002111","1.1.1","host","USB","35","0000000000000000","URB_INTERRUPT in"
"11529","758.098113","1.1.1","host","USB","35","00002c0000000000","URB_INTERRUPT in"
"11531","758.202129","1.1.1","host","USB","35","0000000000000000","URB_INTERRUPT in"
"11533","758.210122","1.1.1","host","USB","35","0200000000000000","URB_INTERRUPT in"
"11535","758.770180","1.1.1","host","USB","35","0200040000000000","URB_INTERRUPT in"
"11537","758.874188","1.1.1","host","USB","35","0000040000000000","URB_INTERRUPT in"
"11539","758.890191","1.1.1","host","USB","35","0000000000000000","URB_INTERRUPT in"
"11541","758.986196","1.1.1","host","USB","35","0000160000000000","URB_INTERRUPT in"
"11543","759.082209","1.1.1","host","USB","35","0000000000000000","URB_INTERRUPT in"
"11545","759.098209","1.1.1","host","USB","35","00002c0000000000","URB_INTERRUPT in"
"11547","759.178221","1.1.1","host","USB","35","0000000000000000","URB_INTERRUPT in"
"11549","759.258226","1.1.1","host","USB","35","00000c0000000000","URB_INTERRUPT in"
"11551","759.330240","1.1.1","host","USB","35","0000000000000000","URB_INTERRUPT in"
"11553","759.346235","1.1.1","host","USB","35","0000090000000000","URB_INTERRUPT in"
"11555","759.418245","1.1.1","host","USB","35","0000000000000000","URB_INTERRUPT in"
"11557","759.426244","1.1.1","host","USB","35","00002c0000000000","URB_INTERRUPT in"
"11559","759.506255","1.1.1","host","USB","35","0000000000000000","URB_INTERRUPT in"
"11561","759.530261","1.1.1","host","USB","35","0000170000000000","URB_INTERRUPT in"
"11563","759.610268","1.1.1","host","USB","35","0000000000000000","URB_INTERRUPT in"
"11565","759.634265","1.1.1","host","USB","35","00000b0000000000","URB_INTERRUPT in"
"11567","759.658276","1.1.1","host","USB","35","00000b0800000000","URB_INTERRUPT in"
"11569","759.698278","1.1.1","host","USB","35","0000080000000000","URB_INTERRUPT in"
"11571","759.730285","1.1.1","host","USB","35","0000000000000000","URB_INTERRUPT in"
"11573","759.802285","1.1.1","host","USB","35","00002c0000000000","URB_INTERRUPT in"
"11575","759.906299","1.1.1","host","USB","35","0000000000000000","URB_INTERRUPT in"
"11577","759.938300","1.1.1","host","USB","35","0000160000000000","URB_INTERRUPT in"
"11579","760.034319","1.1.1","host","USB","35","0000000000000000","URB_INTERRUPT in"
"11581","760.266341","1.1.1","host","USB","35","0000130000000000","URB_INTERRUPT in"
"11583","760.298348","1.1.1","host","USB","35","0000000000000000","URB_INTERRUPT in"
"11585","760.754400","1.1.1","host","USB","35","00000c0000000000","URB_INTERRUPT in"
"11587","760.850404","1.1.1","host","USB","35","0000000000000000","URB_INTERRUPT in"
"11589","760.890406","1.1.1","host","USB","35","0000150000000000","URB_INTERRUPT in"
"11591","760.962414","1.1.1","host","USB","35","0000000000000000","URB_INTERRUPT in"
"11593","761.362461","1.1.1","host","USB","35","0000040000000000","URB_INTERRUPT in"
"11595","761.450466","1.1.1","host","USB","35","0000000000000000","URB_INTERRUPT in"
"11597","761.514472","1.1.1","host","USB","35","00000f0000000000","URB_INTERRUPT in"
"11599","761.594492","1.1.1","host","USB","35","0000000000000000","URB_INTERRUPT in"
"11601","769.883356","1.1.1","host","USB","35","00002c0000000000","URB_INTERRUPT in"
"11603","770.011368","1.1.1","host","USB","35","0000000000000000","URB_INTERRUPT in"
"11605","770.467418","1.1.1","host","USB","35","0000160000000000","URB_INTERRUPT in"
"11607","770.539425","1.1.1","host","USB","35","0000000000000000","URB_INTERRUPT in"
"11609","770.555427","1.1.1","host","USB","35","00000b0000000000","URB_INTERRUPT in"
"11611","770.635435","1.1.1","host","USB","35","0000000000000000","URB_INTERRUPT in"
"11613","770.643436","1.1.1","host","USB","35","0000040000000000","URB_INTERRUPT in"
"11615","770.739449","1.1.1","host","USB","35","0000000000000000","URB_INTERRUPT in"
"11617","770.747450","1.1.1","host","USB","35","0000130000000000","URB_INTERRUPT in"
"11619","770.843458","1.1.1","host","USB","35","0000000000000000","URB_INTERRUPT in"
"11621","770.859461","1.1.1","host","USB","35","0000080000000000","URB_INTERRUPT in"
"11623","770.931470","1.1.1","host","USB","35","0000000000000000","URB_INTERRUPT in"
"11625","770.963473","1.1.1","host","USB","35","00002c0000000000","URB_INTERRUPT in"
"11627","771.075493","1.1.1","host","USB","35","0000000000000000","URB_INTERRUPT in"
"11629","771.083488","1.1.1","host","USB","35","00001a0000000000","URB_INTERRUPT in"
"11631","771.179501","1.1.1","host","USB","35","0000000000000000","URB_INTERRUPT in"
"11633","771.187495","1.1.1","host","USB","35","0000040000000000","URB_INTERRUPT in"
"11635","771.283521","1.1.1","host","USB","35","0000041600000000","URB_INTERRUPT in"
"11637","771.331525","1.1.1","host","USB","35","0000160000000000","URB_INTERRUPT in"
"11639","771.403534","1.1.1","host","USB","35","0000000000000000","URB_INTERRUPT in"
"11641","771.411529","1.1.1","host","USB","35","0000110000000000","URB_INTERRUPT in"
"11643","771.499536","1.1.1","host","USB","35","0000000000000000","URB_INTERRUPT in"
"11645","771.659551","1.1.1","host","USB","35","0000340000000000","URB_INTERRUPT in"
"11647","771.787566","1.1.1","host","USB","35","0000000000000000","URB_INTERRUPT in"
"11649","771.819562","1.1.1","host","USB","35","0000170000000000","URB_INTERRUPT in"
"11651","771.899584","1.1.1","host","USB","35","0000000000000000","URB_INTERRUPT in"
"11653","771.923577","1.1.1","host","USB","35","00002c0000000000","URB_INTERRUPT in"
"11655","772.019585","1.1.1","host","USB","35","0000000000000000","URB_INTERRUPT in"
"11657","772.147613","1.1.1","host","USB","35","0000180000000000","URB_INTERRUPT in"
"11659","772.195612","1.1.1","host","USB","35","0000181100000000","URB_INTERRUPT in"
"11661","772.227612","1.1.1","host","USB","35","0000110000000000","URB_INTERRUPT in"
"11663","772.283621","1.1.1","host","USB","35","0000000000000000","URB_INTERRUPT in"
"11665","772.331624","1.1.1","host","USB","35","0000160000000000","URB_INTERRUPT in"
"11667","772.411635","1.1.1","host","USB","35","0000160800000000","URB_INTERRUPT in"
"11669","772.467640","1.1.1","host","USB","35","0000080000000000","URB_INTERRUPT in"
"11671","772.491638","1.1.1","host","USB","35","0000000000000000","URB_INTERRUPT in"
"11673","772.683665","1.1.1","host","USB","35","0000170000000000","URB_INTERRUPT in"
"11675","772.763674","1.1.1","host","USB","35","0000000000000000","URB_INTERRUPT in"
"11677","772.851679","1.1.1","host","USB","35","0000170000000000","URB_INTERRUPT in"
"11679","772.931689","1.1.1","host","USB","35","0000000000000000","URB_INTERRUPT in"
"11681","772.963708","1.1.1","host","USB","35","00000f0000000000","URB_INTERRUPT in"
"11683","773.035700","1.1.1","host","USB","35","0000000000000000","URB_INTERRUPT in"
"11685","773.171708","1.1.1","host","USB","35","00000c0000000000","URB_INTERRUPT in"
"11687","773.235715","1.1.1","host","USB","35","00000c1100000000","URB_INTERRUPT in"
"11689","773.275715","1.1.1","host","USB","35","0000110000000000","URB_INTERRUPT in"
"11691","773.307730","1.1.1","host","USB","35","0000000000000000","URB_INTERRUPT in"
"11693","773.315720","1.1.1","host","USB","35","00000a0000000000","URB_INTERRUPT in"
"11695","773.387733","1.1.1","host","USB","35","0000000000000000","URB_INTERRUPT in"
"11697","773.419733","1.1.1","host","USB","35","00002c0000000000","URB_INTERRUPT in"
"11699","773.515749","1.1.1","host","USB","35","0000000000000000","URB_INTERRUPT in"
"11701","773.563746","1.1.1","host","USB","35","0000080000000000","URB_INTERRUPT in"
"11703","773.603750","1.1.1","host","USB","35","0000000000000000","URB_INTERRUPT in"
"11705","773.635759","1.1.1","host","USB","35","0000110000000000","URB_INTERRUPT in"
"11707","773.699760","1.1.1","host","USB","35","0000000000000000","URB_INTERRUPT in"
"11709","773.803773","1.1.1","host","USB","35","0000120000000000","URB_INTERRUPT in"
"11711","773.875782","1.1.1","host","USB","35","0000121800000000","URB_INTERRUPT in"
"11713","773.899782","1.1.1","host","USB","35","0000180000000000","URB_INTERRUPT in"
"11715","773.931783","1.1.1","host","USB","35","0000180a00000000","URB_INTERRUPT in"
"11717","773.939789","1.1.1","host","USB","35","00000a0000000000","URB_INTERRUPT in"
"11719","774.003796","1.1.1","host","USB","35","00000a0b00000000","URB_INTERRUPT in"
"11721","774.019802","1.1.1","host","USB","35","00000b0000000000","URB_INTERRUPT in"
"11723","774.067800","1.1.1","host","USB","35","0000000000000000","URB_INTERRUPT in"
"11725","774.339835","1.1.1","host","USB","35","0000360000000000","URB_INTERRUPT in"
"11727","774.435844","1.1.1","host","USB","35","0000000000000000","URB_INTERRUPT in"
"11729","774.443855","1.1.1","host","USB","35","00002c0000000000","URB_INTERRUPT in"
"11731","774.539864","1.1.1","host","USB","35","0000000000000000","URB_INTERRUPT in"
"11733","774.571870","1.1.1","host","USB","35","0000170000000000","URB_INTERRUPT in"
"11735","774.643869","1.1.1","host","USB","35","0000000000000000","URB_INTERRUPT in"
"11737","774.667869","1.1.1","host","USB","35","00000b0000000000","URB_INTERRUPT in"
"11739","774.739879","1.1.1","host","USB","35","00000b0800000000","URB_INTERRUPT in"
"11741","774.747888","1.1.1","host","USB","35","0000080000000000","URB_INTERRUPT in"
"11743","774.819895","1.1.1","host","USB","35","0000000000000000","URB_INTERRUPT in"
"11745","774.843888","1.1.1","host","USB","35","00002c0000000000","URB_INTERRUPT in"
"11747","774.915897","1.1.1","host","USB","35","0000000000000000","URB_INTERRUPT in"
"11749","774.971902","1.1.1","host","USB","35","00001a0000000000","URB_INTERRUPT in"
"11751","775.051918","1.1.1","host","USB","35","0000000000000000","URB_INTERRUPT in"
"11753","775.075910","1.1.1","host","USB","35","00000b0000000000","URB_INTERRUPT in"
"11755","775.131919","1.1.1","host","USB","35","0000000000000000","URB_INTERRUPT in"
"11757","775.243932","1.1.1","host","USB","35","0000120000000000","URB_INTERRUPT in"
"11759","775.315947","1.1.1","host","USB","35","0000000000000000","URB_INTERRUPT in"
"11761","775.579966","1.1.1","host","USB","35","00000f0000000000","URB_INTERRUPT in"
"11763","775.667975","1.1.1","host","USB","35","0000000000000000","URB_INTERRUPT in"
"11765","775.731985","1.1.1","host","USB","35","0000080000000000","URB_INTERRUPT in"
"11767","775.803984","1.1.1","host","USB","35","0000000000000000","URB_INTERRUPT in"
"11769","776.380049","1.1.1","host","USB","35","00002c0000000000","URB_INTERRUPT in"
"11771","776.476057","1.1.1","host","USB","35","0000000000000000","URB_INTERRUPT in"
"11773","776.588104","1.1.1","host","USB","35","0000130000000000","URB_INTERRUPT in"
"11775","776.684086","1.1.1","host","USB","35","0000000000000000","URB_INTERRUPT in"
"11777","776.692091","1.1.1","host","USB","35","0000150000000000","URB_INTERRUPT in"
"11779","776.756091","1.1.1","host","USB","35","0000000000000000","URB_INTERRUPT in"
"11781","776.804100","1.1.1","host","USB","35","0000120000000000","URB_INTERRUPT in"
"11783","776.892117","1.1.1","host","USB","35","0000000000000000","URB_INTERRUPT in"
"11785","776.932112","1.1.1","host","USB","35","0000060000000000","URB_INTERRUPT in"
"11787","776.988123","1.1.1","host","USB","35","0000060800000000","URB_INTERRUPT in"
"11789","777.012128","1.1.1","host","USB","35","0000080000000000","URB_INTERRUPT in"
"11791","777.068132","1.1.1","host","USB","35","0000000000000000","URB_INTERRUPT in"
"11793","777.284150","1.1.1","host","USB","35","0000160000000000","URB_INTERRUPT in"
"11795","777.332154","1.1.1","host","USB","35","0000000000000000","URB_INTERRUPT in"
"11797","777.436168","1.1.1","host","USB","35","0000160000000000","URB_INTERRUPT in"
"11799","777.508180","1.1.1","host","USB","35","0000000000000000","URB_INTERRUPT in"
"11801","777.516173","1.1.1","host","USB","35","00002c0000000000","URB_INTERRUPT in"
"11803","777.620187","1.1.1","host","USB","35","0000000000000000","URB_INTERRUPT in"
"11805","777.828214","1.1.1","host","USB","35","0000090000000000","URB_INTERRUPT in"
"11807","777.908225","1.1.1","host","USB","35","0000000000000000","URB_INTERRUPT in"
"11809","778.148248","1.1.1","host","USB","35","00002a0000000000","URB_INTERRUPT in"
"11811","778.244259","1.1.1","host","USB","35","00002a1200000000","URB_INTERRUPT in"
"11813","778.252254","1.1.1","host","USB","35","0000120000000000","URB_INTERRUPT in"
"11815","778.332261","1.1.1","host","USB","35","0000000000000000","URB_INTERRUPT in"
"11817","778.340256","1.1.1","host","USB","35","0000090000000000","URB_INTERRUPT in"
"11819","778.404273","1.1.1","host","USB","35","0000000000000000","URB_INTERRUPT in"
"11821","778.452275","1.1.1","host","USB","35","00002c0000000000","URB_INTERRUPT in"
"11823","778.540292","1.1.1","host","USB","35","0000000000000000","URB_INTERRUPT in"
"11825","778.588289","1.1.1","host","USB","35","0000070000000000","URB_INTERRUPT in"
"11827","778.636299","1.1.1","host","USB","35","0000000000000000","URB_INTERRUPT in"
"11829","778.692291","1.1.1","host","USB","35","0000180000000000","URB_INTERRUPT in"
"11831","778.780301","1.1.1","host","USB","35","0000000000000000","URB_INTERRUPT in"
"11833","778.788300","1.1.1","host","USB","35","0000060000000000","URB_INTERRUPT in"
"11835","778.892318","1.1.1","host","USB","35","0000000000000000","URB_INTERRUPT in"
"11837","778.924325","1.1.1","host","USB","35","00000e0000000000","URB_INTERRUPT in"
"11839","779.004325","1.1.1","host","USB","35","0000000000000000","URB_INTERRUPT in"
"11841","779.084337","1.1.1","host","USB","35","00002c0000000000","URB_INTERRUPT in"
"11843","779.172343","1.1.1","host","USB","35","0000000000000000","URB_INTERRUPT in"
"11845","779.252362","1.1.1","host","USB","35","0000150000000000","URB_INTERRUPT in"
"11847","779.324359","1.1.1","host","USB","35","0000150800000000","URB_INTERRUPT in"
"11849","779.356367","1.1.1","host","USB","35","0000080000000000","URB_INTERRUPT in"
"11851","779.388365","1.1.1","host","USB","35","0000000000000000","URB_INTERRUPT in"
"11853","779.508374","1.1.1","host","USB","35","0000130000000000","URB_INTERRUPT in"
"11855","779.628391","1.1.1","host","USB","35","0000000000000000","URB_INTERRUPT in"
"11857","779.708398","1.1.1","host","USB","35","0000150000000000","URB_INTERRUPT in"
"11859","779.772409","1.1.1","host","USB","35","0000000000000000","URB_INTERRUPT in"
"11861","779.804423","1.1.1","host","USB","35","0000120000000000","URB_INTERRUPT in"
"11863","779.884435","1.1.1","host","USB","35","0000000000000000","URB_INTERRUPT in"
"11865","779.980446","1.1.1","host","USB","35","0000070000000000","URB_INTERRUPT in"
"11867","780.060443","1.1.1","host","USB","35","0000000000000000","URB_INTERRUPT in"
"11869","780.132453","1.1.1","host","USB","35","0000180000000000","URB_INTERRUPT in"
"11871","780.188468","1.1.1","host","USB","35","0000000000000000","URB_INTERRUPT in"
"11873","780.212461","1.1.1","host","USB","35","0000060000000000","URB_INTERRUPT in"
"11875","780.292469","1.1.1","host","USB","35","0000000000000000","URB_INTERRUPT in"
"11877","780.420490","1.1.1","host","USB","35","0000170000000000","URB_INTERRUPT in"
"11879","780.484497","1.1.1","host","USB","35","0000000000000000","URB_INTERRUPT in"
"11881","780.508485","1.1.1","host","USB","35","00000c0000000000","URB_INTERRUPT in"
"11883","780.580507","1.1.1","host","USB","35","00000c1200000000","URB_INTERRUPT in"
"11885","780.628512","1.1.1","host","USB","35","0000120000000000","URB_INTERRUPT in"
"11887","780.644512","1.1.1","host","USB","35","0000000000000000","URB_INTERRUPT in"
"11889","780.892525","1.1.1","host","USB","35","0000110000000000","URB_INTERRUPT in"
"11891","780.956539","1.1.1","host","USB","35","0000000000000000","URB_INTERRUPT in"
"11893","781.060541","1.1.1","host","USB","35","00002c0000000000","URB_INTERRUPT in"
"11895","781.164564","1.1.1","host","USB","35","0000000000000000","URB_INTERRUPT in"
"11897","781.308579","1.1.1","host","USB","35","00000c0000000000","URB_INTERRUPT in"
"11899","781.356576","1.1.1","host","USB","35","0000000000000000","URB_INTERRUPT in"
"11901","781.372580","1.1.1","host","USB","35","0000160000000000","URB_INTERRUPT in"
"11903","781.436582","1.1.1","host","USB","35","0000000000000000","URB_INTERRUPT in"
"11905","781.492587","1.1.1","host","USB","35","00002c0000000000","URB_INTERRUPT in"
"11907","781.580598","1.1.1","host","USB","35","0000000000000000","URB_INTERRUPT in"
"11909","781.900636","1.1.1","host","USB","35","0000090000000000","URB_INTERRUPT in"
"11911","781.996651","1.1.1","host","USB","35","0000091500000000","URB_INTERRUPT in"
"11913","782.012650","1.1.1","host","USB","35","0000150000000000","URB_INTERRUPT in"
"11915","782.060655","1.1.1","host","USB","35","0000000000000000","URB_INTERRUPT in"
"11917","782.164664","1.1.1","host","USB","35","0000040000000000","URB_INTERRUPT in"
"11919","782.268688","1.1.1","host","USB","35","0000000000000000","URB_INTERRUPT in"
"11921","782.876753","1.1.1","host","USB","35","0000180000000000","URB_INTERRUPT in"
"11923","782.964753","1.1.1","host","USB","35","0000000000000000","URB_INTERRUPT in"
"11925","783.116775","1.1.1","host","USB","35","00000a0000000000","URB_INTERRUPT in"
"11927","783.156773","1.1.1","host","USB","35","0000000000000000","URB_INTERRUPT in"
"11929","783.268790","1.1.1","host","USB","35","00000b0000000000","URB_INTERRUPT in"
"11931","783.340796","1.1.1","host","USB","35","0000000000000000","URB_INTERRUPT in"
"11933","783.372801","1.1.1","host","USB","35","0000170000000000","URB_INTERRUPT in"
"11935","783.444810","1.1.1","host","USB","35","0000000000000000","URB_INTERRUPT in"
"11937","783.492804","1.1.1","host","USB","35","00002c0000000000","URB_INTERRUPT in"
"11939","783.564817","1.1.1","host","USB","35","0000000000000000","URB_INTERRUPT in"
"11941","783.644827","1.1.1","host","USB","35","00001a0000000000","URB_INTERRUPT in"
"11943","783.708841","1.1.1","host","USB","35","00000c0000000000","URB_INTERRUPT in"
"11945","783.780847","1.1.1","host","USB","35","0000000000000000","URB_INTERRUPT in"
"11947","783.844847","1.1.1","host","USB","35","0000170000000000","URB_INTERRUPT in"
"11949","783.892857","1.1.1","host","USB","35","0000170b00000000","URB_INTERRUPT in"
"11951","783.908862","1.1.1","host","USB","35","00000b0000000000","URB_INTERRUPT in"
"11953","783.964864","1.1.1","host","USB","35","0000000000000000","URB_INTERRUPT in"
"11955","784.060866","1.1.1","host","USB","35","00002c0000000000","URB_INTERRUPT in"
"11957","784.148878","1.1.1","host","USB","35","0000000000000000","URB_INTERRUPT in"
"11959","784.580914","1.1.1","host","USB","35","00001a0000000000","URB_INTERRUPT in"
"11961","784.708929","1.1.1","host","USB","35","0000000000000000","URB_INTERRUPT in"
"11963","784.980960","1.1.1","host","USB","35","0000080000000000","URB_INTERRUPT in"
"11965","785.068969","1.1.1","host","USB","35","0000000000000000","URB_INTERRUPT in"
"11967","785.116973","1.1.1","host","USB","35","00000c0000000000","URB_INTERRUPT in"
"11969","785.196981","1.1.1","host","USB","35","0000000000000000","URB_INTERRUPT in"
"11971","785.212982","1.1.1","host","USB","35","0000150000000000","URB_INTERRUPT in"
"11973","785.292998","1.1.1","host","USB","35","0000000000000000","URB_INTERRUPT in"
"11975","785.405011","1.1.1","host","USB","35","0000070000000000","URB_INTERRUPT in"
"11977","785.485019","1.1.1","host","USB","35","0000000000000000","URB_INTERRUPT in"
"11979","785.661037","1.1.1","host","USB","35","0000110000000000","URB_INTERRUPT in"
"11981","785.741055","1.1.1","host","USB","35","0000110800000000","URB_INTERRUPT in"
"11983","785.757055","1.1.1","host","USB","35","0000080000000000","URB_INTERRUPT in"
"11985","785.829057","1.1.1","host","USB","35","0000000000000000","URB_INTERRUPT in"
"11987","785.901072","1.1.1","host","USB","35","0000160000000000","URB_INTERRUPT in"
"11989","785.981081","1.1.1","host","USB","35","0000000000000000","URB_INTERRUPT in"
"11991","786.053083","1.1.1","host","USB","35","0000160000000000","URB_INTERRUPT in"
"11993","786.157093","1.1.1","host","USB","35","0000000000000000","URB_INTERRUPT in"
"11995","786.397111","1.1.1","host","USB","35","00002c0000000000","URB_INTERRUPT in"
"11997","786.485120","1.1.1","host","USB","35","0000000000000000","URB_INTERRUPT in"
"11999","786.517124","1.1.1","host","USB","35","0000040000000000","URB_INTERRUPT in"
"12001","786.605131","1.1.1","host","USB","35","0000041100000000","URB_INTERRUPT in"
"12003","786.629134","1.1.1","host","USB","35","0000110000000000","URB_INTERRUPT in"
"12005","786.701140","1.1.1","host","USB","35","0000000000000000","URB_INTERRUPT in"
"12007","786.709141","1.1.1","host","USB","35","0000070000000000","URB_INTERRUPT in"
"12009","786.829164","1.1.1","host","USB","35","0000000000000000","URB_INTERRUPT in"
"12011","787.181195","1.1.1","host","USB","35","0000360000000000","URB_INTERRUPT in"
"12013","787.253201","1.1.1","host","USB","35","0000362c00000000","URB_INTERRUPT in"
"12015","787.293204","1.1.1","host","USB","35","00002c0000000000","URB_INTERRUPT in"
"12017","787.365223","1.1.1","host","USB","35","0000000000000000","URB_INTERRUPT in"
"12019","787.461222","1.1.1","host","USB","35","0000090000000000","URB_INTERRUPT in"
"12021","787.557249","1.1.1","host","USB","35","0000091500000000","URB_INTERRUPT in"
"12023","787.581241","1.1.1","host","USB","35","0000150000000000","URB_INTERRUPT in"
"12025","787.645256","1.1.1","host","USB","35","0000000000000000","URB_INTERRUPT in"
"12027","787.733253","1.1.1","host","USB","35","0000040000000000","URB_INTERRUPT in"
"12029","787.813264","1.1.1","host","USB","35","0000041100000000","URB_INTERRUPT in"
"12031","787.829276","1.1.1","host","USB","35","0000110000000000","URB_INTERRUPT in"
"12033","787.901284","1.1.1","host","USB","35","0000000000000000","URB_INTERRUPT in"
"12035","787.997288","1.1.1","host","USB","35","00000e0000000000","URB_INTERRUPT in"
"12037","788.085303","1.1.1","host","USB","35","0000000000000000","URB_INTERRUPT in"
"12039","788.221310","1.1.1","host","USB","35","00000f0000000000","URB_INTERRUPT in"
"12041","788.309329","1.1.1","host","USB","35","0000000000000000","URB_INTERRUPT in"
"12043","788.357333","1.1.1","host","USB","35","00001c0000000000","URB_INTERRUPT in"
"12045","788.453337","1.1.1","host","USB","35","0000000000000000","URB_INTERRUPT in"
"12047","788.517349","1.1.1","host","USB","35","00002c0000000000","URB_INTERRUPT in"
"12049","788.629353","1.1.1","host","USB","35","0000000000000000","URB_INTERRUPT in"
"12051","789.869481","1.1.1","host","USB","35","0000050000000000","URB_INTERRUPT in"
"12053","789.941487","1.1.1","host","USB","35","0000000000000000","URB_INTERRUPT in"
"12055","790.229519","1.1.1","host","USB","35","00002a0000000000","URB_INTERRUPT in"
"12057","790.277526","1.1.1","host","USB","35","0000000000000000","URB_INTERRUPT in"
"12059","790.357540","1.1.1","host","USB","35","00002a0000000000","URB_INTERRUPT in"
"12061","790.421536","1.1.1","host","USB","35","0000000000000000","URB_INTERRUPT in"
"12063","790.581555","1.1.1","host","USB","35","0000360000000000","URB_INTERRUPT in"
"12065","790.645561","1.1.1","host","USB","35","0000362c00000000","URB_INTERRUPT in"
"12067","790.693567","1.1.1","host","USB","35","00002c0000000000","URB_INTERRUPT in"
"12069","790.781586","1.1.1","host","USB","35","0000000000000000","URB_INTERRUPT in"
"12071","790.837586","1.1.1","host","USB","35","0000050000000000","URB_INTERRUPT in"
"12073","790.917595","1.1.1","host","USB","35","0000000000000000","URB_INTERRUPT in"
"12075","790.997606","1.1.1","host","USB","35","00000c0000000000","URB_INTERRUPT in"
"12077","791.045610","1.1.1","host","USB","35","00000c1200000000","URB_INTERRUPT in"
"12079","791.085613","1.1.1","host","USB","35","0000120000000000","URB_INTERRUPT in"
"12081","791.125613","1.1.1","host","USB","35","0000000000000000","URB_INTERRUPT in"
"12083","791.245634","1.1.1","host","USB","35","00000f0000000000","URB_INTERRUPT in"
"12085","791.333652","1.1.1","host","USB","35","0000000000000000","URB_INTERRUPT in"
"12087","791.341647","1.1.1","host","USB","35","0000080000000000","URB_INTERRUPT in"
"12089","791.437663","1.1.1","host","USB","35","0000000000000000","URB_INTERRUPT in"
"12091","791.709684","1.1.1","host","USB","35","00002a0000000000","URB_INTERRUPT in"
"12093","791.749690","1.1.1","host","USB","35","0000000000000000","URB_INTERRUPT in"
"12095","791.765678","1.1.1","host","USB","35","0100000000000000","URB_INTERRUPT in"
"12097","791.861697","1.1.1","host","USB","35","01002a0000000000","URB_INTERRUPT in"
"12099","791.925699","1.1.1","host","USB","35","0100000000000000","URB_INTERRUPT in"
"12101","791.965703","1.1.1","host","USB","35","0000000000000000","URB_INTERRUPT in"
"12103","792.829792","1.1.1","host","USB","35","0000190000000000","URB_INTERRUPT in"
"12105","792.933809","1.1.1","host","USB","35","0000000000000000","URB_INTERRUPT in"
"12107","792.973818","1.1.1","host","USB","35","00000c0000000000","URB_INTERRUPT in"
"12109","793.061824","1.1.1","host","USB","35","00000c1200000000","URB_INTERRUPT in"
"12111","793.101838","1.1.1","host","USB","35","0000120000000000","URB_INTERRUPT in"
"12113","793.149831","1.1.1","host","USB","35","0000000000000000","URB_INTERRUPT in"
"12115","793.517875","1.1.1","host","USB","35","00000f0000000000","URB_INTERRUPT in"
"12117","793.589890","1.1.1","host","USB","35","0000000000000000","URB_INTERRUPT in"
"12119","793.605887","1.1.1","host","USB","35","0000080000000000","URB_INTERRUPT in"
"12121","793.677891","1.1.1","host","USB","35","0000000000000000","URB_INTERRUPT in"
"12123","793.709886","1.1.1","host","USB","35","0000110000000000","URB_INTERRUPT in"
"12125","793.805906","1.1.1","host","USB","35","0000000000000000","URB_INTERRUPT in"
"12127","793.853903","1.1.1","host","USB","35","0000060000000000","URB_INTERRUPT in"
"12129","793.933915","1.1.1","host","USB","35","0000060800000000","URB_INTERRUPT in"
"12131","793.965926","1.1.1","host","USB","35","0000080000000000","URB_INTERRUPT in"
"12133","794.005939","1.1.1","host","USB","35","0000000000000000","URB_INTERRUPT in"
"12135","796.422190","1.1.1","host","USB","35","0000370000000000","URB_INTERRUPT in"
"12137","796.478204","1.1.1","host","USB","35","0000000000000000","URB_INTERRUPT in"
"12139","797.574296","1.1.1","host","USB","35","00002c0000000000","URB_INTERRUPT in"
"12141","797.662309","1.1.1","host","USB","35","02002c0000000000","URB_INTERRUPT in"
"12143","797.678308","1.1.1","host","USB","35","0200000000000000","URB_INTERRUPT in"
"12145","797.734315","1.1.1","host","USB","35","0200090000000000","URB_INTERRUPT in"
"12147","797.830325","1.1.1","host","USB","35","0000090000000000","URB_INTERRUPT in"
"12149","797.846326","1.1.1","host","USB","35","0000000000000000","URB_INTERRUPT in"
"12151","797.934339","1.1.1","host","USB","35","0000080000000000","URB_INTERRUPT in"
"12153","798.014343","1.1.1","host","USB","35","0000000000000000","URB_INTERRUPT in"
"12155","798.126359","1.1.1","host","USB","35","0000100000000000","URB_INTERRUPT in"
"12157","798.214373","1.1.1","host","USB","35","0000000000000000","URB_INTERRUPT in"
"12159","798.238366","1.1.1","host","USB","35","0000040000000000","URB_INTERRUPT in"
"12161","798.326377","1.1.1","host","USB","35","0000000000000000","URB_INTERRUPT in"
"12163","798.806437","1.1.1","host","USB","35","00000f0000000000","URB_INTERRUPT in"
"12165","798.886444","1.1.1","host","USB","35","0000080000000000","URB_INTERRUPT in"
"12167","798.966460","1.1.1","host","USB","35","0000000000000000","URB_INTERRUPT in"
"12169","799.014456","1.1.1","host","USB","35","00002c0000000000","URB_INTERRUPT in"
"12171","799.126468","1.1.1","host","USB","35","0000000000000000","URB_INTERRUPT in"
"12173","799.206486","1.1.1","host","USB","35","0000070000000000","URB_INTERRUPT in"
"12175","799.286491","1.1.1","host","USB","35","0000000000000000","URB_INTERRUPT in"
"12177","799.366493","1.1.1","host","USB","35","0000180000000000","URB_INTERRUPT in"
"12179","799.438511","1.1.1","host","USB","35","0000000000000000","URB_INTERRUPT in"
"12181","799.446499","1.1.1","host","USB","35","0000060000000000","URB_INTERRUPT in"
"12183","799.542521","1.1.1","host","USB","35","0000000000000000","URB_INTERRUPT in"
"12185","799.702533","1.1.1","host","USB","35","0000160000000000","URB_INTERRUPT in"
"12187","799.774543","1.1.1","host","USB","35","0000000000000000","URB_INTERRUPT in"
"12189","800.158587","1.1.1","host","USB","35","00002a0000000000","URB_INTERRUPT in"
"12191","800.230586","1.1.1","host","USB","35","0000000000000000","URB_INTERRUPT in"
"12193","800.478621","1.1.1","host","USB","35","00000e0000000000","URB_INTERRUPT in"
"12195","800.550621","1.1.1","host","USB","35","0000000000000000","URB_INTERRUPT in"
"12197","800.574621","1.1.1","host","USB","35","0000160000000000","URB_INTERRUPT in"
"12199","800.638637","1.1.1","host","USB","35","0000000000000000","URB_INTERRUPT in"
"12201","800.734641","1.1.1","host","USB","35","0000360000000000","URB_INTERRUPT in"
"12203","800.798638","1.1.1","host","USB","35","0000362c00000000","URB_INTERRUPT in"
"12205","800.854647","1.1.1","host","USB","35","00002c0000000000","URB_INTERRUPT in"
"12207","800.910651","1.1.1","host","USB","35","0000000000000000","URB_INTERRUPT in"
"12209","801.094673","1.1.1","host","USB","35","00000c0000000000","URB_INTERRUPT in"
"12211","801.174678","1.1.1","host","USB","35","0000000000000000","URB_INTERRUPT in"
"12213","801.198682","1.1.1","host","USB","35","0000170000000000","URB_INTERRUPT in"
"12215","801.262699","1.1.1","host","USB","35","0000000000000000","URB_INTERRUPT in"
"12217","801.406704","1.1.1","host","USB","35","00002c0000000000","URB_INTERRUPT in"
"12219","801.542719","1.1.1","host","USB","35","0000000000000000","URB_INTERRUPT in"
"12221","803.006875","1.1.1","host","USB","35","0000170000000000","URB_INTERRUPT in"
"12223","803.102885","1.1.1","host","USB","35","0000000000000000","URB_INTERRUPT in"
"12225","803.150890","1.1.1","host","USB","35","0000180000000000","URB_INTERRUPT in"
"12227","803.238899","1.1.1","host","USB","35","0000000000000000","URB_INTERRUPT in"
"12229","803.254899","1.1.1","host","USB","35","0000150000000000","URB_INTERRUPT in"
"12231","803.334907","1.1.1","host","USB","35","0000000000000000","URB_INTERRUPT in"
"12233","803.366914","1.1.1","host","USB","35","0000110000000000","URB_INTERRUPT in"
"12235","803.446923","1.1.1","host","USB","35","0000000000000000","URB_INTERRUPT in"
"12237","803.478928","1.1.1","host","USB","35","0000160000000000","URB_INTERRUPT in"
"12239","803.606947","1.1.1","host","USB","35","0000000000000000","URB_INTERRUPT in"
"12241","803.622940","1.1.1","host","USB","35","00002c0000000000","URB_INTERRUPT in"
"12243","803.710951","1.1.1","host","USB","35","0000000000000000","URB_INTERRUPT in"
"12245","803.870965","1.1.1","host","USB","35","0000120000000000","URB_INTERRUPT in"
"12247","803.950975","1.1.1","host","USB","35","0000121800000000","URB_INTERRUPT in"
"12249","804.006984","1.1.1","host","USB","35","0000180000000000","URB_INTERRUPT in"
"12251","804.014980","1.1.1","host","USB","35","0000181700000000","URB_INTERRUPT in"
"12253","804.022996","1.1.1","host","USB","35","0000170000000000","URB_INTERRUPT in"
"12255","804.078995","1.1.1","host","USB","35","0000000000000000","URB_INTERRUPT in"
"12257","804.231017","1.1.1","host","USB","35","0000360000000000","URB_INTERRUPT in"
"12259","804.271013","1.1.1","host","USB","35","0000362c00000000","URB_INTERRUPT in"
"12261","804.335029","1.1.1","host","USB","35","00002c0000000000","URB_INTERRUPT in"
"12263","804.375034","1.1.1","host","USB","35","0000000000000000","URB_INTERRUPT in"
"12265","804.439026","1.1.1","host","USB","35","0000080000000000","URB_INTERRUPT in"
"12267","804.551044","1.1.1","host","USB","35","0000000000000000","URB_INTERRUPT in"
"12269","804.655065","1.1.1","host","USB","35","0000190000000000","URB_INTERRUPT in"
"12271","804.751073","1.1.1","host","USB","35","0000000000000000","URB_INTERRUPT in"
"12273","804.855068","1.1.1","host","USB","35","0000120000000000","URB_INTERRUPT in"
"12275","804.919083","1.1.1","host","USB","35","0000000000000000","URB_INTERRUPT in"
"12277","805.047102","1.1.1","host","USB","35","00000f0000000000","URB_INTERRUPT in"
"12279","805.119107","1.1.1","host","USB","35","0000000000000000","URB_INTERRUPT in"
"12281","805.175119","1.1.1","host","USB","35","0000190000000000","URB_INTERRUPT in"
"12283","805.255130","1.1.1","host","USB","35","0000000000000000","URB_INTERRUPT in"
"12285","805.311123","1.1.1","host","USB","35","0000080000000000","URB_INTERRUPT in"
"12287","805.399147","1.1.1","host","USB","35","0000000000000000","URB_INTERRUPT in"
"12289","805.495154","1.1.1","host","USB","35","0000070000000000","URB_INTERRUPT in"
"12291","805.583162","1.1.1","host","USB","35","0000000000000000","URB_INTERRUPT in"
"12293","805.631167","1.1.1","host","USB","35","00002c0000000000","URB_INTERRUPT in"
"12295","805.735181","1.1.1","host","USB","35","0000000000000000","URB_INTERRUPT in"
"12297","805.823185","1.1.1","host","USB","35","0000040000000000","URB_INTERRUPT in"
"12299","805.919198","1.1.1","host","USB","35","0000000000000000","URB_INTERRUPT in"
"12301","805.943200","1.1.1","host","USB","35","00002c0000000000","URB_INTERRUPT in"
"12303","806.047205","1.1.1","host","USB","35","0000000000000000","URB_INTERRUPT in"
"12305","806.143228","1.1.1","host","USB","35","0000060000000000","URB_INTERRUPT in"
"12307","806.239218","1.1.1","host","USB","35","0000000000000000","URB_INTERRUPT in"
"12309","806.255222","1.1.1","host","USB","35","0000120000000000","URB_INTERRUPT in"
"12311","806.343228","1.1.1","host","USB","35","0000121800000000","URB_INTERRUPT in"
"12313","806.391236","1.1.1","host","USB","35","0000180000000000","URB_INTERRUPT in"
"12315","806.407233","1.1.1","host","USB","35","0000000000000000","URB_INTERRUPT in"
"12317","806.559260","1.1.1","host","USB","35","0000110000000000","URB_INTERRUPT in"
"12319","806.655263","1.1.1","host","USB","35","0000000000000000","URB_INTERRUPT in"
"12321","806.695264","1.1.1","host","USB","35","0000170000000000","URB_INTERRUPT in"
"12323","806.775275","1.1.1","host","USB","35","0000000000000000","URB_INTERRUPT in"
"12325","806.847290","1.1.1","host","USB","35","0000080000000000","URB_INTERRUPT in"
"12327","806.943292","1.1.1","host","USB","35","0000081500000000","URB_INTERRUPT in"
"12329","806.967303","1.1.1","host","USB","35","0000150000000000","URB_INTERRUPT in"
"12331","807.023301","1.1.1","host","USB","35","0000000000000000","URB_INTERRUPT in"
"12333","807.047301","1.1.1","host","USB","35","00002c0000000000","URB_INTERRUPT in"
"12335","807.159327","1.1.1","host","USB","35","0000000000000000","URB_INTERRUPT in"
"12337","807.855417","1.1.1","host","USB","35","00002a0000000000","URB_INTERRUPT in"
"12339","807.991412","1.1.1","host","USB","35","0000000000000000","URB_INTERRUPT in"
"12341","808.511459","1.1.1","host","USB","35","0000160000000000","URB_INTERRUPT in"
"12343","808.615472","1.1.1","host","USB","35","0000000000000000","URB_INTERRUPT in"
"12345","808.759492","1.1.1","host","USB","35","00002a0000000000","URB_INTERRUPT in"
"12347","808.847501","1.1.1","host","USB","35","0000000000000000","URB_INTERRUPT in"
"12349","808.903502","1.1.1","host","USB","35","00002d0000000000","URB_INTERRUPT in"
"12351","808.975518","1.1.1","host","USB","35","0000000000000000","URB_INTERRUPT in"
"12353","809.055515","1.1.1","host","USB","35","0000160000000000","URB_INTERRUPT in"
"12355","809.143535","1.1.1","host","USB","35","0000000000000000","URB_INTERRUPT in"
"12357","809.215540","1.1.1","host","USB","35","0000130000000000","URB_INTERRUPT in"
"12359","809.327544","1.1.1","host","USB","35","0000130c00000000","URB_INTERRUPT in"
"12361","809.383552","1.1.1","host","USB","35","00000c0000000000","URB_INTERRUPT in"
"12363","809.423555","1.1.1","host","USB","35","0000000000000000","URB_INTERRUPT in"
"12365","809.455559","1.1.1","host","USB","35","0000150000000000","URB_INTERRUPT in"
"12367","809.551570","1.1.1","host","USB","35","0000000000000000","URB_INTERRUPT in"
"12369","809.615578","1.1.1","host","USB","35","0000040000000000","URB_INTERRUPT in"
"12371","809.695597","1.1.1","host","USB","35","0000000000000000","URB_INTERRUPT in"
"12373","809.751600","1.1.1","host","USB","35","00000f0000000000","URB_INTERRUPT in"
"12375","809.855608","1.1.1","host","USB","35","0000000000000000","URB_INTERRUPT in"
"12377","812.719905","1.1.1","host","USB","35","00002c0000000000","URB_INTERRUPT in"
"12379","812.815926","1.1.1","host","USB","35","0000000000000000","URB_INTERRUPT in"
"12381","812.855934","1.1.1","host","USB","35","0000170000000000","URB_INTERRUPT in"
"12383","812.935935","1.1.1","host","USB","35","0000000000000000","URB_INTERRUPT in"
"12385","812.983947","1.1.1","host","USB","35","00000b0000000000","URB_INTERRUPT in"
"12387","813.031956","1.1.1","host","USB","35","00000b0400000000","URB_INTERRUPT in"
"12389","813.071949","1.1.1","host","USB","35","0000040000000000","URB_INTERRUPT in"
"12391","813.135964","1.1.1","host","USB","35","0000041700000000","URB_INTERRUPT in"
"12393","813.151960","1.1.1","host","USB","35","0000170000000000","URB_INTERRUPT in"
"12395","813.215968","1.1.1","host","USB","35","0000000000000000","URB_INTERRUPT in"
"12397","813.335980","1.1.1","host","USB","35","0000340000000000","URB_INTERRUPT in"
"12399","813.455997","1.1.1","host","USB","35","0000000000000000","URB_INTERRUPT in"
"12401","813.488000","1.1.1","host","USB","35","0000160000000000","URB_INTERRUPT in"
"12403","813.560000","1.1.1","host","USB","35","0000000000000000","URB_INTERRUPT in"
"12405","813.608015","1.1.1","host","USB","35","00002c0000000000","URB_INTERRUPT in"
"12407","813.704026","1.1.1","host","USB","35","0000000000000000","URB_INTERRUPT in"
"12409","813.872041","1.1.1","host","USB","35","0000150000000000","URB_INTERRUPT in"
"12411","813.952047","1.1.1","host","USB","35","0000000000000000","URB_INTERRUPT in"
"12413","814.016047","1.1.1","host","USB","35","00000c0000000000","URB_INTERRUPT in"
"12415","814.104053","1.1.1","host","USB","35","0000000000000000","URB_INTERRUPT in"
"12417","814.160065","1.1.1","host","USB","35","00000a0000000000","URB_INTERRUPT in"
"12419","814.232067","1.1.1","host","USB","35","00000a0b00000000","URB_INTERRUPT in"
"12421","814.248074","1.1.1","host","USB","35","00000b0000000000","URB_INTERRUPT in"
"12423","814.352081","1.1.1","host","USB","35","00000b1700000000","URB_INTERRUPT in"
"12425","814.360086","1.1.1","host","USB","35","0000170000000000","URB_INTERRUPT in"
"12427","814.448089","1.1.1","host","USB","35","0000000000000000","URB_INTERRUPT in"
"12429","814.560102","1.1.1","host","USB","35","00002d0000000000","URB_INTERRUPT in"
"12431","814.648115","1.1.1","host","USB","35","0000000000000000","URB_INTERRUPT in"
"12433","816.536329","1.1.1","host","USB","35","0100000000000000","URB_INTERRUPT in"
"12435","816.744346","1.1.1","host","USB","35","01002a0000000000","URB_INTERRUPT in"
"12437","816.800352","1.1.1","host","USB","35","0100000000000000","URB_INTERRUPT in"
"12439","817.064383","1.1.1","host","USB","35","01002a0000000000","URB_INTERRUPT in"
"12441","817.152380","1.1.1","host","USB","35","0100000000000000","URB_INTERRUPT in"
"12443","817.696437","1.1.1","host","USB","35","0000000000000000","URB_INTERRUPT in"
"12445","818.136483","1.1.1","host","USB","35","0100000000000000","URB_INTERRUPT in"
"12447","818.168487","1.1.1","host","USB","35","01002a0000000000","URB_INTERRUPT in"
"12449","818.264501","1.1.1","host","USB","35","0100000000000000","URB_INTERRUPT in"
"12451","818.440521","1.1.1","host","USB","35","0000000000000000","URB_INTERRUPT in"
"12453","820.456729","1.1.1","host","USB","35","0000150000000000","URB_INTERRUPT in"
"12455","820.560743","1.1.1","host","USB","35","0000150800000000","URB_INTERRUPT in"
"12457","820.592751","1.1.1","host","USB","35","0000080000000000","URB_INTERRUPT in"
"12459","820.624744","1.1.1","host","USB","35","0000000000000000","URB_INTERRUPT in"
"12461","820.760767","1.1.1","host","USB","35","0000130000000000","URB_INTERRUPT in"
"12463","820.856786","1.1.1","host","USB","35","0000000000000000","URB_INTERRUPT in"
"12465","820.896786","1.1.1","host","USB","35","0000150000000000","URB_INTERRUPT in"
"12467","820.992789","1.1.1","host","USB","35","0000000000000000","URB_INTERRUPT in"
"12469","821.464849","1.1.1","host","USB","35","0000120000000000","URB_INTERRUPT in"
"12471","821.616865","1.1.1","host","USB","35","0000000000000000","URB_INTERRUPT in"
"12473","822.088906","1.1.1","host","USB","35","0000070000000000","URB_INTERRUPT in"
"12475","822.160916","1.1.1","host","USB","35","0000000000000000","URB_INTERRUPT in"
"12477","822.232919","1.1.1","host","USB","35","0000180000000000","URB_INTERRUPT in"
"12479","822.296937","1.1.1","host","USB","35","0000180600000000","URB_INTERRUPT in"
"12481","822.312930","1.1.1","host","USB","35","0000060000000000","URB_INTERRUPT in"
"12483","822.368944","1.1.1","host","USB","35","0000000000000000","URB_INTERRUPT in"
"12485","822.480949","1.1.1","host","USB","35","0000170000000000","URB_INTERRUPT in"
"12487","822.528955","1.1.1","host","USB","35","0000000000000000","URB_INTERRUPT in"
"12489","822.552951","1.1.1","host","USB","35","00000c0000000000","URB_INTERRUPT in"
"12491","822.632972","1.1.1","host","USB","35","0000000000000000","URB_INTERRUPT in"
"12493","822.688965","1.1.1","host","USB","35","0000190000000000","URB_INTERRUPT in"
"12495","822.776973","1.1.1","host","USB","35","0000190800000000","URB_INTERRUPT in"
"12497","822.808976","1.1.1","host","USB","35","0000080000000000","URB_INTERRUPT in"
"12499","822.864983","1.1.1","host","USB","35","0000000000000000","URB_INTERRUPT in"
"12501","822.896987","1.1.1","host","USB","35","00002c0000000000","URB_INTERRUPT in"
"12503","822.961002","1.1.1","host","USB","35","0000000000000000","URB_INTERRUPT in"
"12505","823.129021","1.1.1","host","USB","35","0000170000000000","URB_INTERRUPT in"
"12507","823.145013","1.1.1","host","USB","35","0000171500000000","URB_INTERRUPT in"
"12509","823.169017","1.1.1","host","USB","35","0000150000000000","URB_INTERRUPT in"
"12511","823.249023","1.1.1","host","USB","35","0000000000000000","URB_INTERRUPT in"
"12513","823.449050","1.1.1","host","USB","35","0000040000000000","URB_INTERRUPT in"
"12515","823.545055","1.1.1","host","USB","35","0000000000000000","URB_INTERRUPT in"
"12517","823.577058","1.1.1","host","USB","35","0000060000000000","URB_INTERRUPT in"
"12519","823.681069","1.1.1","host","USB","35","0000000000000000","URB_INTERRUPT in"
"12521","823.785091","1.1.1","host","USB","35","0000170000000000","URB_INTERRUPT in"
"12523","823.849102","1.1.1","host","USB","35","0000000000000000","URB_INTERRUPT in"
"12525","823.889106","1.1.1","host","USB","35","00002c0000000000","URB_INTERRUPT in"
"12527","823.945105","1.1.1","host","USB","35","0000000000000000","URB_INTERRUPT in"
"12529","823.977107","1.1.1","host","USB","35","0000170000000000","URB_INTERRUPT in"
"12531","824.065117","1.1.1","host","USB","35","0000120000000000","URB_INTERRUPT in"
"12533","824.161127","1.1.1","host","USB","35","0000000000000000","URB_INTERRUPT in"
"12535","824.265133","1.1.1","host","USB","35","00002c0000000000","URB_INTERRUPT in"
"12537","824.377154","1.1.1","host","USB","35","0000000000000000","URB_INTERRUPT in"
"12539","825.129225","1.1.1","host","USB","35","0000090000000000","URB_INTERRUPT in"
"12541","825.225233","1.1.1","host","USB","35","0000000000000000","URB_INTERRUPT in"
"12543","825.281236","1.1.1","host","USB","35","0000080000000000","URB_INTERRUPT in"
"12545","825.353248","1.1.1","host","USB","35","0000000000000000","URB_INTERRUPT in"
"12547","825.425255","1.1.1","host","USB","35","0000110000000000","URB_INTERRUPT in"
"12549","825.505265","1.1.1","host","USB","35","0000000000000000","URB_INTERRUPT in"
"12551","825.513272","1.1.1","host","USB","35","0000070000000000","URB_INTERRUPT in"
"12553","825.601274","1.1.1","host","USB","35","0000000000000000","URB_INTERRUPT in"
"12555","825.633280","1.1.1","host","USB","35","00002c0000000000","URB_INTERRUPT in"
"12557","825.713288","1.1.1","host","USB","35","0000000000000000","URB_INTERRUPT in"
"12559","826.145346","1.1.1","host","USB","35","0000120000000000","URB_INTERRUPT in"
"12561","826.233349","1.1.1","host","USB","35","0000000000000000","URB_INTERRUPT in"
"12563","826.241347","1.1.1","host","USB","35","0000090000000000","URB_INTERRUPT in"
"12565","826.305369","1.1.1","host","USB","35","0000000000000000","URB_INTERRUPT in"
"12567","826.377371","1.1.1","host","USB","35","0000090000000000","URB_INTERRUPT in"
"12569","826.457381","1.1.1","host","USB","35","0000000000000000","URB_INTERRUPT in"
"12571","826.465368","1.1.1","host","USB","35","00002c0000000000","URB_INTERRUPT in"
"12573","826.585385","1.1.1","host","USB","35","0000000000000000","URB_INTERRUPT in"
"12575","826.921426","1.1.1","host","USB","35","0000180000000000","URB_INTERRUPT in"
"12577","826.993439","1.1.1","host","USB","35","0000181100000000","URB_INTERRUPT in"
"12579","827.033440","1.1.1","host","USB","35","0000110000000000","URB_INTERRUPT in"
"12581","827.073444","1.1.1","host","USB","35","0000000000000000","URB_INTERRUPT in"
"12583","827.225451","1.1.1","host","USB","35","00001a0000000000","URB_INTERRUPT in"
"12585","827.345478","1.1.1","host","USB","35","00001a0400000000","URB_INTERRUPT in"
"12587","827.369467","1.1.1","host","USB","35","0000040000000000","URB_INTERRUPT in"
"12589","827.417469","1.1.1","host","USB","35","0000000000000000","URB_INTERRUPT in"
"12591","827.521484","1.1.1","host","USB","35","0000110000000000","URB_INTERRUPT in"
"12593","827.617500","1.1.1","host","USB","35","0000000000000000","URB_INTERRUPT in"
"12595","827.625493","1.1.1","host","USB","35","0000170000000000","URB_INTERRUPT in"
"12597","827.689503","1.1.1","host","USB","35","0000000000000000","URB_INTERRUPT in"
"12599","828.009545","1.1.1","host","USB","35","0000080000000000","URB_INTERRUPT in"
"12601","828.097554","1.1.1","host","USB","35","0000000000000000","URB_INTERRUPT in"
"12603","828.201550","1.1.1","host","USB","35","0000070000000000","URB_INTERRUPT in"
"12605","828.281565","1.1.1","host","USB","35","0000000000000000","URB_INTERRUPT in"
"12607","828.297558","1.1.1","host","USB","35","00002c0000000000","URB_INTERRUPT in"
"12609","828.409571","1.1.1","host","USB","35","0000000000000000","URB_INTERRUPT in"
"12611","828.465579","1.1.1","host","USB","35","0000040000000000","URB_INTERRUPT in"
"12613","828.577590","1.1.1","host","USB","35","0000000000000000","URB_INTERRUPT in"
"12615","828.601592","1.1.1","host","USB","35","0000070000000000","URB_INTERRUPT in"
"12617","828.673600","1.1.1","host","USB","35","0000000000000000","URB_INTERRUPT in"
"12619","828.825626","1.1.1","host","USB","35","0000190000000000","URB_INTERRUPT in"
"12621","828.913626","1.1.1","host","USB","35","0000000000000000","URB_INTERRUPT in"
"12623","828.993644","1.1.1","host","USB","35","0000040000000000","URB_INTERRUPT in"
"12625","829.105649","1.1.1","host","USB","35","0000000000000000","URB_INTERRUPT in"
"12627","829.129649","1.1.1","host","USB","35","0000110000000000","URB_INTERRUPT in"
"12629","829.217658","1.1.1","host","USB","35","0000000000000000","URB_INTERRUPT in"
"12631","829.241661","1.1.1","host","USB","35","0000060000000000","URB_INTERRUPT in"
"12633","829.361677","1.1.1","host","USB","35","0000060800000000","URB_INTERRUPT in"
"12635","829.377689","1.1.1","host","USB","35","0000080000000000","URB_INTERRUPT in"
"12637","829.409685","1.1.1","host","USB","35","0000081600000000","URB_INTERRUPT in"
"12639","829.449689","1.1.1","host","USB","35","0000160000000000","URB_INTERRUPT in"
"12641","829.505702","1.1.1","host","USB","35","0000000000000000","URB_INTERRUPT in"
"12643","830.121770","1.1.1","host","USB","35","0000360000000000","URB_INTERRUPT in"
"12645","830.193775","1.1.1","host","USB","35","0000362c00000000","URB_INTERRUPT in"
"12647","830.209781","1.1.1","host","USB","35","00002c0000000000","URB_INTERRUPT in"
"12649","830.273781","1.1.1","host","USB","35","0000000000000000","URB_INTERRUPT in"
"12651","830.393782","1.1.1","host","USB","35","0000050000000000","URB_INTERRUPT in"
"12653","830.441787","1.1.1","host","USB","35","0000000000000000","URB_INTERRUPT in"
"12655","830.449786","1.1.1","host","USB","35","0000080000000000","URB_INTERRUPT in"
"12657","830.513802","1.1.1","host","USB","35","0000080600000000","URB_INTERRUPT in"
"12659","830.529799","1.1.1","host","USB","35","0000060000000000","URB_INTERRUPT in"
"12661","830.633807","1.1.1","host","USB","35","0000040000000000","URB_INTERRUPT in"
"12663","830.737818","1.1.1","host","USB","35","0000000000000000","URB_INTERRUPT in"
"12665","830.761821","1.1.1","host","USB","35","0000180000000000","URB_INTERRUPT in"
"12667","830.841831","1.1.1","host","USB","35","0000000000000000","URB_INTERRUPT in"
"12669","830.857840","1.1.1","host","USB","35","0000160000000000","URB_INTERRUPT in"
"12671","830.905839","1.1.1","host","USB","35","0000160800000000","URB_INTERRUPT in"
"12673","830.969843","1.1.1","host","USB","35","0000080000000000","URB_INTERRUPT in"
"12675","830.985851","1.1.1","host","USB","35","0000000000000000","URB_INTERRUPT in"
"12677","831.017847","1.1.1","host","USB","35","00002c0000000000","URB_INTERRUPT in"
"12679","831.097858","1.1.1","host","USB","35","0000000000000000","URB_INTERRUPT in"
"12681","831.257881","1.1.1","host","USB","35","00001c0000000000","URB_INTERRUPT in"
"12683","831.313880","1.1.1","host","USB","35","0000000000000000","URB_INTERRUPT in"
"12685","831.329890","1.1.1","host","USB","35","0000080000000000","URB_INTERRUPT in"
"12687","831.385889","1.1.1","host","USB","35","0000081600000000","URB_INTERRUPT in"
"12689","831.433895","1.1.1","host","USB","35","0000160000000000","URB_INTERRUPT in"
"12691","831.465901","1.1.1","host","USB","35","0000000000000000","URB_INTERRUPT in"
"12693","832.522025","1.1.1","host","USB","35","0000360000000000","URB_INTERRUPT in"
"12695","832.618034","1.1.1","host","USB","35","0000000000000000","URB_INTERRUPT in"
"12697","832.626021","1.1.1","host","USB","35","00002c0000000000","URB_INTERRUPT in"
"12699","832.722048","1.1.1","host","USB","35","0000000000000000","URB_INTERRUPT in"
"12701","832.738039","1.1.1","host","USB","35","0000170000000000","URB_INTERRUPT in"
"12703","832.818057","1.1.1","host","USB","35","0000000000000000","URB_INTERRUPT in"
"12705","832.842048","1.1.1","host","USB","35","00000b0000000000","URB_INTERRUPT in"
"12707","832.906062","1.1.1","host","USB","35","0000000000000000","URB_INTERRUPT in"
"12709","832.930060","1.1.1","host","USB","35","0000080000000000","URB_INTERRUPT in"
"12711","832.994064","1.1.1","host","USB","35","0000000000000000","URB_INTERRUPT in"
"12713","833.002063","1.1.1","host","USB","35","00002c0000000000","URB_INTERRUPT in"
"12715","833.074072","1.1.1","host","USB","35","0000000000000000","URB_INTERRUPT in"
"12717","833.202087","1.1.1","host","USB","35","0000180000000000","URB_INTERRUPT in"
"12719","833.274096","1.1.1","host","USB","35","0000000000000000","URB_INTERRUPT in"
"12721","833.506128","1.1.1","host","USB","35","00002a0000000000","URB_INTERRUPT in"
"12723","833.562125","1.1.1","host","USB","35","00002a0700000000","URB_INTERRUPT in"
"12725","833.570124","1.1.1","host","USB","35","0000070000000000","URB_INTERRUPT in"
"12727","833.634132","1.1.1","host","USB","35","0000000000000000","URB_INTERRUPT in"
"12729","833.682129","1.1.1","host","USB","35","0000180000000000","URB_INTERRUPT in"
"12731","833.746142","1.1.1","host","USB","35","0000000000000000","URB_INTERRUPT in"
"12733","833.770138","1.1.1","host","USB","35","0000060000000000","URB_INTERRUPT in"
"12735","833.858149","1.1.1","host","USB","35","0000000000000000","URB_INTERRUPT in"
"12737","833.882153","1.1.1","host","USB","35","00000e0000000000","URB_INTERRUPT in"
"12739","833.970163","1.1.1","host","USB","35","0000000000000000","URB_INTERRUPT in"
"12741","834.058172","1.1.1","host","USB","35","00002c0000000000","URB_INTERRUPT in"
"12743","834.146181","1.1.1","host","USB","35","0000000000000000","URB_INTERRUPT in"
"12745","834.226193","1.1.1","host","USB","35","00001a0000000000","URB_INTERRUPT in"
"12747","834.306204","1.1.1","host","USB","35","0000000000000000","URB_INTERRUPT in"
"12749","834.322200","1.1.1","host","USB","35","0000120000000000","URB_INTERRUPT in"
"12751","834.402211","1.1.1","host","USB","35","0000000000000000","URB_INTERRUPT in"
"12753","834.418211","1.1.1","host","USB","35","0000150000000000","URB_INTERRUPT in"
"12755","834.506218","1.1.1","host","USB","35","0000000000000000","URB_INTERRUPT in"
"12757","834.602229","1.1.1","host","USB","35","00000f0000000000","URB_INTERRUPT in"
"12759","834.690239","1.1.1","host","USB","35","0000000000000000","URB_INTERRUPT in"
"12761","834.746243","1.1.1","host","USB","35","0000070000000000","URB_INTERRUPT in"
"12763","834.818252","1.1.1","host","USB","35","0000000000000000","URB_INTERRUPT in"
"12765","834.890271","1.1.1","host","USB","35","00002c0000000000","URB_INTERRUPT in"
"12767","834.978279","1.1.1","host","USB","35","0000000000000000","URB_INTERRUPT in"
"12769","835.074286","1.1.1","host","USB","35","00000c0000000000","URB_INTERRUPT in"
"12771","835.154293","1.1.1","host","USB","35","0000000000000000","URB_INTERRUPT in"
"12773","835.202304","1.1.1","host","USB","35","0000160000000000","URB_INTERRUPT in"
"12775","835.266314","1.1.1","host","USB","35","0000000000000000","URB_INTERRUPT in"
"12777","835.282313","1.1.1","host","USB","35","00002c0000000000","URB_INTERRUPT in"
"12779","835.378321","1.1.1","host","USB","35","0000000000000000","URB_INTERRUPT in"
"12781","835.402330","1.1.1","host","USB","35","0000150000000000","URB_INTERRUPT in"
"12783","835.490336","1.1.1","host","USB","35","0000000000000000","URB_INTERRUPT in"
"12785","835.506326","1.1.1","host","USB","35","00000c0000000000","URB_INTERRUPT in"
"12787","835.594342","1.1.1","host","USB","35","0000000000000000","URB_INTERRUPT in"
"12789","835.866364","1.1.1","host","USB","35","0000090000000000","URB_INTERRUPT in"
"12791","835.930370","1.1.1","host","USB","35","0000090800000000","URB_INTERRUPT in"
"12793","835.954375","1.1.1","host","USB","35","0000080000000000","URB_INTERRUPT in"
"12795","836.018380","1.1.1","host","USB","35","0000000000000000","URB_INTERRUPT in"
"12797","836.058391","1.1.1","host","USB","35","00002c0000000000","URB_INTERRUPT in"
"12799","836.146392","1.1.1","host","USB","35","0000000000000000","URB_INTERRUPT in"
"12801","836.202401","1.1.1","host","USB","35","00001a0000000000","URB_INTERRUPT in"
"12803","836.282407","1.1.1","host","USB","35","00000c0000000000","URB_INTERRUPT in"
"12805","836.354416","1.1.1","host","USB","35","0000000000000000","URB_INTERRUPT in"
"12807","836.394418","1.1.1","host","USB","35","0000170000000000","URB_INTERRUPT in"
"12809","836.458427","1.1.1","host","USB","35","0000170b00000000","URB_INTERRUPT in"
"12811","836.466437","1.1.1","host","USB","35","00000b0000000000","URB_INTERRUPT in"
"12813","836.514432","1.1.1","host","USB","35","0000000000000000","URB_INTERRUPT in"
"12815","836.610447","1.1.1","host","USB","35","00002c0000000000","URB_INTERRUPT in"
"12817","836.698451","1.1.1","host","USB","35","0000000000000000","URB_INTERRUPT in"
"12819","836.738455","1.1.1","host","USB","35","0000150000000000","URB_INTERRUPT in"
"12821","836.802467","1.1.1","host","USB","35","0000150800000000","URB_INTERRUPT in"
"12823","836.850468","1.1.1","host","USB","35","0000080000000000","URB_INTERRUPT in"
"12825","836.906477","1.1.1","host","USB","35","0000000000000000","URB_INTERRUPT in"
"12827","837.490558","1.1.1","host","USB","35","0000130000000000","URB_INTERRUPT in"
"12829","837.618556","1.1.1","host","USB","35","0000000000000000","URB_INTERRUPT in"
"12831","837.706566","1.1.1","host","USB","35","0000150000000000","URB_INTERRUPT in"
"12833","837.778584","1.1.1","host","USB","35","0000000000000000","URB_INTERRUPT in"
"12835","837.794572","1.1.1","host","USB","35","0000120000000000","URB_INTERRUPT in"
"12837","837.890594","1.1.1","host","USB","35","0000000000000000","URB_INTERRUPT in"
"12839","838.002606","1.1.1","host","USB","35","0000070000000000","URB_INTERRUPT in"
"12841","838.074611","1.1.1","host","USB","35","0000000000000000","URB_INTERRUPT in"
"12843","838.154616","1.1.1","host","USB","35","0000180000000000","URB_INTERRUPT in"
"12845","838.218619","1.1.1","host","USB","35","0000180600000000","URB_INTERRUPT in"
"12847","838.226619","1.1.1","host","USB","35","0000060000000000","URB_INTERRUPT in"
"12849","838.330632","1.1.1","host","USB","35","0000000000000000","URB_INTERRUPT in"
"12851","838.578664","1.1.1","host","USB","35","0000170000000000","URB_INTERRUPT in"
"12853","838.650675","1.1.1","host","USB","35","0000000000000000","URB_INTERRUPT in"
"12855","839.050717","1.1.1","host","USB","35","00000c0000000000","URB_INTERRUPT in"
"12857","839.130717","1.1.1","host","USB","35","0000000000000000","URB_INTERRUPT in"
"12859","839.162725","1.1.1","host","USB","35","0000190000000000","URB_INTERRUPT in"
"12861","839.266724","1.1.1","host","USB","35","0000190800000000","URB_INTERRUPT in"
"12863","839.282732","1.1.1","host","USB","35","0000080000000000","URB_INTERRUPT in"
"12865","839.330739","1.1.1","host","USB","35","0000000000000000","URB_INTERRUPT in"
"12867","839.394736","1.1.1","host","USB","35","00002c0000000000","URB_INTERRUPT in"
"12869","839.498751","1.1.1","host","USB","35","0000000000000000","URB_INTERRUPT in"
"12871","839.834792","1.1.1","host","USB","35","0000060000000000","URB_INTERRUPT in"
"12873","839.946801","1.1.1","host","USB","35","0000000000000000","URB_INTERRUPT in"
"12875","840.002802","1.1.1","host","USB","35","0000120000000000","URB_INTERRUPT in"
"12877","840.106814","1.1.1","host","USB","35","0000000000000000","URB_INTERRUPT in"
"12879","840.226825","1.1.1","host","USB","35","0000080000000000","URB_INTERRUPT in"
"12881","840.354846","1.1.1","host","USB","35","0000000000000000","URB_INTERRUPT in"
"12883","840.378851","1.1.1","host","USB","35","0000150000000000","URB_INTERRUPT in"
"12885","840.458867","1.1.1","host","USB","35","0000000000000000","URB_INTERRUPT in"
"12887","840.682885","1.1.1","host","USB","35","0000060000000000","URB_INTERRUPT in"
"12889","840.778900","1.1.1","host","USB","35","0000000000000000","URB_INTERRUPT in"
"12891","840.834906","1.1.1","host","USB","35","00000c0000000000","URB_INTERRUPT in"
"12893","840.906913","1.1.1","host","USB","35","0000000000000000","URB_INTERRUPT in"
"12895","841.026927","1.1.1","host","USB","35","0000120000000000","URB_INTERRUPT in"
"12897","841.154939","1.1.1","host","USB","35","0000121100000000","URB_INTERRUPT in"
"12899","841.162931","1.1.1","host","USB","35","0000110000000000","URB_INTERRUPT in"
"12901","841.258942","1.1.1","host","USB","35","0000000000000000","URB_INTERRUPT in"
"12903","841.410952","1.1.1","host","USB","35","0000370000000000","URB_INTERRUPT in"
"12905","841.490960","1.1.1","host","USB","35","0000000000000000","URB_INTERRUPT in"
"12907","842.907119","1.1.1","host","USB","35","00002c0000000000","URB_INTERRUPT in"
"12909","842.987136","1.1.1","host","USB","35","0000000000000000","URB_INTERRUPT in"
"12911","842.995129","1.1.1","host","USB","35","0200000000000000","URB_INTERRUPT in"
"12913","843.107145","1.1.1","host","USB","35","0200170000000000","URB_INTERRUPT in"
"12915","843.163153","1.1.1","host","USB","35","0000170000000000","URB_INTERRUPT in"
"12917","843.179139","1.1.1","host","USB","35","0000000000000000","URB_INTERRUPT in"
"12919","843.219158","1.1.1","host","USB","35","00000b0000000000","URB_INTERRUPT in"
"12921","843.291170","1.1.1","host","USB","35","00000b0400000000","URB_INTERRUPT in"
"12923","843.307159","1.1.1","host","USB","35","0000040000000000","URB_INTERRUPT in"
"12925","843.371171","1.1.1","host","USB","35","0000041700000000","URB_INTERRUPT in"
"12927","843.387168","1.1.1","host","USB","35","0000170000000000","URB_INTERRUPT in"
"12929","843.435186","1.1.1","host","USB","35","0000000000000000","URB_INTERRUPT in"
"12931","843.587197","1.1.1","host","USB","35","0000340000000000","URB_INTERRUPT in"
"12933","843.691208","1.1.1","host","USB","35","0000000000000000","URB_INTERRUPT in"
"12935","843.779219","1.1.1","host","USB","35","0000160000000000","URB_INTERRUPT in"
"12937","843.875230","1.1.1","host","USB","35","0000000000000000","URB_INTERRUPT in"
"12939","843.883216","1.1.1","host","USB","35","00002c0000000000","URB_INTERRUPT in"
"12941","843.979243","1.1.1","host","USB","35","0000000000000000","URB_INTERRUPT in"
"12943","844.051245","1.1.1","host","USB","35","0000150000000000","URB_INTERRUPT in"
"12945","844.155259","1.1.1","host","USB","35","0000000000000000","URB_INTERRUPT in"
"12947","844.171260","1.1.1","host","USB","35","00000c0000000000","URB_INTERRUPT in"
"12949","844.259269","1.1.1","host","USB","35","0000000000000000","URB_INTERRUPT in"
"12951","844.307269","1.1.1","host","USB","35","00000a0000000000","URB_INTERRUPT in"
"12953","844.371275","1.1.1","host","USB","35","0000000000000000","URB_INTERRUPT in"
"12955","844.379269","1.1.1","host","USB","35","00000b0000000000","URB_INTERRUPT in"
"12957","844.499297","1.1.1","host","USB","35","0000000000000000","URB_INTERRUPT in"
"12959","844.523294","1.1.1","host","USB","35","0000170000000000","URB_INTERRUPT in"
"12961","844.595306","1.1.1","host","USB","35","0000000000000000","URB_INTERRUPT in"
"12963","844.747306","1.1.1","host","USB","35","00002d0000000000","URB_INTERRUPT in"
"12965","844.811311","1.1.1","host","USB","35","0000000000000000","URB_INTERRUPT in"
"12967","844.995340","1.1.1","host","USB","35","0000110000000000","URB_INTERRUPT in"
"12969","845.067342","1.1.1","host","USB","35","0000040000000000","URB_INTERRUPT in"
"12971","845.147348","1.1.1","host","USB","35","0000000000000000","URB_INTERRUPT in"
"12973","845.243362","1.1.1","host","USB","35","0000170000000000","URB_INTERRUPT in"
"12975","845.331366","1.1.1","host","USB","35","0000000000000000","URB_INTERRUPT in"
"12977","845.435382","1.1.1","host","USB","35","0000180000000000","URB_INTERRUPT in"
"12979","845.571395","1.1.1","host","USB","35","0000000000000000","URB_INTERRUPT in"
"12981","845.587393","1.1.1","host","USB","35","0000150000000000","URB_INTERRUPT in"
"12983","845.707408","1.1.1","host","USB","35","0000150800000000","URB_INTERRUPT in"
"12985","845.755413","1.1.1","host","USB","35","0000080000000000","URB_INTERRUPT in"
"12987","845.787421","1.1.1","host","USB","35","0000000000000000","URB_INTERRUPT in"
"12989","847.003547","1.1.1","host","USB","35","00002c0000000000","URB_INTERRUPT in"
"12991","847.107556","1.1.1","host","USB","35","0000000000000000","URB_INTERRUPT in"
"12993","847.123560","1.1.1","host","USB","35","0000070000000000","URB_INTERRUPT in"
"12995","847.203566","1.1.1","host","USB","35","0000000000000000","URB_INTERRUPT in"
"12997","847.211572","1.1.1","host","USB","35","0000080000000000","URB_INTERRUPT in"
"12999","847.299580","1.1.1","host","USB","35","0000000000000000","URB_INTERRUPT in"
"13001","847.403587","1.1.1","host","USB","35","0000160000000000","URB_INTERRUPT in"
"13003","847.475595","1.1.1","host","USB","35","0000000000000000","URB_INTERRUPT in"
"13005","847.507597","1.1.1","host","USB","35","00000c0000000000","URB_INTERRUPT in"
"13007","847.595609","1.1.1","host","USB","35","0000000000000000","URB_INTERRUPT in"
"13009","847.603608","1.1.1","host","USB","35","00000a0000000000","URB_INTERRUPT in"
"13011","847.691618","1.1.1","host","USB","35","0000000000000000","URB_INTERRUPT in"
"13013","847.723621","1.1.1","host","USB","35","0000110000000000","URB_INTERRUPT in"
"13015","847.803630","1.1.1","host","USB","35","0000000000000000","URB_INTERRUPT in"
"13017","847.811630","1.1.1","host","USB","35","0000080000000000","URB_INTERRUPT in"
"13019","847.907652","1.1.1","host","USB","35","0000000000000000","URB_INTERRUPT in"
"13021","847.963649","1.1.1","host","USB","35","0000070000000000","URB_INTERRUPT in"
"13023","848.051658","1.1.1","host","USB","35","0000000000000000","URB_INTERRUPT in"
"13025","848.083666","1.1.1","host","USB","35","00002c0000000000","URB_INTERRUPT in"
"13027","848.203681","1.1.1","host","USB","35","0000040000000000","URB_INTERRUPT in"
"13029","848.283698","1.1.1","host","USB","35","0000000000000000","URB_INTERRUPT in"
"13031","848.339693","1.1.1","host","USB","35","0000110000000000","URB_INTERRUPT in"
"13033","848.443713","1.1.1","host","USB","35","0000000000000000","URB_INTERRUPT in"
"13035","848.619733","1.1.1","host","USB","35","00002c0000000000","URB_INTERRUPT in"
"13037","848.699733","1.1.1","host","USB","35","0000000000000000","URB_INTERRUPT in"
"13039","848.859758","1.1.1","host","USB","35","0000080000000000","URB_INTERRUPT in"
"13041","848.955768","1.1.1","host","USB","35","0000000000000000","URB_INTERRUPT in"
"13043","849.123778","1.1.1","host","USB","35","0000110000000000","URB_INTERRUPT in"
"13045","849.219792","1.1.1","host","USB","35","0000000000000000","URB_INTERRUPT in"
"13047","849.251792","1.1.1","host","USB","35","0000170000000000","URB_INTERRUPT in"
"13049","849.395807","1.1.1","host","USB","35","0000171500000000","URB_INTERRUPT in"
"13051","849.467822","1.1.1","host","USB","35","0000150000000000","URB_INTERRUPT in"
"13053","849.499825","1.1.1","host","USB","35","0000000000000000","URB_INTERRUPT in"
"13055","849.587834","1.1.1","host","USB","35","00000c0000000000","URB_INTERRUPT in"
"13057","849.691837","1.1.1","host","USB","35","0000000000000000","URB_INTERRUPT in"
"13059","849.899863","1.1.1","host","USB","35","00002a0000000000","URB_INTERRUPT in"
"13061","849.931870","1.1.1","host","USB","35","0000000000000000","URB_INTERRUPT in"
"13063","850.011871","1.1.1","host","USB","35","00002a0000000000","URB_INTERRUPT in"
"13065","850.083878","1.1.1","host","USB","35","0000000000000000","URB_INTERRUPT in"
"13067","850.139892","1.1.1","host","USB","35","00000c0000000000","URB_INTERRUPT in"
"13069","850.195884","1.1.1","host","USB","35","00000c1500000000","URB_INTERRUPT in"
"13071","850.203891","1.1.1","host","USB","35","0000150000000000","URB_INTERRUPT in"
"13073","850.243891","1.1.1","host","USB","35","0000150800000000","URB_INTERRUPT in"
"13075","850.275892","1.1.1","host","USB","35","0000080000000000","URB_INTERRUPT in"
"13077","850.331903","1.1.1","host","USB","35","0000000000000000","URB_INTERRUPT in"
"13079","850.339899","1.1.1","host","USB","35","00002c0000000000","URB_INTERRUPT in"
"13081","850.435910","1.1.1","host","USB","35","0000000000000000","URB_INTERRUPT in"
"13083","850.475913","1.1.1","host","USB","35","0000160000000000","URB_INTERRUPT in"
"13085","850.547921","1.1.1","host","USB","35","0000000000000000","URB_INTERRUPT in"
"13087","850.627930","1.1.1","host","USB","35","00001c0000000000","URB_INTERRUPT in"
"13089","850.707939","1.1.1","host","USB","35","0000000000000000","URB_INTERRUPT in"
"13091","850.715939","1.1.1","host","USB","35","0000160000000000","URB_INTERRUPT in"
"13093","850.803949","1.1.1","host","USB","35","0000170000000000","URB_INTERRUPT in"
"13095","850.891959","1.1.1","host","USB","35","0000000000000000","URB_INTERRUPT in"
"13097","850.899959","1.1.1","host","USB","35","0000080000000000","URB_INTERRUPT in"
"13099","850.947971","1.1.1","host","USB","35","0000081000000000","URB_INTERRUPT in"
"13101","850.963966","1.1.1","host","USB","35","0000100000000000","URB_INTERRUPT in"
"13103","851.075977","1.1.1","host","USB","35","0000000000000000","URB_INTERRUPT in"
"13105","851.171990","1.1.1","host","USB","35","00002c0000000000","URB_INTERRUPT in"
"13107","851.259999","1.1.1","host","USB","35","0000000000000000","URB_INTERRUPT in"
"13109","851.396017","1.1.1","host","USB","35","00001a0000000000","URB_INTERRUPT in"
"13111","851.492036","1.1.1","host","USB","35","0000000000000000","URB_INTERRUPT in"
"13113","851.500035","1.1.1","host","USB","35","00000b0000000000","URB_INTERRUPT in"
"13115","851.580045","1.1.1","host","USB","35","0000000000000000","URB_INTERRUPT in"
"13117","851.596034","1.1.1","host","USB","35","0000080000000000","URB_INTERRUPT in"
"13119","851.652052","1.1.1","host","USB","35","0000081500000000","URB_INTERRUPT in"
"13121","851.668047","1.1.1","host","USB","35","0000150000000000","URB_INTERRUPT in"
"13123","851.756061","1.1.1","host","USB","35","0000150800000000","URB_INTERRUPT in"
"13125","851.780067","1.1.1","host","USB","35","0000080000000000","URB_INTERRUPT in"
"13127","851.836062","1.1.1","host","USB","35","0000000000000000","URB_INTERRUPT in"
"13129","851.860069","1.1.1","host","USB","35","00002c0000000000","URB_INTERRUPT in"
"13131","851.940085","1.1.1","host","USB","35","0000000000000000","URB_INTERRUPT in"
"13133","852.044096","1.1.1","host","USB","35","0000100000000000","URB_INTERRUPT in"
"13135","852.116094","1.1.1","host","USB","35","0000000000000000","URB_INTERRUPT in"
"13137","852.164098","1.1.1","host","USB","35","0000040000000000","URB_INTERRUPT in"
"13139","852.244109","1.1.1","host","USB","35","0000000000000000","URB_INTERRUPT in"
"13141","852.852165","1.1.1","host","USB","35","00000f0000000000","URB_INTERRUPT in"
"13143","852.932180","1.1.1","host","USB","35","0000000000000000","URB_INTERRUPT in"
"13145","852.940179","1.1.1","host","USB","35","0000080000000000","URB_INTERRUPT in"
"13147","853.020195","1.1.1","host","USB","35","0000000000000000","URB_INTERRUPT in"
"13149","853.044187","1.1.1","host","USB","35","00002c0000000000","URB_INTERRUPT in"
"13151","853.108193","1.1.1","host","USB","35","0000000000000000","URB_INTERRUPT in"
"13153","853.172198","1.1.1","host","USB","35","0000040000000000","URB_INTERRUPT in"
"13155","853.220205","1.1.1","host","USB","35","0000041100000000","URB_INTERRUPT in"
"13157","853.244210","1.1.1","host","USB","35","0000110000000000","URB_INTERRUPT in"
"13159","853.292213","1.1.1","host","USB","35","0000000000000000","URB_INTERRUPT in"
"13161","853.364222","1.1.1","host","USB","35","0000070000000000","URB_INTERRUPT in"
"13163","853.404225","1.1.1","host","USB","35","0000072c00000000","URB_INTERRUPT in"
"13165","853.444239","1.1.1","host","USB","35","00002c0000000000","URB_INTERRUPT in"
"13167","853.508245","1.1.1","host","USB","35","0000000000000000","URB_INTERRUPT in"
"13169","853.828286","1.1.1","host","USB","35","0000090000000000","URB_INTERRUPT in"
"13171","853.900293","1.1.1","host","USB","35","0000090800000000","URB_INTERRUPT in"
"13173","853.908283","1.1.1","host","USB","35","0000080000000000","URB_INTERRUPT in"
"13175","853.948296","1.1.1","host","USB","35","0000000000000000","URB_INTERRUPT in"
"13177","854.020304","1.1.1","host","USB","35","0000100000000000","URB_INTERRUPT in"
"13179","854.116316","1.1.1","host","USB","35","0000000000000000","URB_INTERRUPT in"
"13181","854.180312","1.1.1","host","USB","35","0000040000000000","URB_INTERRUPT in"
"13183","854.268323","1.1.1","host","USB","35","0000000000000000","URB_INTERRUPT in"
"13185","854.468355","1.1.1","host","USB","35","00000f0000000000","URB_INTERRUPT in"
"13187","854.556357","1.1.1","host","USB","35","0000000000000000","URB_INTERRUPT in"
"13189","854.572356","1.1.1","host","USB","35","0000080000000000","URB_INTERRUPT in"
"13191","854.636371","1.1.1","host","USB","35","0000000000000000","URB_INTERRUPT in"
"13193","854.668362","1.1.1","host","USB","35","00002c0000000000","URB_INTERRUPT in"
"13195","854.764385","1.1.1","host","USB","35","0000000000000000","URB_INTERRUPT in"
"13197","854.844395","1.1.1","host","USB","35","0000040000000000","URB_INTERRUPT in"
"13199","854.916393","1.1.1","host","USB","35","0000000000000000","URB_INTERRUPT in"
"13201","854.948398","1.1.1","host","USB","35","0000110000000000","URB_INTERRUPT in"
"13203","855.044407","1.1.1","host","USB","35","0000000000000000","URB_INTERRUPT in"
"13205","855.100407","1.1.1","host","USB","35","0000040000000000","URB_INTERRUPT in"
"13207","855.172427","1.1.1","host","USB","35","0000000000000000","URB_INTERRUPT in"
"13209","855.404453","1.1.1","host","USB","35","0000170000000000","URB_INTERRUPT in"
"13211","855.476456","1.1.1","host","USB","35","0000000000000000","URB_INTERRUPT in"
"13213","855.540462","1.1.1","host","USB","35","0000120000000000","URB_INTERRUPT in"
"13215","855.668468","1.1.1","host","USB","35","0000100000000000","URB_INTERRUPT in"
"13217","855.756475","1.1.1","host","USB","35","0000000000000000","URB_INTERRUPT in"
"13219","855.788484","1.1.1","host","USB","35","00001c0000000000","URB_INTERRUPT in"
"13221","855.884487","1.1.1","host","USB","35","0000000000000000","URB_INTERRUPT in"
"13223","855.932491","1.1.1","host","USB","35","00002c0000000000","URB_INTERRUPT in"
"13225","856.044508","1.1.1","host","USB","35","00002c0400000000","URB_INTERRUPT in"
"13227","856.052506","1.1.1","host","USB","35","0000040000000000","URB_INTERRUPT in"
"13229","856.156517","1.1.1","host","USB","35","0000041500000000","URB_INTERRUPT in"
"13231","856.172519","1.1.1","host","USB","35","0000150000000000","URB_INTERRUPT in"
"13233","856.284531","1.1.1","host","USB","35","0000150800000000","URB_INTERRUPT in"
"13235","856.324533","1.1.1","host","USB","35","0000080000000000","URB_INTERRUPT in"
"13237","856.340536","1.1.1","host","USB","35","0000000000000000","URB_INTERRUPT in"
"13239","856.812591","1.1.1","host","USB","35","00002c0000000000","URB_INTERRUPT in"
"13241","856.956617","1.1.1","host","USB","35","0000000000000000","URB_INTERRUPT in"
"13243","857.220639","1.1.1","host","USB","35","0200000000000000","URB_INTERRUPT in"
"13245","857.500668","1.1.1","host","USB","35","0200250000000000","URB_INTERRUPT in"
"13247","857.540679","1.1.1","host","USB","35","0000250000000000","URB_INTERRUPT in"
"13249","857.556665","1.1.1","host","USB","35","0000000000000000","URB_INTERRUPT in"
"13251","857.628689","1.1.1","host","USB","35","0000040000000000","URB_INTERRUPT in"
"13253","857.700689","1.1.1","host","USB","35","0000000000000000","URB_INTERRUPT in"
"13255","857.756703","1.1.1","host","USB","35","0000170000000000","URB_INTERRUPT in"
"13257","857.812699","1.1.1","host","USB","35","0000172c00000000","URB_INTERRUPT in"
"13259","857.820709","1.1.1","host","USB","35","00002c0000000000","URB_INTERRUPT in"
"13261","857.884709","1.1.1","host","USB","35","0000000000000000","URB_INTERRUPT in"
"13263","857.996713","1.1.1","host","USB","35","0000120000000000","URB_INTERRUPT in"
"13265","858.100723","1.1.1","host","USB","35","0000000000000000","URB_INTERRUPT in"
"13267","858.124725","1.1.1","host","USB","35","0000070000000000","URB_INTERRUPT in"
"13269","858.204744","1.1.1","host","USB","35","0000000000000000","URB_INTERRUPT in"
"13271","858.452765","1.1.1","host","USB","35","0000160000000000","URB_INTERRUPT in"
"13273","858.532770","1.1.1","host","USB","35","0000000000000000","URB_INTERRUPT in"
"13275","858.604777","1.1.1","host","USB","35","0000160000000000","URB_INTERRUPT in"
"13277","858.692786","1.1.1","host","USB","35","0000000000000000","URB_INTERRUPT in"
"13279","859.052830","1.1.1","host","USB","35","00002a0000000000","URB_INTERRUPT in"
"13281","859.084833","1.1.1","host","USB","35","0000000000000000","URB_INTERRUPT in"
"13283","859.172849","1.1.1","host","USB","35","00002a0000000000","URB_INTERRUPT in"
"13285","859.220850","1.1.1","host","USB","35","00002a0700000000","URB_INTERRUPT in"
"13287","859.228851","1.1.1","host","USB","35","0000070000000000","URB_INTERRUPT in"
"13289","859.260848","1.1.1","host","USB","35","0000071600000000","URB_INTERRUPT in"
"13291","859.292857","1.1.1","host","USB","35","0000160000000000","URB_INTERRUPT in"
"13293","859.324860","1.1.1","host","USB","35","0000000000000000","URB_INTERRUPT in"
"13295","859.444873","1.1.1","host","USB","35","0200000000000000","URB_INTERRUPT in"
"13297","859.556883","1.1.1","host","USB","35","0200260000000000","URB_INTERRUPT in"
"13299","859.628893","1.1.1","host","USB","35","0200000000000000","URB_INTERRUPT in"
"13301","859.724908","1.1.1","host","USB","35","0000000000000000","URB_INTERRUPT in"
"13303","860.044946","1.1.1","host","USB","35","00002a0000000000","URB_INTERRUPT in"
"13305","860.124955","1.1.1","host","USB","35","0000000000000000","URB_INTERRUPT in"
"13307","860.140941","1.1.1","host","USB","35","0200000000000000","URB_INTERRUPT in"
"13309","860.428974","1.1.1","host","USB","35","0200250000000000","URB_INTERRUPT in"
"13311","860.500982","1.1.1","host","USB","35","0200000000000000","URB_INTERRUPT in"
"13313","860.524994","1.1.1","host","USB","35","0000000000000000","URB_INTERRUPT in"
"13315","861.021048","1.1.1","host","USB","35","00002c0000000000","URB_INTERRUPT in"
"13317","861.125056","1.1.1","host","USB","35","0000000000000000","URB_INTERRUPT in"
"13319","861.133049","1.1.1","host","USB","35","00001a0000000000","URB_INTERRUPT in"
"13321","861.245060","1.1.1","host","USB","35","00001a0c00000000","URB_INTERRUPT in"
"13323","861.253060","1.1.1","host","USB","35","00000c0000000000","URB_INTERRUPT in"
"13325","861.325067","1.1.1","host","USB","35","0000000000000000","URB_INTERRUPT in"
"13327","861.333065","1.1.1","host","USB","35","0000170000000000","URB_INTERRUPT in"
"13329","861.405074","1.1.1","host","USB","35","0000000000000000","URB_INTERRUPT in"
"13331","861.429075","1.1.1","host","USB","35","00000b0000000000","URB_INTERRUPT in"
"13333","861.461079","1.1.1","host","USB","35","0000000000000000","URB_INTERRUPT in"
"13335","861.573091","1.1.1","host","USB","35","00002c0000000000","URB_INTERRUPT in"
"13337","861.653100","1.1.1","host","USB","35","00002c0800000000","URB_INTERRUPT in"
"13339","861.661103","1.1.1","host","USB","35","0000080000000000","URB_INTERRUPT in"
"13341","861.717106","1.1.1","host","USB","35","0000000000000000","URB_INTERRUPT in"
"13343","861.789116","1.1.1","host","USB","35","0000040000000000","URB_INTERRUPT in"
"13345","861.869123","1.1.1","host","USB","35","0000000000000000","URB_INTERRUPT in"
"13347","861.917128","1.1.1","host","USB","35","0000060000000000","URB_INTERRUPT in"
"13349","861.997136","1.1.1","host","USB","35","0000000000000000","URB_INTERRUPT in"
"13351","862.021141","1.1.1","host","USB","35","00000b0000000000","URB_INTERRUPT in"
"13353","862.101150","1.1.1","host","USB","35","0000000000000000","URB_INTERRUPT in"
"13355","862.197158","1.1.1","host","USB","35","00002c0000000000","URB_INTERRUPT in"
"13357","862.277171","1.1.1","host","USB","35","0000000000000000","URB_INTERRUPT in"
"13359","862.445196","1.1.1","host","USB","35","0000120000000000","URB_INTERRUPT in"
"13361","862.517201","1.1.1","host","USB","35","0000000000000000","URB_INTERRUPT in"
"13363","862.533208","1.1.1","host","USB","35","0000170000000000","URB_INTERRUPT in"
"13365","862.621219","1.1.1","host","USB","35","0000000000000000","URB_INTERRUPT in"
"13367","862.653219","1.1.1","host","USB","35","00000b0000000000","URB_INTERRUPT in"
"13369","862.693218","1.1.1","host","USB","35","00000b0800000000","URB_INTERRUPT in"
"13371","862.741224","1.1.1","host","USB","35","0000080000000000","URB_INTERRUPT in"
"13373","862.773234","1.1.1","host","USB","35","0000081500000000","URB_INTERRUPT in"
"13375","862.813255","1.1.1","host","USB","35","0000150000000000","URB_INTERRUPT in"
"13377","862.861240","1.1.1","host","USB","35","0000000000000000","URB_INTERRUPT in"
"13379","863.253287","1.1.1","host","USB","35","0000360000000000","URB_INTERRUPT in"
"13381","863.349279","1.1.1","host","USB","35","0000000000000000","URB_INTERRUPT in"
"13383","863.357281","1.1.1","host","USB","35","00002c0000000000","URB_INTERRUPT in"
"13385","863.461294","1.1.1","host","USB","35","0000000000000000","URB_INTERRUPT in"
"13387","863.589311","1.1.1","host","USB","35","0000160000000000","URB_INTERRUPT in"
"13389","863.733325","1.1.1","host","USB","35","0000000000000000","URB_INTERRUPT in"
"13391","863.749321","1.1.1","host","USB","35","0000130000000000","URB_INTERRUPT in"
"13393","863.853334","1.1.1","host","USB","35","0000130c00000000","URB_INTERRUPT in"
"13395","863.885338","1.1.1","host","USB","35","00000c0000000000","URB_INTERRUPT in"
"13397","863.909348","1.1.1","host","USB","35","0000000000000000","URB_INTERRUPT in"
"13399","863.925339","1.1.1","host","USB","35","0000150000000000","URB_INTERRUPT in"
"13401","864.013352","1.1.1","host","USB","35","0000000000000000","URB_INTERRUPT in"
"13403","864.101362","1.1.1","host","USB","35","0000040000000000","URB_INTERRUPT in"
"13405","864.165368","1.1.1","host","USB","35","0000000000000000","URB_INTERRUPT in"
"13407","864.237375","1.1.1","host","USB","35","00000f0000000000","URB_INTERRUPT in"
"13409","864.325385","1.1.1","host","USB","35","0000000000000000","URB_INTERRUPT in"
"13411","864.461407","1.1.1","host","USB","35","00000c0000000000","URB_INTERRUPT in"
"13413","864.557423","1.1.1","host","USB","35","0000000000000000","URB_INTERRUPT in"
"13415","864.621427","1.1.1","host","USB","35","0000110000000000","URB_INTERRUPT in"
"13417","864.709437","1.1.1","host","USB","35","0000000000000000","URB_INTERRUPT in"
"13419","864.749443","1.1.1","host","USB","35","00000a0000000000","URB_INTERRUPT in"
"13421","864.829453","1.1.1","host","USB","35","0000000000000000","URB_INTERRUPT in"
"13423","864.845443","1.1.1","host","USB","35","00002c0000000000","URB_INTERRUPT in"
"13425","864.925461","1.1.1","host","USB","35","0000000000000000","URB_INTERRUPT in"
"13427","864.973457","1.1.1","host","USB","35","00001a0000000000","URB_INTERRUPT in"
"13429","865.005466","1.1.1","host","USB","35","0000000000000000","URB_INTERRUPT in"
"13431","865.029459","1.1.1","host","USB","35","00000c0000000000","URB_INTERRUPT in"
"13433","865.101474","1.1.1","host","USB","35","00000c1100000000","URB_INTERRUPT in"
"13435","865.117489","1.1.1","host","USB","35","0000110000000000","URB_INTERRUPT in"
"13437","865.149481","1.1.1","host","USB","35","0000000000000000","URB_INTERRUPT in"
"13439","865.341501","1.1.1","host","USB","35","00002a0000000000","URB_INTERRUPT in"
"13441","865.365510","1.1.1","host","USB","35","0000000000000000","URB_INTERRUPT in"
"13443","865.453506","1.1.1","host","USB","35","00002a0000000000","URB_INTERRUPT in"
"13445","865.501522","1.1.1","host","USB","35","0000000000000000","URB_INTERRUPT in"
"13447","865.589536","1.1.1","host","USB","35","00002a0000000000","URB_INTERRUPT in"
"13449","865.661532","1.1.1","host","USB","35","0000000000000000","URB_INTERRUPT in"
"13451","865.837574","1.1.1","host","USB","35","00000c0000000000","URB_INTERRUPT in"
"13453","865.885564","1.1.1","host","USB","35","00000c1100000000","URB_INTERRUPT in"
"13455","865.917568","1.1.1","host","USB","35","0000110000000000","URB_INTERRUPT in"
"13457","865.965567","1.1.1","host","USB","35","0000000000000000","URB_INTERRUPT in"
"13459","866.029577","1.1.1","host","USB","35","00002c0000000000","URB_INTERRUPT in"
"13461","866.109579","1.1.1","host","USB","35","0000000000000000","URB_INTERRUPT in"
"13463","866.421613","1.1.1","host","USB","35","0000120000000000","URB_INTERRUPT in"
"13465","866.573635","1.1.1","host","USB","35","0000121300000000","URB_INTERRUPT in"
"13467","866.589639","1.1.1","host","USB","35","0000130000000000","URB_INTERRUPT in"
"13469","866.677634","1.1.1","host","USB","35","0000000000000000","URB_INTERRUPT in"
"13471","866.781654","1.1.1","host","USB","35","0000130000000000","URB_INTERRUPT in"
"13473","866.909663","1.1.1","host","USB","35","0000000000000000","URB_INTERRUPT in"
"13475","867.909777","1.1.1","host","USB","35","0000120000000000","URB_INTERRUPT in"
"13477","868.013783","1.1.1","host","USB","35","0000000000000000","URB_INTERRUPT in"
"13479","868.061794","1.1.1","host","USB","35","0000160000000000","URB_INTERRUPT in"
"13481","868.141807","1.1.1","host","USB","35","0000000000000000","URB_INTERRUPT in"
"13483","868.181805","1.1.1","host","USB","35","00000c0000000000","URB_INTERRUPT in"
"13485","868.261809","1.1.1","host","USB","35","0000000000000000","URB_INTERRUPT in"
"13487","868.373822","1.1.1","host","USB","35","0000170000000000","URB_INTERRUPT in"
"13489","868.429832","1.1.1","host","USB","35","0000000000000000","URB_INTERRUPT in"
"13491","868.445822","1.1.1","host","USB","35","0000080000000000","URB_INTERRUPT in"
"13493","868.509844","1.1.1","host","USB","35","0000000000000000","URB_INTERRUPT in"
"13495","868.565839","1.1.1","host","USB","35","00002c0000000000","URB_INTERRUPT in"
"13497","868.637855","1.1.1","host","USB","35","0000000000000000","URB_INTERRUPT in"
"13499","868.741870","1.1.1","host","USB","35","0000070000000000","URB_INTERRUPT in"
"13501","868.837879","1.1.1","host","USB","35","0000000000000000","URB_INTERRUPT in"
"13503","868.845865","1.1.1","host","USB","35","00000c0000000000","URB_INTERRUPT in"
"13505","868.925883","1.1.1","host","USB","35","0000000000000000","URB_INTERRUPT in"
"13507","868.949883","1.1.1","host","USB","35","0000150000000000","URB_INTERRUPT in"
"13509","869.029887","1.1.1","host","USB","35","0000150800000000","URB_INTERRUPT in"
"13511","869.037888","1.1.1","host","USB","35","0000080000000000","URB_INTERRUPT in"
"13513","869.101889","1.1.1","host","USB","35","0000000000000000","URB_INTERRUPT in"
"13515","869.197902","1.1.1","host","USB","35","0000060000000000","URB_INTERRUPT in"
"13517","869.277910","1.1.1","host","USB","35","0000000000000000","URB_INTERRUPT in"
"13519","869.373925","1.1.1","host","USB","35","0000170000000000","URB_INTERRUPT in"
"13521","869.461930","1.1.1","host","USB","35","0000000000000000","URB_INTERRUPT in"
"13523","869.493943","1.1.1","host","USB","35","0000120000000000","URB_INTERRUPT in"
"13525","869.573945","1.1.1","host","USB","35","0000000000000000","URB_INTERRUPT in"
"13527","870.750078","1.1.1","host","USB","35","00002a0000000000","URB_INTERRUPT in"
"13529","870.854086","1.1.1","host","USB","35","0000000000000000","URB_INTERRUPT in"
"13531","870.862085","1.1.1","host","USB","35","00001c0000000000","URB_INTERRUPT in"
"13533","870.926091","1.1.1","host","USB","35","0000000000000000","URB_INTERRUPT in"
"13535","870.982100","1.1.1","host","USB","35","00000c0000000000","URB_INTERRUPT in"
"13537","871.030103","1.1.1","host","USB","35","00000c1200000000","URB_INTERRUPT in"
"13539","871.062110","1.1.1","host","USB","35","0000120000000000","URB_INTERRUPT in"
"13541","871.110114","1.1.1","host","USB","35","0000000000000000","URB_INTERRUPT in"
"13543","871.198119","1.1.1","host","USB","35","0000110000000000","URB_INTERRUPT in"
"13545","871.262127","1.1.1","host","USB","35","0000000000000000","URB_INTERRUPT in"
"13547","871.430152","1.1.1","host","USB","35","00002a0000000000","URB_INTERRUPT in"
"13549","871.478150","1.1.1","host","USB","35","0000000000000000","URB_INTERRUPT in"
"13551","871.558152","1.1.1","host","USB","35","00002a0000000000","URB_INTERRUPT in"
"13553","871.614170","1.1.1","host","USB","35","0000000000000000","URB_INTERRUPT in"
"13555","871.702167","1.1.1","host","USB","35","00002a0000000000","URB_INTERRUPT in"
"13557","871.758181","1.1.1","host","USB","35","0000000000000000","URB_INTERRUPT in"
"13559","871.854182","1.1.1","host","USB","35","00002a0000000000","URB_INTERRUPT in"
"13561","871.926206","1.1.1","host","USB","35","0000000000000000","URB_INTERRUPT in"
"13563","871.934202","1.1.1","host","USB","35","0000170000000000","URB_INTERRUPT in"
"13565","872.038218","1.1.1","host","USB","35","0000000000000000","URB_INTERRUPT in"
"13567","872.054217","1.1.1","host","USB","35","00000c0000000000","URB_INTERRUPT in"
"13569","872.110215","1.1.1","host","USB","35","00000c1200000000","URB_INTERRUPT in"
"13571","872.142226","1.1.1","host","USB","35","0000120000000000","URB_INTERRUPT in"
"13573","872.174218","1.1.1","host","USB","35","0000000000000000","URB_INTERRUPT in"
"13575","872.246226","1.1.1","host","USB","35","0000110000000000","URB_INTERRUPT in"
"13577","872.334237","1.1.1","host","USB","35","0000000000000000","URB_INTERRUPT in"
"13579","872.342234","1.1.1","host","USB","35","0000160000000000","URB_INTERRUPT in"
"13581","872.398241","1.1.1","host","USB","35","0000000000000000","URB_INTERRUPT in"
"13583","874.310523","1.1.1","host","USB","35","0000360000000000","URB_INTERRUPT in"
"13585","874.398454","1.1.1","host","USB","35","0000362c00000000","URB_INTERRUPT in"
"13587","874.422457","1.1.1","host","USB","35","00002c0000000000","URB_INTERRUPT in"
"13589","874.510464","1.1.1","host","USB","35","0000000000000000","URB_INTERRUPT in"
"13591","874.550469","1.1.1","host","USB","35","0000040000000000","URB_INTERRUPT in"
"13593","874.638479","1.1.1","host","USB","35","0000000000000000","URB_INTERRUPT in"
"13595","874.654483","1.1.1","host","USB","35","00000f0000000000","URB_INTERRUPT in"
"13597","874.710488","1.1.1","host","USB","35","0000000000000000","URB_INTERRUPT in"
"13599","874.790505","1.1.1","host","USB","35","00000f0000000000","URB_INTERRUPT in"
"13601","874.854512","1.1.1","host","USB","35","0000000000000000","URB_INTERRUPT in"
"13603","874.942511","1.1.1","host","USB","35","00002c0000000000","URB_INTERRUPT in"
"13605","875.030522","1.1.1","host","USB","35","0000000000000000","URB_INTERRUPT in"
"13607","875.254547","1.1.1","host","USB","35","00000c0000000000","URB_INTERRUPT in"
"13609","875.334554","1.1.1","host","USB","35","00000c1100000000","URB_INTERRUPT in"
"13611","875.350554","1.1.1","host","USB","35","0000110000000000","URB_INTERRUPT in"
"13613","875.414561","1.1.1","host","USB","35","0000000000000000","URB_INTERRUPT in"
"13615","875.486573","1.1.1","host","USB","35","00002c0000000000","URB_INTERRUPT in"
"13617","875.566583","1.1.1","host","USB","35","0000000000000000","URB_INTERRUPT in"
"13619","875.590593","1.1.1","host","USB","35","0000170000000000","URB_INTERRUPT in"
"13621","875.670606","1.1.1","host","USB","35","0000000000000000","URB_INTERRUPT in"
"13623","875.686603","1.1.1","host","USB","35","00000b0000000000","URB_INTERRUPT in"
"13625","875.750604","1.1.1","host","USB","35","0000000000000000","URB_INTERRUPT in"
"13627","875.758600","1.1.1","host","USB","35","0000080000000000","URB_INTERRUPT in"
"13629","875.830624","1.1.1","host","USB","35","0000000000000000","URB_INTERRUPT in"
"13631","875.854613","1.1.1","host","USB","35","00002c0000000000","URB_INTERRUPT in"
"13633","875.910626","1.1.1","host","USB","35","0000000000000000","URB_INTERRUPT in"
"13635","875.998634","1.1.1","host","USB","35","0000110000000000","URB_INTERRUPT in"
"13637","876.062644","1.1.1","host","USB","35","0000000000000000","URB_INTERRUPT in"
"13639","876.118647","1.1.1","host","USB","35","0000040000000000","URB_INTERRUPT in"
"13641","876.190658","1.1.1","host","USB","35","0000000000000000","URB_INTERRUPT in"
"13643","876.254658","1.1.1","host","USB","35","0000100000000000","URB_INTERRUPT in"
"13645","876.358668","1.1.1","host","USB","35","0000000000000000","URB_INTERRUPT in"
"13647","876.382671","1.1.1","host","USB","35","0000080000000000","URB_INTERRUPT in"
"13649","876.446676","1.1.1","host","USB","35","0000000000000000","URB_INTERRUPT in"
"13651","876.518688","1.1.1","host","USB","35","00002c0000000000","URB_INTERRUPT in"
"13653","876.590698","1.1.1","host","USB","35","0000000000000000","URB_INTERRUPT in"
"13655","876.686708","1.1.1","host","USB","35","0000120000000000","URB_INTERRUPT in"
"13657","876.758718","1.1.1","host","USB","35","0000000000000000","URB_INTERRUPT in"
"13659","876.774704","1.1.1","host","USB","35","0000090000000000","URB_INTERRUPT in"
"13661","876.854718","1.1.1","host","USB","35","0000000000000000","URB_INTERRUPT in"
"13663","876.862718","1.1.1","host","USB","35","00002c0000000000","URB_INTERRUPT in"
"13665","876.950740","1.1.1","host","USB","35","0000000000000000","URB_INTERRUPT in"
"13667","877.478797","1.1.1","host","USB","35","00002a0000000000","URB_INTERRUPT in"
"13669","877.542804","1.1.1","host","USB","35","0000000000000000","URB_INTERRUPT in"
"13671","877.718804","1.1.1","host","USB","35","0000360000000000","URB_INTERRUPT in"
"13673","877.758808","1.1.1","host","USB","35","0000362c00000000","URB_INTERRUPT in"
"13675","877.814824","1.1.1","host","USB","35","00002c0000000000","URB_INTERRUPT in"
"13677","877.870821","1.1.1","host","USB","35","0000000000000000","URB_INTERRUPT in"
"13679","877.926834","1.1.1","host","USB","35","00001a0000000000","URB_INTERRUPT in"
"13681","878.038840","1.1.1","host","USB","35","00001a0800000000","URB_INTERRUPT in"
"13683","878.054852","1.1.1","host","USB","35","0000080000000000","URB_INTERRUPT in"
"13685","878.086844","1.1.1","host","USB","35","0000000000000000","URB_INTERRUPT in"
"13687","878.118845","1.1.1","host","USB","35","00000f0000000000","URB_INTERRUPT in"
"13689","878.174855","1.1.1","host","USB","35","0000000000000000","URB_INTERRUPT in"
"13691","878.438883","1.1.1","host","USB","35","00002a0000000000","URB_INTERRUPT in"
"13693","878.478885","1.1.1","host","USB","35","0000000000000000","URB_INTERRUPT in"
"13695","878.558892","1.1.1","host","USB","35","00002a0000000000","URB_INTERRUPT in"
"13697","878.614900","1.1.1","host","USB","35","0000000000000000","URB_INTERRUPT in"
"13699","878.766915","1.1.1","host","USB","35","00000f0000000000","URB_INTERRUPT in"
"13701","878.814930","1.1.1","host","USB","35","0000000000000000","URB_INTERRUPT in"
"13703","879.142966","1.1.1","host","USB","35","00002a0000000000","URB_INTERRUPT in"
"13705","879.198978","1.1.1","host","USB","35","0000000000000000","URB_INTERRUPT in"
"13707","879.206970","1.1.1","host","USB","35","00001a0000000000","URB_INTERRUPT in"
"13709","879.270984","1.1.1","host","USB","35","0000000000000000","URB_INTERRUPT in"
"13711","879.310980","1.1.1","host","USB","35","00000f0000000000","URB_INTERRUPT in"
"13713","879.366987","1.1.1","host","USB","35","0000000000000000","URB_INTERRUPT in"
"13715","879.430995","1.1.1","host","USB","35","00000f0000000000","URB_INTERRUPT in"
"13717","879.503010","1.1.1","host","USB","35","0000000000000000","URB_INTERRUPT in"
"13719","879.655023","1.1.1","host","USB","35","0000360000000000","URB_INTERRUPT in"
"13721","879.727027","1.1.1","host","USB","35","0000362c00000000","URB_INTERRUPT in"
"13723","879.751028","1.1.1","host","USB","35","00002c0000000000","URB_INTERRUPT in"
"13725","879.839041","1.1.1","host","USB","35","0000000000000000","URB_INTERRUPT in"
"13727","880.271076","1.1.1","host","USB","35","0000160000000000","URB_INTERRUPT in"
"13729","880.351090","1.1.1","host","USB","35","0000000000000000","URB_INTERRUPT in"
"13731","880.383095","1.1.1","host","USB","35","0000180000000000","URB_INTERRUPT in"
"13733","880.447095","1.1.1","host","USB","35","0000000000000000","URB_INTERRUPT in"
"13735","880.511101","1.1.1","host","USB","35","0000150000000000","URB_INTERRUPT in"
"13737","880.559106","1.1.1","host","USB","35","0000000000000000","URB_INTERRUPT in"
"13739","880.727125","1.1.1","host","USB","35","0000190000000000","URB_INTERRUPT in"
"13741","880.807132","1.1.1","host","USB","35","0000000000000000","URB_INTERRUPT in"
"13743","880.815132","1.1.1","host","USB","35","00000c0000000000","URB_INTERRUPT in"
"13745","880.887142","1.1.1","host","USB","35","0000000000000000","URB_INTERRUPT in"
"13747","881.175184","1.1.1","host","USB","35","0000190000000000","URB_INTERRUPT in"
"13749","881.287191","1.1.1","host","USB","35","0000000000000000","URB_INTERRUPT in"
"13751","881.335204","1.1.1","host","USB","35","0000040000000000","URB_INTERRUPT in"
"13753","881.447208","1.1.1","host","USB","35","0000000000000000","URB_INTERRUPT in"
"13755","881.455209","1.1.1","host","USB","35","00000f0000000000","URB_INTERRUPT in"
"13757","881.503213","1.1.1","host","USB","35","0000000000000000","URB_INTERRUPT in"
"13759","881.567223","1.1.1","host","USB","35","0200000000000000","URB_INTERRUPT in"
"13761","881.663236","1.1.1","host","USB","35","0200380000000000","URB_INTERRUPT in"
"13763","881.711236","1.1.1","host","USB","35","0200000000000000","URB_INTERRUPT in"
"13765","881.919266","1.1.1","host","USB","35","0000000000000000","URB_INTERRUPT in"
"13767","882.583327","1.1.1","host","USB","35","0000280000000000","URB_INTERRUPT in"
"13769","882.631334","1.1.1","host","USB","35","0000000000000000","URB_INTERRUPT in"
"13771","882.703345","1.1.1","host","USB","35","0000280000000000","URB_INTERRUPT in"
"13773","882.799349","1.1.1","host","USB","35","0000000000000000","URB_INTERRUPT in"
"13775","882.839348","1.1.1","host","USB","35","0200000000000000","URB_INTERRUPT in"
"13777","882.943375","1.1.1","host","USB","35","0200160000000000","URB_INTERRUPT in"
"13779","883.007379","1.1.1","host","USB","35","0200000000000000","URB_INTERRUPT in"
"13781","883.023382","1.1.1","host","USB","35","0000000000000000","URB_INTERRUPT in"
"13783","883.039375","1.1.1","host","USB","35","0000120000000000","URB_INTERRUPT in"
"13785","883.127393","1.1.1","host","USB","35","0000000000000000","URB_INTERRUPT in"
"13787","884.191493","1.1.1","host","USB","35","00002c0000000000","URB_INTERRUPT in"
"13789","884.303505","1.1.1","host","USB","35","0000000000000000","URB_INTERRUPT in"
"13791","884.495540","1.1.1","host","USB","35","0000110000000000","URB_INTERRUPT in"
"13793","884.607548","1.1.1","host","USB","35","0000111200000000","URB_INTERRUPT in"
"13795","884.647549","1.1.1","host","USB","35","0000120000000000","URB_INTERRUPT in"
"13797","884.703546","1.1.1","host","USB","35","0000000000000000","URB_INTERRUPT in"
"13799","884.783568","1.1.1","host","USB","35","00001a0000000000","URB_INTERRUPT in"
"13801","884.847570","1.1.1","host","USB","35","0000000000000000","URB_INTERRUPT in"
"13803","885.151610","1.1.1","host","USB","35","0000360000000000","URB_INTERRUPT in"
"13805","885.231617","1.1.1","host","USB","35","0000362c00000000","URB_INTERRUPT in"
"13807","885.271622","1.1.1","host","USB","35","00002c0000000000","URB_INTERRUPT in"
"13809","885.351628","1.1.1","host","USB","35","0000000000000000","URB_INTERRUPT in"
"13811","885.463628","1.1.1","host","USB","35","0000080000000000","URB_INTERRUPT in"
"13813","885.567641","1.1.1","host","USB","35","0000000000000000","URB_INTERRUPT in"
"13815","885.615644","1.1.1","host","USB","35","0000190000000000","URB_INTERRUPT in"
"13817","885.703655","1.1.1","host","USB","35","0000000000000000","URB_INTERRUPT in"
"13819","885.711653","1.1.1","host","USB","35","0000080000000000","URB_INTERRUPT in"
"13821","885.823665","1.1.1","host","USB","35","0000000000000000","URB_INTERRUPT in"
"13823","885.847666","1.1.1","host","USB","35","0000150000000000","URB_INTERRUPT in"
"13825","885.935678","1.1.1","host","USB","35","0000000000000000","URB_INTERRUPT in"
"13827","885.983684","1.1.1","host","USB","35","00001c0000000000","URB_INTERRUPT in"
"13829","886.063694","1.1.1","host","USB","35","0000000000000000","URB_INTERRUPT in"
"13831","886.223709","1.1.1","host","USB","35","00002c0000000000","URB_INTERRUPT in"
"13833","886.311719","1.1.1","host","USB","35","0000000000000000","URB_INTERRUPT in"
"13835","886.391727","1.1.1","host","USB","35","0000170000000000","URB_INTERRUPT in"
"13837","886.479738","1.1.1","host","USB","35","0000000000000000","URB_INTERRUPT in"
"13839","886.487737","1.1.1","host","USB","35","00000c0000000000","URB_INTERRUPT in"
"13841","886.535756","1.1.1","host","USB","35","00000c1000000000","URB_INTERRUPT in"
"13843","886.567759","1.1.1","host","USB","35","0000100000000000","URB_INTERRUPT in"
"13845","886.607757","1.1.1","host","USB","35","0000000000000000","URB_INTERRUPT in"
"13847","886.615757","1.1.1","host","USB","35","0000080000000000","URB_INTERRUPT in"
"13849","886.687763","1.1.1","host","USB","35","0000000000000000","URB_INTERRUPT in"
"13851","886.703768","1.1.1","host","USB","35","00002c0000000000","URB_INTERRUPT in"
"13853","886.759769","1.1.1","host","USB","35","0000000000000000","URB_INTERRUPT in"
"13855","886.807776","1.1.1","host","USB","35","0200000000000000","URB_INTERRUPT in"
"13857","886.871778","1.1.1","host","USB","35","02000c0000000000","URB_INTERRUPT in"
"13859","886.919787","1.1.1","host","USB","35","0200000000000000","URB_INTERRUPT in"
"13861","886.967796","1.1.1","host","USB","35","0000000000000000","URB_INTERRUPT in"
"13863","886.991803","1.1.1","host","USB","35","00002c0000000000","URB_INTERRUPT in"
"13865","887.079814","1.1.1","host","USB","35","0000000000000000","URB_INTERRUPT in"
"13867","887.111811","1.1.1","host","USB","35","0000160000000000","URB_INTERRUPT in"
"13869","887.183825","1.1.1","host","USB","35","0000160800000000","URB_INTERRUPT in"
"13871","887.207825","1.1.1","host","USB","35","0000080000000000","URB_INTERRUPT in"
"13873","887.239818","1.1.1","host","USB","35","0000000000000000","URB_INTERRUPT in"
"13875","887.311841","1.1.1","host","USB","35","0000080000000000","URB_INTERRUPT in"
"13877","887.399840","1.1.1","host","USB","35","0000000000000000","URB_INTERRUPT in"
"13879","887.423840","1.1.1","host","USB","35","00002c0000000000","URB_INTERRUPT in"
"13881","887.511861","1.1.1","host","USB","35","0000000000000000","URB_INTERRUPT in"
"13883","887.527853","1.1.1","host","USB","35","0000040000000000","URB_INTERRUPT in"
"13885","887.599870","1.1.1","host","USB","35","0000000000000000","URB_INTERRUPT in"
"13887","887.615859","1.1.1","host","USB","35","00002c0000000000","URB_INTERRUPT in"
"13889","887.703871","1.1.1","host","USB","35","0000000000000000","URB_INTERRUPT in"
"13891","888.175922","1.1.1","host","USB","35","0000070000000000","URB_INTERRUPT in"
"13893","888.287939","1.1.1","host","USB","35","0000000000000000","URB_INTERRUPT in"
"13895","888.415948","1.1.1","host","USB","35","0000180000000000","URB_INTERRUPT in"
"13897","888.487958","1.1.1","host","USB","35","0000000000000000","URB_INTERRUPT in"
"13899","888.503961","1.1.1","host","USB","35","0000060000000000","URB_INTERRUPT in"
"13901","888.599977","1.1.1","host","USB","35","0000000000000000","URB_INTERRUPT in"
"13903","888.655966","1.1.1","host","USB","35","00000e0000000000","URB_INTERRUPT in"
"13905","888.695973","1.1.1","host","USB","35","0000000000000000","URB_INTERRUPT in"
"13907","888.783980","1.1.1","host","USB","35","00002c0000000000","URB_INTERRUPT in"
"13909","888.911993","1.1.1","host","USB","35","0000000000000000","URB_INTERRUPT in"
"13911","888.928001","1.1.1","host","USB","35","0000090000000000","URB_INTERRUPT in"
"13913","889.024005","1.1.1","host","USB","35","0000000000000000","URB_INTERRUPT in"
"13915","889.104018","1.1.1","host","USB","35","00000f0000000000","URB_INTERRUPT in"
"13917","889.184024","1.1.1","host","USB","35","0000000000000000","URB_INTERRUPT in"
"13919","889.296034","1.1.1","host","USB","35","0000120000000000","URB_INTERRUPT in"
"13921","889.392046","1.1.1","host","USB","35","0000000000000000","URB_INTERRUPT in"
"13923","889.400042","1.1.1","host","USB","35","0000040000000000","URB_INTERRUPT in"
"13925","889.464051","1.1.1","host","USB","35","0000000000000000","URB_INTERRUPT in"
"13927","889.528061","1.1.1","host","USB","35","0000170000000000","URB_INTERRUPT in"
"13929","889.608067","1.1.1","host","USB","35","0000000000000000","URB_INTERRUPT in"
"13931","889.624075","1.1.1","host","USB","35","00000c0000000000","URB_INTERRUPT in"
"13933","889.696076","1.1.1","host","USB","35","00000c1100000000","URB_INTERRUPT in"
"13935","889.728080","1.1.1","host","USB","35","0000110000000000","URB_INTERRUPT in"
"13937","889.760083","1.1.1","host","USB","35","0000110a00000000","URB_INTERRUPT in"
"13939","889.768089","1.1.1","host","USB","35","00000a0000000000","URB_INTERRUPT in"
"13941","889.824096","1.1.1","host","USB","35","0000000000000000","URB_INTERRUPT in"
"13943","889.840102","1.1.1","host","USB","35","00002c0000000000","URB_INTERRUPT in"
"13945","889.952118","1.1.1","host","USB","35","0000000000000000","URB_INTERRUPT in"
"13947","890.232141","1.1.1","host","USB","35","00000a0000000000","URB_INTERRUPT in"
"13949","890.312147","1.1.1","host","USB","35","0000000000000000","URB_INTERRUPT in"
"13951","890.328147","1.1.1","host","USB","35","0000150000000000","URB_INTERRUPT in"
"13953","890.352160","1.1.1","host","USB","35","0000000000000000","URB_INTERRUPT in"
"13955","890.520179","1.1.1","host","USB","35","0000040000000000","URB_INTERRUPT in"
"13957","890.568174","1.1.1","host","USB","35","0000000000000000","URB_INTERRUPT in"
"13959","890.688197","1.1.1","host","USB","35","0000060000000000","URB_INTERRUPT in"
"13961","890.744193","1.1.1","host","USB","35","0000060800000000","URB_INTERRUPT in"
"13963","890.768197","1.1.1","host","USB","35","0000080000000000","URB_INTERRUPT in"
"13965","890.824205","1.1.1","host","USB","35","0000000000000000","URB_INTERRUPT in"
"13967","890.960210","1.1.1","host","USB","35","0000090000000000","URB_INTERRUPT in"
"13969","891.040220","1.1.1","host","USB","35","0000000000000000","URB_INTERRUPT in"
"13971","891.112226","1.1.1","host","USB","35","0000180000000000","URB_INTERRUPT in"
"13973","891.176233","1.1.1","host","USB","35","0000000000000000","URB_INTERRUPT in"
"13975","891.296251","1.1.1","host","USB","35","00000f0000000000","URB_INTERRUPT in"
"13977","891.344256","1.1.1","host","USB","35","0000000000000000","URB_INTERRUPT in"
"13979","891.424258","1.1.1","host","USB","35","00000f0000000000","URB_INTERRUPT in"
"13981","891.496265","1.1.1","host","USB","35","0000000000000000","URB_INTERRUPT in"
"13983","891.512276","1.1.1","host","USB","35","00001c0000000000","URB_INTERRUPT in"
"13985","891.600285","1.1.1","host","USB","35","0000000000000000","URB_INTERRUPT in"
"13987","891.672285","1.1.1","host","USB","35","00002c0000000000","URB_INTERRUPT in"
"13989","891.784297","1.1.1","host","USB","35","0000000000000000","URB_INTERRUPT in"
"13991","891.856309","1.1.1","host","USB","35","0000040000000000","URB_INTERRUPT in"
"13993","891.912311","1.1.1","host","USB","35","0000000000000000","URB_INTERRUPT in"
"13995","891.984318","1.1.1","host","USB","35","0000060000000000","URB_INTERRUPT in"
"13997","892.032339","1.1.1","host","USB","35","0000000000000000","URB_INTERRUPT in"
"13999","892.136351","1.1.1","host","USB","35","0000060000000000","URB_INTERRUPT in"
"14001","892.184355","1.1.1","host","USB","35","0000000000000000","URB_INTERRUPT in"
"14003","892.448383","1.1.1","host","USB","35","00002a0000000000","URB_INTERRUPT in"
"14005","892.512385","1.1.1","host","USB","35","0000000000000000","URB_INTERRUPT in"
"14007","892.528392","1.1.1","host","USB","35","0000150000000000","URB_INTERRUPT in"
"14009","892.624403","1.1.1","host","USB","35","0000000000000000","URB_INTERRUPT in"
"14011","892.744409","1.1.1","host","USB","35","0000120000000000","URB_INTERRUPT in"
"14013","892.816415","1.1.1","host","USB","35","0000000000000000","URB_INTERRUPT in"
"14015","892.848423","1.1.1","host","USB","35","0000160000000000","URB_INTERRUPT in"
"14017","892.920428","1.1.1","host","USB","35","0000000000000000","URB_INTERRUPT in"
"14019","893.016443","1.1.1","host","USB","35","0000160000000000","URB_INTERRUPT in"
"14021","893.064440","1.1.1","host","USB","35","0000000000000000","URB_INTERRUPT in"
"14023","893.120453","1.1.1","host","USB","35","00002c0000000000","URB_INTERRUPT in"
"14025","893.200466","1.1.1","host","USB","35","0000000000000000","URB_INTERRUPT in"
"14027","893.208455","1.1.1","host","USB","35","0000040000000000","URB_INTERRUPT in"
"14029","893.288473","1.1.1","host","USB","35","0000000000000000","URB_INTERRUPT in"
"14031","893.304458","1.1.1","host","USB","35","00002c0000000000","URB_INTERRUPT in"
"14033","893.400478","1.1.1","host","USB","35","0000000000000000","URB_INTERRUPT in"
"14035","893.504496","1.1.1","host","USB","35","0000130000000000","URB_INTERRUPT in"
"14037","893.624500","1.1.1","host","USB","35","0000000000000000","URB_INTERRUPT in"
"14039","893.704508","1.1.1","host","USB","35","0000120000000000","URB_INTERRUPT in"
"14041","893.816537","1.1.1","host","USB","35","0000000000000000","URB_INTERRUPT in"
"14043","893.840532","1.1.1","host","USB","35","0000110000000000","URB_INTERRUPT in"
"14045","893.936544","1.1.1","host","USB","35","0000000000000000","URB_INTERRUPT in"
"14047","893.968537","1.1.1","host","USB","35","00000a0000000000","URB_INTERRUPT in"
"14049","894.032552","1.1.1","host","USB","35","0000000000000000","URB_INTERRUPT in"
"14051","894.128549","1.1.1","host","USB","35","0000360000000000","URB_INTERRUPT in"
"14053","894.160550","1.1.1","host","USB","35","0000362c00000000","URB_INTERRUPT in"
"14055","894.224560","1.1.1","host","USB","35","00002c0000000000","URB_INTERRUPT in"
"14057","894.288564","1.1.1","host","USB","35","0000000000000000","URB_INTERRUPT in"
"14059","894.344570","1.1.1","host","USB","35","0200000000000000","URB_INTERRUPT in"
"14061","894.432586","1.1.1","host","USB","35","02000c0000000000","URB_INTERRUPT in"
"14063","894.496587","1.1.1","host","USB","35","0200000000000000","URB_INTERRUPT in"
"14065","894.512597","1.1.1","host","USB","35","0000000000000000","URB_INTERRUPT in"
"14067","894.576600","1.1.1","host","USB","35","00002c0000000000","URB_INTERRUPT in"
"14069","894.664604","1.1.1","host","USB","35","0000000000000000","URB_INTERRUPT in"
"14071","894.712609","1.1.1","host","USB","35","0000060000000000","URB_INTERRUPT in"
"14073","894.808619","1.1.1","host","USB","35","0000060400000000","URB_INTERRUPT in"
"14075","894.816620","1.1.1","host","USB","35","0000060411000000","URB_INTERRUPT in"
"14077","894.824630","1.1.1","host","USB","35","0000041100000000","URB_INTERRUPT in"
"14079","894.872626","1.1.1","host","USB","35","0000110000000000","URB_INTERRUPT in"
"14081","894.896629","1.1.1","host","USB","35","0000000000000000","URB_INTERRUPT in"
"14083","895.016647","1.1.1","host","USB","35","0000340000000000","URB_INTERRUPT in"
"14085","895.128659","1.1.1","host","USB","35","0000000000000000","URB_INTERRUPT in"
"14087","895.176657","1.1.1","host","USB","35","0000170000000000","URB_INTERRUPT in"
"14089","895.256668","1.1.1","host","USB","35","0000000000000000","URB_INTERRUPT in"
"14091","895.272668","1.1.1","host","USB","35","00002c0000000000","URB_INTERRUPT in"
"14093","895.344680","1.1.1","host","USB","35","0000000000000000","URB_INTERRUPT in"
"14095","895.480696","1.1.1","host","USB","35","00000b0000000000","URB_INTERRUPT in"
"14097","895.552714","1.1.1","host","USB","35","0000000000000000","URB_INTERRUPT in"
"14099","895.680725","1.1.1","host","USB","35","0000080000000000","URB_INTERRUPT in"
"14101","895.760735","1.1.1","host","USB","35","0000000000000000","URB_INTERRUPT in"
"14103","895.800739","1.1.1","host","USB","35","00000f0000000000","URB_INTERRUPT in"
"14105","895.872745","1.1.1","host","USB","35","0000000000000000","URB_INTERRUPT in"
"14107","896.344797","1.1.1","host","USB","35","0000130000000000","URB_INTERRUPT in"
"14109","896.480795","1.1.1","host","USB","35","0000000000000000","URB_INTERRUPT in"
"14111","896.872839","1.1.1","host","USB","35","00002c0000000000","URB_INTERRUPT in"
"14113","896.960847","1.1.1","host","USB","35","0000000000000000","URB_INTERRUPT in"
"14115","897.152866","1.1.1","host","USB","35","0000050000000000","URB_INTERRUPT in"
"14117","897.208873","1.1.1","host","USB","35","0000051800000000","URB_INTERRUPT in"
"14119","897.256878","1.1.1","host","USB","35","0000180000000000","URB_INTERRUPT in"
"14121","897.296881","1.1.1","host","USB","35","0000000000000000","URB_INTERRUPT in"
"14123","897.336886","1.1.1","host","USB","35","0000170000000000","URB_INTERRUPT in"
"14125","897.408904","1.1.1","host","USB","35","0000000000000000","URB_INTERRUPT in"
"14127","897.432896","1.1.1","host","USB","35","00002c0000000000","URB_INTERRUPT in"
"14129","897.536911","1.1.1","host","USB","35","0000000000000000","URB_INTERRUPT in"
"14131","897.664931","1.1.1","host","USB","35","0000090000000000","URB_INTERRUPT in"
"14133","897.736948","1.1.1","host","USB","35","0000000000000000","URB_INTERRUPT in"
"14135","897.752934","1.1.1","host","USB","35","0000080000000000","URB_INTERRUPT in"
"14137","897.816950","1.1.1","host","USB","35","0000000000000000","URB_INTERRUPT in"
"14139","898.144988","1.1.1","host","USB","35","0000080000000000","URB_INTERRUPT in"
"14141","898.208995","1.1.1","host","USB","35","0000000000000000","URB_INTERRUPT in"
"14143","898.256995","1.1.1","host","USB","35","00000f0000000000","URB_INTERRUPT in"
"14145","898.321001","1.1.1","host","USB","35","0000000000000000","URB_INTERRUPT in"
"14147","898.417014","1.1.1","host","USB","35","00002c0000000000","URB_INTERRUPT in"
"14149","898.505026","1.1.1","host","USB","35","0000000000000000","URB_INTERRUPT in"
"14151","898.529014","1.1.1","host","USB","35","0000040000000000","URB_INTERRUPT in"
"14153","898.593025","1.1.1","host","USB","35","0000042c00000000","URB_INTERRUPT in"
"14155","898.601027","1.1.1","host","USB","35","00002c0000000000","URB_INTERRUPT in"
"14157","898.665039","1.1.1","host","USB","35","0000000000000000","URB_INTERRUPT in"
"14159","898.769055","1.1.1","host","USB","35","00000f0000000000","URB_INTERRUPT in"
"14161","898.825059","1.1.1","host","USB","35","0000000000000000","URB_INTERRUPT in"
"14163","898.953078","1.1.1","host","USB","35","00000c0000000000","URB_INTERRUPT in"
"14165","899.009071","1.1.1","host","USB","35","0000000000000000","URB_INTERRUPT in"
"14167","899.017065","1.1.1","host","USB","35","0000170000000000","URB_INTERRUPT in"
"14169","899.073086","1.1.1","host","USB","35","0000000000000000","URB_INTERRUPT in"
"14171","899.153085","1.1.1","host","USB","35","0000170000000000","URB_INTERRUPT in"
"14173","899.225102","1.1.1","host","USB","35","0000000000000000","URB_INTERRUPT in"
"14175","899.257105","1.1.1","host","USB","35","00000f0000000000","URB_INTERRUPT in"
"14177","899.329104","1.1.1","host","USB","35","0000000000000000","URB_INTERRUPT in"
"14179","899.337105","1.1.1","host","USB","35","0000080000000000","URB_INTERRUPT in"
"14181","899.433117","1.1.1","host","USB","35","0000000000000000","URB_INTERRUPT in"
"14183","899.441120","1.1.1","host","USB","35","00002c0000000000","URB_INTERRUPT in"
"14185","899.513134","1.1.1","host","USB","35","0000000000000000","URB_INTERRUPT in"
"14187","899.657135","1.1.1","host","USB","35","0000180000000000","URB_INTERRUPT in"
"14189","899.713138","1.1.1","host","USB","35","0000181100000000","URB_INTERRUPT in"
"14191","899.745142","1.1.1","host","USB","35","0000110000000000","URB_INTERRUPT in"
"14193","899.801149","1.1.1","host","USB","35","0000000000000000","URB_INTERRUPT in"
"14195","899.849155","1.1.1","host","USB","35","0000080000000000","URB_INTERRUPT in"
"14197","899.953163","1.1.1","host","USB","35","0000000000000000","URB_INTERRUPT in"
"14199","900.017172","1.1.1","host","USB","35","0000040000000000","URB_INTERRUPT in"
"14201","900.105184","1.1.1","host","USB","35","0000041600000000","URB_INTERRUPT in"
"14203","900.145185","1.1.1","host","USB","35","0000160000000000","URB_INTERRUPT in"
"14205","900.201187","1.1.1","host","USB","35","0000000000000000","URB_INTERRUPT in"
"14207","900.273198","1.1.1","host","USB","35","00001c0000000000","URB_INTERRUPT in"
"14209","900.353207","1.1.1","host","USB","35","0000000000000000","URB_INTERRUPT in"
"14211","900.929278","1.1.1","host","USB","35","0000360000000000","URB_INTERRUPT in"
"14213","901.049299","1.1.1","host","USB","35","0000000000000000","URB_INTERRUPT in"
"14215","901.145294","1.1.1","host","USB","35","00002c0000000000","URB_INTERRUPT in"
"14217","901.201311","1.1.1","host","USB","35","02002c0000000000","URB_INTERRUPT in"
"14219","901.225299","1.1.1","host","USB","35","0200000000000000","URB_INTERRUPT in"
"14221","901.545341","1.1.1","host","USB","35","0200120000000000","URB_INTERRUPT in"
"14223","901.617349","1.1.1","host","USB","35","0200000000000000","URB_INTERRUPT in"
"14225","901.729363","1.1.1","host","USB","35","0000000000000000","URB_INTERRUPT in"
"14227","902.089392","1.1.1","host","USB","35","00002a0000000000","URB_INTERRUPT in"
"14229","902.129394","1.1.1","host","USB","35","0000000000000000","URB_INTERRUPT in"
"14231","902.209401","1.1.1","host","USB","35","00002a0000000000","URB_INTERRUPT in"
"14233","902.265412","1.1.1","host","USB","35","0000000000000000","URB_INTERRUPT in"
"14235","902.345420","1.1.1","host","USB","35","00002a0000000000","URB_INTERRUPT in"
"14237","902.441434","1.1.1","host","USB","35","0000000000000000","URB_INTERRUPT in"
"14239","902.777464","1.1.1","host","USB","35","0000370000000000","URB_INTERRUPT in"
"14241","902.849472","1.1.1","host","USB","35","0000000000000000","URB_INTERRUPT in"
"14243","902.873472","1.1.1","host","USB","35","00002c0000000000","URB_INTERRUPT in"
"14245","902.985486","1.1.1","host","USB","35","02002c0000000000","URB_INTERRUPT in"
"14247","902.993484","1.1.1","host","USB","35","0200000000000000","URB_INTERRUPT in"
"14249","903.057497","1.1.1","host","USB","35","0200120000000000","URB_INTERRUPT in"
"14251","903.145519","1.1.1","host","USB","35","0200000000000000","URB_INTERRUPT in"
"14253","903.201522","1.1.1","host","USB","35","0000000000000000","URB_INTERRUPT in"
"14255","903.233521","1.1.1","host","USB","35","0000110000000000","URB_INTERRUPT in"
"14257","903.305536","1.1.1","host","USB","35","0000000000000000","URB_INTERRUPT in"
"14259","903.393546","1.1.1","host","USB","35","00002c0000000000","URB_INTERRUPT in"
"14261","903.465544","1.1.1","host","USB","35","0000000000000000","URB_INTERRUPT in"
"14263","903.489548","1.1.1","host","USB","35","0000170000000000","URB_INTERRUPT in"
"14265","903.569564","1.1.1","host","USB","35","0000000000000000","URB_INTERRUPT in"
"14267","903.577558","1.1.1","host","USB","35","00000b0000000000","URB_INTERRUPT in"
"14269","903.641570","1.1.1","host","USB","35","0000000000000000","URB_INTERRUPT in"
"14271","903.657557","1.1.1","host","USB","35","0000080000000000","URB_INTERRUPT in"
"14273","903.729582","1.1.1","host","USB","35","0000000000000000","URB_INTERRUPT in"
"14275","903.737572","1.1.1","host","USB","35","00002c0000000000","URB_INTERRUPT in"
"14277","903.825584","1.1.1","host","USB","35","0000000000000000","URB_INTERRUPT in"
"14279","903.953594","1.1.1","host","USB","35","0000160000000000","URB_INTERRUPT in"
"14281","904.041614","1.1.1","host","USB","35","0000000000000000","URB_INTERRUPT in"
"14283","904.105620","1.1.1","host","USB","35","0000180000000000","URB_INTERRUPT in"
"14285","904.185624","1.1.1","host","USB","35","0000000000000000","URB_INTERRUPT in"
"14287","904.209630","1.1.1","host","USB","35","0000150000000000","URB_INTERRUPT in"
"14289","904.281630","1.1.1","host","USB","35","0000000000000000","URB_INTERRUPT in"
"14291","904.465651","1.1.1","host","USB","35","0000090000000000","URB_INTERRUPT in"
"14293","904.521662","1.1.1","host","USB","35","0000000000000000","URB_INTERRUPT in"
"14295","904.633669","1.1.1","host","USB","35","0000040000000000","URB_INTERRUPT in"
"14297","904.729679","1.1.1","host","USB","35","0000060000000000","URB_INTERRUPT in"
"14299","904.801692","1.1.1","host","USB","35","0000060800000000","URB_INTERRUPT in"
"14301","904.825698","1.1.1","host","USB","35","0000080000000000","URB_INTERRUPT in"
"14303","904.889699","1.1.1","host","USB","35","0000000000000000","URB_INTERRUPT in"
"14305","904.897693","1.1.1","host","USB","35","0000360000000000","URB_INTERRUPT in"
"14307","904.937709","1.1.1","host","USB","35","0000362c00000000","URB_INTERRUPT in"
"14309","904.985714","1.1.1","host","USB","35","00002c0000000000","URB_INTERRUPT in"
"14311","905.057709","1.1.1","host","USB","35","0000000000000000","URB_INTERRUPT in"
"14313","905.097725","1.1.1","host","USB","35","0000170000000000","URB_INTERRUPT in"
"14315","905.177719","1.1.1","host","USB","35","0000000000000000","URB_INTERRUPT in"
"14317","905.209723","1.1.1","host","USB","35","00000b0000000000","URB_INTERRUPT in"
"14319","905.273728","1.1.1","host","USB","35","00000b0800000000","URB_INTERRUPT in"
"14321","905.281732","1.1.1","host","USB","35","0000080000000000","URB_INTERRUPT in"
"14323","905.361738","1.1.1","host","USB","35","0000000000000000","URB_INTERRUPT in"
"14325","905.385751","1.1.1","host","USB","35","00001c0000000000","URB_INTERRUPT in"
"14327","905.473750","1.1.1","host","USB","35","0000000000000000","URB_INTERRUPT in"
"14329","905.561758","1.1.1","host","USB","35","00002c0000000000","URB_INTERRUPT in"
"14331","905.641769","1.1.1","host","USB","35","0000000000000000","URB_INTERRUPT in"
"14333","905.657767","1.1.1","host","USB","35","0000160000000000","URB_INTERRUPT in"
"14335","905.713774","1.1.1","host","USB","35","0000160800000000","URB_INTERRUPT in"
"14337","905.753780","1.1.1","host","USB","35","0000080000000000","URB_INTERRUPT in"
"14339","905.801784","1.1.1","host","USB","35","0000000000000000","URB_INTERRUPT in"
"14341","905.889792","1.1.1","host","USB","35","0000080000000000","URB_INTERRUPT in"
"14343","905.985804","1.1.1","host","USB","35","0000000000000000","URB_INTERRUPT in"
"14345","906.025806","1.1.1","host","USB","35","0000100000000000","URB_INTERRUPT in"
"14347","906.113823","1.1.1","host","USB","35","0000000000000000","URB_INTERRUPT in"
"14349","906.209827","1.1.1","host","USB","35","00002c0000000000","URB_INTERRUPT in"
"14351","906.305852","1.1.1","host","USB","35","0000000000000000","URB_INTERRUPT in"
"14353","906.409853","1.1.1","host","USB","35","0000060000000000","URB_INTERRUPT in"
"14355","906.505874","1.1.1","host","USB","35","0000000000000000","URB_INTERRUPT in"
"14357","906.513860","1.1.1","host","USB","35","0000040000000000","URB_INTERRUPT in"
"14359","906.593886","1.1.1","host","USB","35","0000000000000000","URB_INTERRUPT in"
"14361","906.601870","1.1.1","host","USB","35","00000f0000000000","URB_INTERRUPT in"
"14363","906.689885","1.1.1","host","USB","35","0000000000000000","URB_INTERRUPT in"
"14365","906.825900","1.1.1","host","USB","35","0000100000000000","URB_INTERRUPT in"
"14367","906.937921","1.1.1","host","USB","35","0000000000000000","URB_INTERRUPT in"
"14369","907.289951","1.1.1","host","USB","35","0000360000000000","URB_INTERRUPT in"
"14371","907.377952","1.1.1","host","USB","35","0000362c00000000","URB_INTERRUPT in"
"14373","907.385957","1.1.1","host","USB","35","00002c0000000000","URB_INTERRUPT in"
"14375","907.481963","1.1.1","host","USB","35","0000000000000000","URB_INTERRUPT in"
"14377","907.585976","1.1.1","host","USB","35","0000060000000000","URB_INTERRUPT in"
"14379","907.681984","1.1.1","host","USB","35","0000120000000000","URB_INTERRUPT in"
"14381","907.761993","1.1.1","host","USB","35","0000121000000000","URB_INTERRUPT in"
"14383","907.809999","1.1.1","host","USB","35","0000100000000000","URB_INTERRUPT in"
"14385","907.826007","1.1.1","host","USB","35","0000000000000000","URB_INTERRUPT in"
"14387","907.946014","1.1.1","host","USB","35","0000130000000000","URB_INTERRUPT in"
"14389","908.058028","1.1.1","host","USB","35","0000131200000000","URB_INTERRUPT in"
"14391","908.090039","1.1.1","host","USB","35","0000120000000000","URB_INTERRUPT in"
"14393","908.146034","1.1.1","host","USB","35","0000121600000000","URB_INTERRUPT in"
"14395","908.162037","1.1.1","host","USB","35","0000160000000000","URB_INTERRUPT in"
"14397","908.226045","1.1.1","host","USB","35","0000160800000000","URB_INTERRUPT in"
"14399","908.242043","1.1.1","host","USB","35","0000080000000000","URB_INTERRUPT in"
"14401","908.290057","1.1.1","host","USB","35","0000000000000000","URB_INTERRUPT in"
"14403","908.410070","1.1.1","host","USB","35","0000070000000000","URB_INTERRUPT in"
"14405","908.506083","1.1.1","host","USB","35","0000000000000000","URB_INTERRUPT in"
"14407","908.594087","1.1.1","host","USB","35","0000360000000000","URB_INTERRUPT in"
"14409","908.626091","1.1.1","host","USB","35","0000362c00000000","URB_INTERRUPT in"
"14411","908.698108","1.1.1","host","USB","35","00002c0000000000","URB_INTERRUPT in"
"14413","908.730108","1.1.1","host","USB","35","0000000000000000","URB_INTERRUPT in"
"14415","908.794107","1.1.1","host","USB","35","0000040000000000","URB_INTERRUPT in"
"14417","908.890126","1.1.1","host","USB","35","0000041100000000","URB_INTERRUPT in"
"14419","908.898120","1.1.1","host","USB","35","0000110000000000","URB_INTERRUPT in"
"14421","908.994139","1.1.1","host","USB","35","0000000000000000","URB_INTERRUPT in"
"14423","909.002130","1.1.1","host","USB","35","0000070000000000","URB_INTERRUPT in"
"14425","909.098153","1.1.1","host","USB","35","0000072c00000000","URB_INTERRUPT in"
"14427","909.106143","1.1.1","host","USB","35","00002c0000000000","URB_INTERRUPT in"
"14429","909.194154","1.1.1","host","USB","35","0000000000000000","URB_INTERRUPT in"
"14431","909.418182","1.1.1","host","USB","35","0000130000000000","URB_INTERRUPT in"
"14433","909.498194","1.1.1","host","USB","35","0000130800000000","URB_INTERRUPT in"
"14435","909.514187","1.1.1","host","USB","35","0000080000000000","URB_INTERRUPT in"
"14437","909.570200","1.1.1","host","USB","35","0000081500000000","URB_INTERRUPT in"
"14439","909.602201","1.1.1","host","USB","35","0000150000000000","URB_INTERRUPT in"
"14441","909.658205","1.1.1","host","USB","35","0000000000000000","URB_INTERRUPT in"
"14443","909.778221","1.1.1","host","USB","35","0000090000000000","URB_INTERRUPT in"
"14445","909.858231","1.1.1","host","USB","35","0000090800000000","URB_INTERRUPT in"
"14447","909.866221","1.1.1","host","USB","35","0000080000000000","URB_INTERRUPT in"
"14449","909.946236","1.1.1","host","USB","35","0000000000000000","URB_INTERRUPT in"
"14451","909.978242","1.1.1","host","USB","35","0000060000000000","URB_INTERRUPT in"
"14453","910.058243","1.1.1","host","USB","35","0000000000000000","URB_INTERRUPT in"
"14455","910.170264","1.1.1","host","USB","35","0000170000000000","URB_INTERRUPT in"
"14457","910.258274","1.1.1","host","USB","35","0000000000000000","URB_INTERRUPT in"
"14459","910.282259","1.1.1","host","USB","35","00000f0000000000","URB_INTERRUPT in"
"14461","910.370283","1.1.1","host","USB","35","0000000000000000","URB_INTERRUPT in"
"14463","910.402274","1.1.1","host","USB","35","00001c0000000000","URB_INTERRUPT in"
"14465","910.482288","1.1.1","host","USB","35","0000000000000000","URB_INTERRUPT in"
"14467","911.290368","1.1.1","host","USB","35","00002c0000000000","URB_INTERRUPT in"
"14469","911.370381","1.1.1","host","USB","35","0000000000000000","URB_INTERRUPT in"
"14471","911.490388","1.1.1","host","USB","35","00000b0000000000","URB_INTERRUPT in"
"14473","911.562395","1.1.1","host","USB","35","0000040000000000","URB_INTERRUPT in"
"14475","911.610404","1.1.1","host","USB","35","0000041500000000","URB_INTERRUPT in"
"14477","911.634403","1.1.1","host","USB","35","0000150000000000","URB_INTERRUPT in"
"14479","911.722412","1.1.1","host","USB","35","0000000000000000","URB_INTERRUPT in"
"14481","911.858447","1.1.1","host","USB","35","0000100000000000","URB_INTERRUPT in"
"14483","911.962453","1.1.1","host","USB","35","0000000000000000","URB_INTERRUPT in"
"14485","912.202473","1.1.1","host","USB","35","00000f0000000000","URB_INTERRUPT in"
"14487","912.298491","1.1.1","host","USB","35","00000f0800000000","URB_INTERRUPT in"
"14489","912.314492","1.1.1","host","USB","35","0000080000000000","URB_INTERRUPT in"
"14491","912.378495","1.1.1","host","USB","35","0000000000000000","URB_INTERRUPT in"
"14493","912.514503","1.1.1","host","USB","35","0000160000000000","URB_INTERRUPT in"
"14495","912.562511","1.1.1","host","USB","35","0000000000000000","URB_INTERRUPT in"
"14497","912.658527","1.1.1","host","USB","35","0000160000000000","URB_INTERRUPT in"
"14499","912.738538","1.1.1","host","USB","35","0000000000000000","URB_INTERRUPT in"
"14501","912.842534","1.1.1","host","USB","35","0000370000000000","URB_INTERRUPT in"
"14503","912.930542","1.1.1","host","USB","35","0000000000000000","URB_INTERRUPT in"
"14505","913.018549","1.1.1","host","USB","35","00002c0000000000","URB_INTERRUPT in"
"14507","913.106569","1.1.1","host","USB","35","0000000000000000","URB_INTERRUPT in"
"14509","913.114560","1.1.1","host","USB","35","0200000000000000","URB_INTERRUPT in"
"14511","913.242587","1.1.1","host","USB","35","0200050000000000","URB_INTERRUPT in"
"14513","913.290579","1.1.1","host","USB","35","0200000000000000","URB_INTERRUPT in"
"14515","913.322581","1.1.1","host","USB","35","0000000000000000","URB_INTERRUPT in"
"14517","913.394588","1.1.1","host","USB","35","0000180000000000","URB_INTERRUPT in"
"14519","913.474601","1.1.1","host","USB","35","0000000000000000","URB_INTERRUPT in"
"14521","913.522605","1.1.1","host","USB","35","0000170000000000","URB_INTERRUPT in"
"14523","913.586611","1.1.1","host","USB","35","0000000000000000","URB_INTERRUPT in"
"14525","913.594620","1.1.1","host","USB","35","00002c0000000000","URB_INTERRUPT in"
"14527","913.658617","1.1.1","host","USB","35","0000000000000000","URB_INTERRUPT in"
"14529","913.762630","1.1.1","host","USB","35","0000110000000000","URB_INTERRUPT in"
"14531","913.850640","1.1.1","host","USB","35","0000111200000000","URB_INTERRUPT in"
"14533","913.874646","1.1.1","host","USB","35","0000120000000000","URB_INTERRUPT in"
"14535","913.962652","1.1.1","host","USB","35","0000000000000000","URB_INTERRUPT in"
"14537","914.034661","1.1.1","host","USB","35","00001a0000000000","URB_INTERRUPT in"
"14539","914.098676","1.1.1","host","USB","35","0000000000000000","URB_INTERRUPT in"
"14541","914.178676","1.1.1","host","USB","35","00002c0000000000","URB_INTERRUPT in"
"14543","914.282700","1.1.1","host","USB","35","0000000000000000","URB_INTERRUPT in"
"14545","914.506726","1.1.1","host","USB","35","0000170000000000","URB_INTERRUPT in"
"14547","914.602726","1.1.1","host","USB","35","0000000000000000","URB_INTERRUPT in"
"14549","914.690743","1.1.1","host","USB","35","00000b0000000000","URB_INTERRUPT in"
"14551","914.778747","1.1.1","host","USB","35","0000000000000000","URB_INTERRUPT in"
"14553","914.858749","1.1.1","host","USB","35","0000040000000000","URB_INTERRUPT in"
"14555","914.954772","1.1.1","host","USB","35","0000041700000000","URB_INTERRUPT in"
"14557","914.962765","1.1.1","host","USB","35","0000170000000000","URB_INTERRUPT in"
"14559","915.042781","1.1.1","host","USB","35","0000000000000000","URB_INTERRUPT in"
"14561","915.146781","1.1.1","host","USB","35","00002c0000000000","URB_INTERRUPT in"
"14563","915.234802","1.1.1","host","USB","35","0000000000000000","URB_INTERRUPT in"
"14565","915.250787","1.1.1","host","USB","35","0200000000000000","URB_INTERRUPT in"
"14567","915.338815","1.1.1","host","USB","35","02000c0000000000","URB_INTERRUPT in"
"14569","915.394818","1.1.1","host","USB","35","0200000000000000","URB_INTERRUPT in"
"14571","915.410815","1.1.1","host","USB","35","0000000000000000","URB_INTERRUPT in"
"14573","915.474819","1.1.1","host","USB","35","00002c0000000000","URB_INTERRUPT in"
"14575","915.546835","1.1.1","host","USB","35","0000000000000000","URB_INTERRUPT in"
"14577","915.698851","1.1.1","host","USB","35","00000e0000000000","URB_INTERRUPT in"
"14579","915.762860","1.1.1","host","USB","35","00000e1100000000","URB_INTERRUPT in"
"14581","915.786861","1.1.1","host","USB","35","0000110000000000","URB_INTERRUPT in"
"14583","915.850861","1.1.1","host","USB","35","0000000000000000","URB_INTERRUPT in"
"14585","915.930870","1.1.1","host","USB","35","0000120000000000","URB_INTERRUPT in"
"14587","915.994871","1.1.1","host","USB","35","0000000000000000","URB_INTERRUPT in"
"14589","916.010876","1.1.1","host","USB","35","00001a0000000000","URB_INTERRUPT in"
"14591","916.098891","1.1.1","host","USB","35","0000000000000000","URB_INTERRUPT in"
"14593","916.114881","1.1.1","host","USB","35","00002c0000000000","URB_INTERRUPT in"
"14595","916.202890","1.1.1","host","USB","35","0000000000000000","URB_INTERRUPT in"
"14597","916.290906","1.1.1","host","USB","35","00001a0000000000","URB_INTERRUPT in"
"14599","916.378907","1.1.1","host","USB","35","0000000000000000","URB_INTERRUPT in"
"14601","916.442913","1.1.1","host","USB","35","00000b0000000000","URB_INTERRUPT in"
"14603","916.506921","1.1.1","host","USB","35","00000b0400000000","URB_INTERRUPT in"
"14605","916.522927","1.1.1","host","USB","35","0000040000000000","URB_INTERRUPT in"
"14607","916.602933","1.1.1","host","USB","35","0000000000000000","URB_INTERRUPT in"
"14609","916.618931","1.1.1","host","USB","35","0000170000000000","URB_INTERRUPT in"
"14611","916.706943","1.1.1","host","USB","35","0000000000000000","URB_INTERRUPT in"
"14613","916.722945","1.1.1","host","USB","35","0000340000000000","URB_INTERRUPT in"
"14615","916.818957","1.1.1","host","USB","35","0000000000000000","URB_INTERRUPT in"
"14617","916.850956","1.1.1","host","USB","35","0000160000000000","URB_INTERRUPT in"
"14619","916.946971","1.1.1","host","USB","35","0000000000000000","URB_INTERRUPT in"
"14621","916.962968","1.1.1","host","USB","35","00002c0000000000","URB_INTERRUPT in"
"14623","917.058982","1.1.1","host","USB","35","0000000000000000","URB_INTERRUPT in"
"14625","917.234998","1.1.1","host","USB","35","0000070000000000","URB_INTERRUPT in"
"14627","917.315009","1.1.1","host","USB","35","0000000000000000","URB_INTERRUPT in"
"14629","917.515036","1.1.1","host","USB","35","00002a0000000000","URB_INTERRUPT in"
"14631","917.563045","1.1.1","host","USB","35","0000000000000000","URB_INTERRUPT in"
"14633","917.627046","1.1.1","host","USB","35","00000a0000000000","URB_INTERRUPT in"
"14635","917.699057","1.1.1","host","USB","35","00000a1200000000","URB_INTERRUPT in"
"14637","917.707058","1.1.1","host","USB","35","0000120000000000","URB_INTERRUPT in"
"14639","917.787074","1.1.1","host","USB","35","0000000000000000","URB_INTERRUPT in"
"14641","917.899075","1.1.1","host","USB","35","00000c0000000000","URB_INTERRUPT in"
"14643","917.955081","1.1.1","host","USB","35","00000c1100000000","URB_INTERRUPT in"
"14645","917.979092","1.1.1","host","USB","35","0000110000000000","URB_INTERRUPT in"
"14647","918.019079","1.1.1","host","USB","35","0000000000000000","URB_INTERRUPT in"
"14649","918.027082","1.1.1","host","USB","35","00000a0000000000","URB_INTERRUPT in"
"14651","918.083096","1.1.1","host","USB","35","0000000000000000","URB_INTERRUPT in"
"14653","918.123094","1.1.1","host","USB","35","00002c0000000000","URB_INTERRUPT in"
"14655","918.203116","1.1.1","host","USB","35","0000000000000000","URB_INTERRUPT in"
"14657","918.387118","1.1.1","host","USB","35","0000120000000000","URB_INTERRUPT in"
"14659","918.459128","1.1.1","host","USB","35","0000121100000000","URB_INTERRUPT in"
"14661","918.491131","1.1.1","host","USB","35","0000110000000000","URB_INTERRUPT in"
"14663","918.539134","1.1.1","host","USB","35","0000000000000000","URB_INTERRUPT in"
"14665","918.619148","1.1.1","host","USB","35","00002c0000000000","URB_INTERRUPT in"
"14667","918.715154","1.1.1","host","USB","35","0000000000000000","URB_INTERRUPT in"
"14669","918.867171","1.1.1","host","USB","35","0000050000000000","URB_INTERRUPT in"
"14671","918.955181","1.1.1","host","USB","35","0000000000000000","URB_INTERRUPT in"
"14673","918.979182","1.1.1","host","USB","35","0000080000000000","URB_INTERRUPT in"
"14675","919.027186","1.1.1","host","USB","35","0000000000000000","URB_INTERRUPT in"
"14677","920.395340","1.1.1","host","USB","35","0000110000000000","URB_INTERRUPT in"
"14679","920.475349","1.1.1","host","USB","35","0000000000000000","URB_INTERRUPT in"
"14681","920.515348","1.1.1","host","USB","35","0000080000000000","URB_INTERRUPT in"
"14683","920.595364","1.1.1","host","USB","35","0000000000000000","URB_INTERRUPT in"
"14685","920.675370","1.1.1","host","USB","35","0000040000000000","URB_INTERRUPT in"
"14687","920.755376","1.1.1","host","USB","35","0000000000000000","URB_INTERRUPT in"
"14689","920.875403","1.1.1","host","USB","35","0000170000000000","URB_INTERRUPT in"
"14691","920.963399","1.1.1","host","USB","35","0000000000000000","URB_INTERRUPT in"
"14693","921.019416","1.1.1","host","USB","35","00000b0000000000","URB_INTERRUPT in"
"14695","921.091416","1.1.1","host","USB","35","0000000000000000","URB_INTERRUPT in"
"14697","921.259437","1.1.1","host","USB","35","00002c0000000000","URB_INTERRUPT in"
"14699","921.363452","1.1.1","host","USB","35","0000000000000000","URB_INTERRUPT in"
"14701","921.907497","1.1.1","host","USB","35","0000170000000000","URB_INTERRUPT in"
"14703","921.971501","1.1.1","host","USB","35","0000000000000000","URB_INTERRUPT in"
"14705","921.995502","1.1.1","host","USB","35","00000b0000000000","URB_INTERRUPT in"
"14707","922.075514","1.1.1","host","USB","35","0000000000000000","URB_INTERRUPT in"
"14709","922.147518","1.1.1","host","USB","35","0000120000000000","URB_INTERRUPT in"
"14711","922.235529","1.1.1","host","USB","35","0000000000000000","URB_INTERRUPT in"
"14713","922.243526","1.1.1","host","USB","35","0000160000000000","URB_INTERRUPT in"
"14715","922.267532","1.1.1","host","USB","35","0000160800000000","URB_INTERRUPT in"
"14717","922.363544","1.1.1","host","USB","35","0000160000000000","URB_INTERRUPT in"
"14719","922.371541","1.1.1","host","USB","35","0000000000000000","URB_INTERRUPT in"
"14721","922.499563","1.1.1","host","USB","35","00002c0000000000","URB_INTERRUPT in"
"14723","922.611569","1.1.1","host","USB","35","0000000000000000","URB_INTERRUPT in"
"14725","922.803591","1.1.1","host","USB","35","0000090000000000","URB_INTERRUPT in"
"14727","922.891618","1.1.1","host","USB","35","0000090800000000","URB_INTERRUPT in"
"14729","922.907606","1.1.1","host","USB","35","0000080000000000","URB_INTERRUPT in"
"14731","922.931611","1.1.1","host","USB","35","0000000000000000","URB_INTERRUPT in"
"14733","923.019618","1.1.1","host","USB","35","0000040000000000","URB_INTERRUPT in"
"14735","923.083635","1.1.1","host","USB","35","0000000000000000","URB_INTERRUPT in"
"14737","923.163638","1.1.1","host","USB","35","0000170000000000","URB_INTERRUPT in"
"14739","923.251645","1.1.1","host","USB","35","0000000000000000","URB_INTERRUPT in"
"14741","923.275644","1.1.1","host","USB","35","0000180000000000","URB_INTERRUPT in"
"14743","923.347661","1.1.1","host","USB","35","0000000000000000","URB_INTERRUPT in"
"14745","923.363656","1.1.1","host","USB","35","0000150000000000","URB_INTERRUPT in"
"14747","923.435665","1.1.1","host","USB","35","0000150800000000","URB_INTERRUPT in"
"14749","923.507668","1.1.1","host","USB","35","0000080000000000","URB_INTERRUPT in"
"14751","923.523675","1.1.1","host","USB","35","0000081600000000","URB_INTERRUPT in"
"14753","923.587681","1.1.1","host","USB","35","0000160000000000","URB_INTERRUPT in"
"14755","923.619683","1.1.1","host","USB","35","0000000000000000","URB_INTERRUPT in"
"14757","923.891708","1.1.1","host","USB","35","0000360000000000","URB_INTERRUPT in"
"14759","923.939714","1.1.1","host","USB","35","0000362c00000000","URB_INTERRUPT in"
"14761","923.979713","1.1.1","host","USB","35","00002c0000000000","URB_INTERRUPT in"
"14763","924.043718","1.1.1","host","USB","35","0000000000000000","URB_INTERRUPT in"
"14765","924.155732","1.1.1","host","USB","35","0200000000000000","URB_INTERRUPT in"
"14767","924.243748","1.1.1","host","USB","35","02000c0000000000","URB_INTERRUPT in"
"14769","924.299748","1.1.1","host","USB","35","0200000000000000","URB_INTERRUPT in"
"14771","924.323750","1.1.1","host","USB","35","0000000000000000","URB_INTERRUPT in"
"14773","924.403766","1.1.1","host","USB","35","00002c0000000000","URB_INTERRUPT in"
"14775","924.475766","1.1.1","host","USB","35","0000000000000000","URB_INTERRUPT in"
"14777","924.499768","1.1.1","host","USB","35","0000060000000000","URB_INTERRUPT in"
"14779","924.595779","1.1.1","host","USB","35","0000060400000000","URB_INTERRUPT in"
"14781","924.619783","1.1.1","host","USB","35","0000040000000000","URB_INTERRUPT in"
"14783","924.675790","1.1.1","host","USB","35","0000041100000000","URB_INTERRUPT in"
"14785","924.691790","1.1.1","host","USB","35","0000110000000000","URB_INTERRUPT in"
"14787","924.779797","1.1.1","host","USB","35","0000000000000000","URB_INTERRUPT in"
"14789","924.891816","1.1.1","host","USB","35","0000340000000000","URB_INTERRUPT in"
"14791","924.987821","1.1.1","host","USB","35","0000000000000000","URB_INTERRUPT in"
"14793","925.035825","1.1.1","host","USB","35","0000170000000000","URB_INTERRUPT in"
"14795","925.107839","1.1.1","host","USB","35","0000000000000000","URB_INTERRUPT in"
"14797","925.139845","1.1.1","host","USB","35","00002c0000000000","URB_INTERRUPT in"
"14799","925.227857","1.1.1","host","USB","35","0000000000000000","URB_INTERRUPT in"
"14801","925.435884","1.1.1","host","USB","35","0000180000000000","URB_INTERRUPT in"
"14803","925.507887","1.1.1","host","USB","35","0000181100000000","URB_INTERRUPT in"
"14805","925.523883","1.1.1","host","USB","35","0000110000000000","URB_INTERRUPT in"
"14807","925.563882","1.1.1","host","USB","35","0000000000000000","URB_INTERRUPT in"
"14809","925.643899","1.1.1","host","USB","35","0000080000000000","URB_INTERRUPT in"
"14811","925.739906","1.1.1","host","USB","35","0000000000000000","URB_INTERRUPT in"
"14813","925.979941","1.1.1","host","USB","35","00002a0000000000","URB_INTERRUPT in"
"14815","926.019938","1.1.1","host","USB","35","00002a1600000000","URB_INTERRUPT in"
"14817","926.027946","1.1.1","host","USB","35","0000160000000000","URB_INTERRUPT in"
"14819","926.075946","1.1.1","host","USB","35","0000160800000000","URB_INTERRUPT in"
"14821","926.107953","1.1.1","host","USB","35","0000080000000000","URB_INTERRUPT in"
"14823","926.139948","1.1.1","host","USB","35","0000000000000000","URB_INTERRUPT in"
"14825","926.227965","1.1.1","host","USB","35","0000080000000000","URB_INTERRUPT in"
"14827","926.307976","1.1.1","host","USB","35","0000000000000000","URB_INTERRUPT in"
"14829","926.347978","1.1.1","host","USB","35","00002c0000000000","URB_INTERRUPT in"
"14831","926.419987","1.1.1","host","USB","35","0000000000000000","URB_INTERRUPT in"
"14833","926.499983","1.1.1","host","USB","35","00000c0000000000","URB_INTERRUPT in"
"14835","926.579997","1.1.1","host","USB","35","00000c1700000000","URB_INTERRUPT in"
"14837","926.587995","1.1.1","host","USB","35","0000170000000000","URB_INTERRUPT in"
"14839","926.644000","1.1.1","host","USB","35","0000000000000000","URB_INTERRUPT in"
"14841","926.804019","1.1.1","host","USB","35","0000370000000000","URB_INTERRUPT in"
"14843","926.868036","1.1.1","host","USB","35","0000000000000000","URB_INTERRUPT in"
"14845","926.956037","1.1.1","host","USB","35","00002c0000000000","URB_INTERRUPT in"
"14847","927.044053","1.1.1","host","USB","35","0000000000000000","URB_INTERRUPT in"
"14849","927.052050","1.1.1","host","USB","35","0200000000000000","URB_INTERRUPT in"
"14851","927.324068","1.1.1","host","USB","35","0200170000000000","URB_INTERRUPT in"
"14853","927.404078","1.1.1","host","USB","35","0200000000000000","URB_INTERRUPT in"
"14855","927.420079","1.1.1","host","USB","35","0000000000000000","URB_INTERRUPT in"
"14857","927.500087","1.1.1","host","USB","35","00000b0000000000","URB_INTERRUPT in"
"14859","927.572096","1.1.1","host","USB","35","0000000000000000","URB_INTERRUPT in"
"14861","927.612100","1.1.1","host","USB","35","0000080000000000","URB_INTERRUPT in"
"14863","927.684106","1.1.1","host","USB","35","0000000000000000","URB_INTERRUPT in"
"14865","927.724115","1.1.1","host","USB","35","00002c0000000000","URB_INTERRUPT in"
"14867","927.804125","1.1.1","host","USB","35","0000000000000000","URB_INTERRUPT in"
"14869","927.956135","1.1.1","host","USB","35","0000130000000000","URB_INTERRUPT in"
"14871","928.052148","1.1.1","host","USB","35","0000130c00000000","URB_INTERRUPT in"
"14873","928.060156","1.1.1","host","USB","35","00000c0000000000","URB_INTERRUPT in"
"14875","928.116153","1.1.1","host","USB","35","0000000000000000","URB_INTERRUPT in"
"14877","928.148150","1.1.1","host","USB","35","0000150000000000","URB_INTERRUPT in"
"14879","928.220166","1.1.1","host","USB","35","0000000000000000","URB_INTERRUPT in"
"14881","928.916246","1.1.1","host","USB","35","0000040000000000","URB_INTERRUPT in"
"14883","928.996254","1.1.1","host","USB","35","0000000000000000","URB_INTERRUPT in"
"14885","929.068257","1.1.1","host","USB","35","00000f0000000000","URB_INTERRUPT in"
"14887","929.172272","1.1.1","host","USB","35","0000000000000000","URB_INTERRUPT in"
"14889","929.596312","1.1.1","host","USB","35","0000160000000000","URB_INTERRUPT in"
"14891","929.676329","1.1.1","host","USB","35","0000000000000000","URB_INTERRUPT in"
"14893","929.844335","1.1.1","host","USB","35","00002a0000000000","URB_INTERRUPT in"
"14895","929.972351","1.1.1","host","USB","35","0000000000000000","URB_INTERRUPT in"
"14897","929.980349","1.1.1","host","USB","35","00002d0000000000","URB_INTERRUPT in"
"14899","930.068359","1.1.1","host","USB","35","0000000000000000","URB_INTERRUPT in"
"14901","930.148369","1.1.1","host","USB","35","0000160000000000","URB_INTERRUPT in"
"14903","930.228379","1.1.1","host","USB","35","0000000000000000","URB_INTERRUPT in"
"14905","930.308384","1.1.1","host","USB","35","00000b0000000000","URB_INTERRUPT in"
"14907","930.380392","1.1.1","host","USB","35","00000b0400000000","URB_INTERRUPT in"
"14909","930.388393","1.1.1","host","USB","35","0000040000000000","URB_INTERRUPT in"
"14911","930.436399","1.1.1","host","USB","35","0000000000000000","URB_INTERRUPT in"
"14913","930.916461","1.1.1","host","USB","35","00002a0000000000","URB_INTERRUPT in"
"14915","931.020470","1.1.1","host","USB","35","0000000000000000","URB_INTERRUPT in"
"14917","931.116484","1.1.1","host","USB","35","0000130000000000","URB_INTERRUPT in"
"14919","931.220491","1.1.1","host","USB","35","0000000000000000","URB_INTERRUPT in"
"14921","931.228487","1.1.1","host","USB","35","0000080000000000","URB_INTERRUPT in"
"14923","931.300506","1.1.1","host","USB","35","0000000000000000","URB_INTERRUPT in"
"14925","931.364501","1.1.1","host","USB","35","0000070000000000","URB_INTERRUPT in"
"14927","931.460514","1.1.1","host","USB","35","00002c0000000000","URB_INTERRUPT in"
"14929","931.532522","1.1.1","host","USB","35","0000000000000000","URB_INTERRUPT in"
"14931","931.908562","1.1.1","host","USB","35","0000170000000000","URB_INTERRUPT in"
"14933","931.988569","1.1.1","host","USB","35","0000171500000000","URB_INTERRUPT in"
"14935","932.012580","1.1.1","host","USB","35","0000150000000000","URB_INTERRUPT in"
"14937","932.044575","1.1.1","host","USB","35","0000000000000000","URB_INTERRUPT in"
"14939","932.212590","1.1.1","host","USB","35","0000060000000000","URB_INTERRUPT in"
"14941","932.300609","1.1.1","host","USB","35","0000000000000000","URB_INTERRUPT in"
"14943","932.580634","1.1.1","host","USB","35","00002a0000000000","URB_INTERRUPT in"
"14945","932.660641","1.1.1","host","USB","35","0000000000000000","URB_INTERRUPT in"
"14947","932.796653","1.1.1","host","USB","35","0000180000000000","URB_INTERRUPT in"
"14949","932.868662","1.1.1","host","USB","35","0000000000000000","URB_INTERRUPT in"
"14951","932.900658","1.1.1","host","USB","35","0000060000000000","URB_INTERRUPT in"
"14953","932.980669","1.1.1","host","USB","35","0000000000000000","URB_INTERRUPT in"
"14955","933.276699","1.1.1","host","USB","35","00002a0000000000","URB_INTERRUPT in"
"14957","933.356719","1.1.1","host","USB","35","0000000000000000","URB_INTERRUPT in"
"14959","933.412714","1.1.1","host","USB","35","0000170000000000","URB_INTERRUPT in"
"14961","933.484721","1.1.1","host","USB","35","0000000000000000","URB_INTERRUPT in"
"14963","933.508725","1.1.1","host","USB","35","00000b0000000000","URB_INTERRUPT in"
"14965","933.604743","1.1.1","host","USB","35","0000000000000000","URB_INTERRUPT in"
"14967","935.908980","1.1.1","host","USB","35","00002a0000000000","URB_INTERRUPT in"
"14969","936.821091","1.1.1","host","USB","35","0000000000000000","URB_INTERRUPT in"
"14971","936.909096","1.1.1","host","USB","35","00002a0000000000","URB_INTERRUPT in"
"14973","936.965097","1.1.1","host","USB","35","0000000000000000","URB_INTERRUPT in"
"14975","937.053107","1.1.1","host","USB","35","00002a0000000000","URB_INTERRUPT in"
"14977","937.117125","1.1.1","host","USB","35","0000000000000000","URB_INTERRUPT in"
"14979","937.205132","1.1.1","host","USB","35","00002a0000000000","URB_INTERRUPT in"
"14981","937.301143","1.1.1","host","USB","35","0000000000000000","URB_INTERRUPT in"
"14983","937.317137","1.1.1","host","USB","35","0000160000000000","URB_INTERRUPT in"
"14985","937.373141","1.1.1","host","USB","35","0000000000000000","URB_INTERRUPT in"
"14987","937.509163","1.1.1","host","USB","35","0000130000000000","URB_INTERRUPT in"
"14989","937.637170","1.1.1","host","USB","35","0000130c00000000","URB_INTERRUPT in"
"14991","937.677173","1.1.1","host","USB","35","00000c0000000000","URB_INTERRUPT in"
"14993","937.725171","1.1.1","host","USB","35","0000000000000000","URB_INTERRUPT in"
"14995","937.757184","1.1.1","host","USB","35","0000150000000000","URB_INTERRUPT in"
"14997","937.781184","1.1.1","host","USB","35","0000000000000000","URB_INTERRUPT in"
"14999","937.853189","1.1.1","host","USB","35","0000040000000000","URB_INTERRUPT in"
"15001","937.941210","1.1.1","host","USB","35","0000000000000000","URB_INTERRUPT in"
"15003","938.605268","1.1.1","host","USB","35","00000f0000000000","URB_INTERRUPT in"
"15005","938.661272","1.1.1","host","USB","35","0000000000000000","URB_INTERRUPT in"
"15007","938.853292","1.1.1","host","USB","35","00002d0000000000","URB_INTERRUPT in"
"15009","938.941303","1.1.1","host","USB","35","0000000000000000","URB_INTERRUPT in"
"15011","939.053316","1.1.1","host","USB","35","0000160000000000","URB_INTERRUPT in"
"15013","939.125322","1.1.1","host","USB","35","0000000000000000","URB_INTERRUPT in"
"15015","939.157326","1.1.1","host","USB","35","00000b0000000000","URB_INTERRUPT in"
"15017","939.229331","1.1.1","host","USB","35","0000000000000000","URB_INTERRUPT in"
"15019","939.293339","1.1.1","host","USB","35","0000040000000000","URB_INTERRUPT in"
"15021","939.373356","1.1.1","host","USB","35","0000000000000000","URB_INTERRUPT in"
"15023","939.445363","1.1.1","host","USB","35","0000130000000000","URB_INTERRUPT in"
"15025","939.565374","1.1.1","host","USB","35","0000000000000000","URB_INTERRUPT in"
"15027","939.605384","1.1.1","host","USB","35","0000080000000000","URB_INTERRUPT in"
"15029","939.685396","1.1.1","host","USB","35","0000000000000000","URB_INTERRUPT in"
"15031","939.821403","1.1.1","host","USB","35","0000070000000000","URB_INTERRUPT in"
"15033","939.909413","1.1.1","host","USB","35","0000000000000000","URB_INTERRUPT in"
"15035","939.949414","1.1.1","host","USB","35","00002d0000000000","URB_INTERRUPT in"
"15037","940.053437","1.1.1","host","USB","35","0000000000000000","URB_INTERRUPT in"
"15039","940.605476","1.1.1","host","USB","35","00002a0000000000","URB_INTERRUPT in"
"15041","940.661485","1.1.1","host","USB","35","00002a2c00000000","URB_INTERRUPT in"
"15043","940.669492","1.1.1","host","USB","35","00002c0000000000","URB_INTERRUPT in"
"15045","940.789500","1.1.1","host","USB","35","0000000000000000","URB_INTERRUPT in"
"15047","940.981518","1.1.1","host","USB","35","0000170000000000","URB_INTERRUPT in"
"15049","941.077529","1.1.1","host","USB","35","0000171500000000","URB_INTERRUPT in"
"15051","941.109532","1.1.1","host","USB","35","0000150000000000","URB_INTERRUPT in"
"15053","941.205540","1.1.1","host","USB","35","0000000000000000","URB_INTERRUPT in"
"15055","941.293551","1.1.1","host","USB","35","0000180000000000","URB_INTERRUPT in"
"15057","941.381561","1.1.1","host","USB","35","0000000000000000","URB_INTERRUPT in"
"15059","941.685597","1.1.1","host","USB","35","0000170000000000","URB_INTERRUPT in"
"15061","941.773608","1.1.1","host","USB","35","0000000000000000","URB_INTERRUPT in"
"15063","941.813614","1.1.1","host","USB","35","00000b0000000000","URB_INTERRUPT in"
"15065","941.893620","1.1.1","host","USB","35","0000000000000000","URB_INTERRUPT in"
"15067","942.021640","1.1.1","host","USB","35","00002c0000000000","URB_INTERRUPT in"
"15069","942.101644","1.1.1","host","USB","35","0000000000000000","URB_INTERRUPT in"
"15071","942.237657","1.1.1","host","USB","35","00000c0000000000","URB_INTERRUPT in"
"15073","942.317674","1.1.1","host","USB","35","0000000000000000","URB_INTERRUPT in"
"15075","942.349667","1.1.1","host","USB","35","0000160000000000","URB_INTERRUPT in"
"15077","942.421685","1.1.1","host","USB","35","0000000000000000","URB_INTERRUPT in"
"15079","942.437676","1.1.1","host","USB","35","00002c0000000000","URB_INTERRUPT in"
"15081","942.525691","1.1.1","host","USB","35","0000000000000000","URB_INTERRUPT in"
"15083","943.557821","1.1.1","host","USB","35","0000040000000000","URB_INTERRUPT in"
"15085","943.629814","1.1.1","host","USB","35","0000000000000000","URB_INTERRUPT in"
"15087","943.661811","1.1.1","host","USB","35","00000f0000000000","URB_INTERRUPT in"
"15089","943.749818","1.1.1","host","USB","35","0000000000000000","URB_INTERRUPT in"
"15091","943.805816","1.1.1","host","USB","35","00001a0000000000","URB_INTERRUPT in"
"15093","943.877823","1.1.1","host","USB","35","0000000000000000","URB_INTERRUPT in"
"15095","943.957838","1.1.1","host","USB","35","0000040000000000","URB_INTERRUPT in"
"15097","944.021851","1.1.1","host","USB","35","0000000000000000","URB_INTERRUPT in"
"15099","944.053848","1.1.1","host","USB","35","00001c0000000000","URB_INTERRUPT in"
"15101","944.149859","1.1.1","host","USB","35","0000000000000000","URB_INTERRUPT in"
"15103","944.157857","1.1.1","host","USB","35","0000160000000000","URB_INTERRUPT in"
"15105","944.253868","1.1.1","host","USB","35","0000162c00000000","URB_INTERRUPT in"
"15107","944.261880","1.1.1","host","USB","35","00002c0000000000","URB_INTERRUPT in"
"15109","944.325871","1.1.1","host","USB","35","0000000000000000","URB_INTERRUPT in"
"15111","944.373880","1.1.1","host","USB","35","0000170000000000","URB_INTERRUPT in"
"15113","944.453886","1.1.1","host","USB","35","0000000000000000","URB_INTERRUPT in"
"15115","944.461886","1.1.1","host","USB","35","00000b0000000000","URB_INTERRUPT in"
"15117","944.549897","1.1.1","host","USB","35","0000000000000000","URB_INTERRUPT in"
"15119","944.557896","1.1.1","host","USB","35","0000080000000000","URB_INTERRUPT in"
"15121","944.629906","1.1.1","host","USB","35","0000081500000000","URB_INTERRUPT in"
"15123","944.669908","1.1.1","host","USB","35","0000150000000000","URB_INTERRUPT in"
"15125","944.757917","1.1.1","host","USB","35","0000150800000000","URB_INTERRUPT in"
"15127","944.773921","1.1.1","host","USB","35","0000080000000000","URB_INTERRUPT in"
"15129","944.813925","1.1.1","host","USB","35","0000000000000000","URB_INTERRUPT in"
"15131","944.949944","1.1.1","host","USB","35","00002c0000000000","URB_INTERRUPT in"
"15133","945.093967","1.1.1","host","USB","35","0000000000000000","URB_INTERRUPT in"
"15135","945.413996","1.1.1","host","USB","35","00002a0000000000","URB_INTERRUPT in"
"15137","945.461999","1.1.1","host","USB","35","0000000000000000","URB_INTERRUPT in"
"15139","945.774039","1.1.1","host","USB","35","0000360000000000","URB_INTERRUPT in"
"15141","945.862035","1.1.1","host","USB","35","0000362c00000000","URB_INTERRUPT in"
"15143","945.902038","1.1.1","host","USB","35","00002c0000000000","URB_INTERRUPT in"
"15145","945.942042","1.1.1","host","USB","35","0000000000000000","URB_INTERRUPT in"
"15147","946.102059","1.1.1","host","USB","35","00000f0000000000","URB_INTERRUPT in"
"15149","946.222080","1.1.1","host","USB","35","0000000000000000","URB_INTERRUPT in"
"15151","946.318083","1.1.1","host","USB","35","0000180000000000","URB_INTERRUPT in"
"15153","946.422091","1.1.1","host","USB","35","0000000000000000","URB_INTERRUPT in"
"15155","946.502103","1.1.1","host","USB","35","0000150000000000","URB_INTERRUPT in"
"15157","946.590112","1.1.1","host","USB","35","0000000000000000","URB_INTERRUPT in"
"15159","946.726126","1.1.1","host","USB","35","00000e0000000000","URB_INTERRUPT in"
"15161","946.814135","1.1.1","host","USB","35","0000000000000000","URB_INTERRUPT in"
"15163","946.950150","1.1.1","host","USB","35","00000c0000000000","URB_INTERRUPT in"
"15165","947.030169","1.1.1","host","USB","35","00000c1100000000","URB_INTERRUPT in"
"15167","947.094178","1.1.1","host","USB","35","0000110000000000","URB_INTERRUPT in"
"15169","947.150175","1.1.1","host","USB","35","0000000000000000","URB_INTERRUPT in"
"15171","947.254191","1.1.1","host","USB","35","00000a0000000000","URB_INTERRUPT in"
"15173","947.342209","1.1.1","host","USB","35","0000000000000000","URB_INTERRUPT in"
"15175","947.430213","1.1.1","host","USB","35","00002c0000000000","URB_INTERRUPT in"
"15177","947.502224","1.1.1","host","USB","35","0000000000000000","URB_INTERRUPT in"
"15179","947.590219","1.1.1","host","USB","35","00000c0000000000","URB_INTERRUPT in"
"15181","947.654230","1.1.1","host","USB","35","00000c1100000000","URB_INTERRUPT in"
"15183","947.686236","1.1.1","host","USB","35","0000110000000000","URB_INTERRUPT in"
"15185","947.718231","1.1.1","host","USB","35","0000000000000000","URB_INTERRUPT in"
"15187","947.790244","1.1.1","host","USB","35","00002c0000000000","URB_INTERRUPT in"
"15189","947.878266","1.1.1","host","USB","35","0000000000000000","URB_INTERRUPT in"
"15191","947.910259","1.1.1","host","USB","35","0000170000000000","URB_INTERRUPT in"
"15193","948.006272","1.1.1","host","USB","35","0000000000000000","URB_INTERRUPT in"
"15195","948.022281","1.1.1","host","USB","35","00000b0000000000","URB_INTERRUPT in"
"15197","948.086293","1.1.1","host","USB","35","00000b0800000000","URB_INTERRUPT in"
"15199","948.094278","1.1.1","host","USB","35","0000080000000000","URB_INTERRUPT in"
"15201","948.166283","1.1.1","host","USB","35","0000000000000000","URB_INTERRUPT in"
"15203","948.198287","1.1.1","host","USB","35","00002c0000000000","URB_INTERRUPT in"
"15205","948.254294","1.1.1","host","USB","35","0000000000000000","URB_INTERRUPT in"
"15207","948.350303","1.1.1","host","USB","35","0000050000000000","URB_INTERRUPT in"
"15209","948.422321","1.1.1","host","USB","35","0000000000000000","URB_INTERRUPT in"
"15211","948.502318","1.1.1","host","USB","35","0000040000000000","URB_INTERRUPT in"
"15213","948.574336","1.1.1","host","USB","35","0000040600000000","URB_INTERRUPT in"
"15215","948.582333","1.1.1","host","USB","35","0000060000000000","URB_INTERRUPT in"
"15217","948.646335","1.1.1","host","USB","35","0000060e00000000","URB_INTERRUPT in"
"15219","948.654341","1.1.1","host","USB","35","00000e0000000000","URB_INTERRUPT in"
"15221","948.766349","1.1.1","host","USB","35","0000000000000000","URB_INTERRUPT in"
"15223","948.886363","1.1.1","host","USB","35","00000a0000000000","URB_INTERRUPT in"
"15225","948.958378","1.1.1","host","USB","35","00000a1500000000","URB_INTERRUPT in"
"15227","948.998385","1.1.1","host","USB","35","0000150000000000","URB_INTERRUPT in"
"15229","949.046388","1.1.1","host","USB","35","0000000000000000","URB_INTERRUPT in"
"15231","949.102384","1.1.1","host","USB","35","0000120000000000","URB_INTERRUPT in"
"15233","949.222399","1.1.1","host","USB","35","0000121800000000","URB_INTERRUPT in"
"15235","949.262397","1.1.1","host","USB","35","0000180000000000","URB_INTERRUPT in"
"15237","949.294400","1.1.1","host","USB","35","0000000000000000","URB_INTERRUPT in"
"15239","949.454416","1.1.1","host","USB","35","0000110000000000","URB_INTERRUPT in"
"15241","949.542426","1.1.1","host","USB","35","0000000000000000","URB_INTERRUPT in"
"15243","949.606433","1.1.1","host","USB","35","0000070000000000","URB_INTERRUPT in"
"15245","949.678440","1.1.1","host","USB","35","0000000000000000","URB_INTERRUPT in"
"15247","950.262501","1.1.1","host","USB","35","0000370000000000","URB_INTERRUPT in"
"15249","950.350512","1.1.1","host","USB","35","0000000000000000","URB_INTERRUPT in"
"15251","950.486531","1.1.1","host","USB","35","00002c0000000000","URB_INTERRUPT in"
"15253","950.590549","1.1.1","host","USB","35","0000000000000000","URB_INTERRUPT in"
"15255","950.638549","1.1.1","host","USB","35","0000040000000000","URB_INTERRUPT in"
"15257","950.734571","1.1.1","host","USB","35","0000000000000000","URB_INTERRUPT in"
"15259","950.750558","1.1.1","host","USB","35","0000110000000000","URB_INTERRUPT in"
"15261","950.838571","1.1.1","host","USB","35","0000000000000000","URB_INTERRUPT in"
"15263","950.918578","1.1.1","host","USB","35","0000070000000000","URB_INTERRUPT in"
"15265","951.014585","1.1.1","host","USB","35","0000000000000000","URB_INTERRUPT in"
"15267","951.078600","1.1.1","host","USB","35","00002c0000000000","URB_INTERRUPT in"
"15269","951.174604","1.1.1","host","USB","35","0000000000000000","URB_INTERRUPT in"
"15271","951.910687","1.1.1","host","USB","35","00000b0000000000","URB_INTERRUPT in"
"15273","952.006686","1.1.1","host","USB","35","0000000000000000","URB_INTERRUPT in"
"15275","952.070693","1.1.1","host","USB","35","0000120000000000","URB_INTERRUPT in"
"15277","952.142702","1.1.1","host","USB","35","0000121100000000","URB_INTERRUPT in"
"15279","952.166706","1.1.1","host","USB","35","0000110000000000","URB_INTERRUPT in"
"15281","952.222710","1.1.1","host","USB","35","0000000000000000","URB_INTERRUPT in"
"15283","952.238721","1.1.1","host","USB","35","0000080000000000","URB_INTERRUPT in"
"15285","952.342732","1.1.1","host","USB","35","0000000000000000","URB_INTERRUPT in"
"15287","952.358731","1.1.1","host","USB","35","0000160000000000","URB_INTERRUPT in"
"15289","952.502742","1.1.1","host","USB","35","0000161700000000","URB_INTERRUPT in"
"15291","952.518745","1.1.1","host","USB","35","0000170000000000","URB_INTERRUPT in"
"15293","952.566756","1.1.1","host","USB","35","0000000000000000","URB_INTERRUPT in"
"15295","952.646755","1.1.1","host","USB","35","00000f0000000000","URB_INTERRUPT in"
"15297","952.742775","1.1.1","host","USB","35","0000000000000000","URB_INTERRUPT in"
"15299","952.782777","1.1.1","host","USB","35","00001c0000000000","URB_INTERRUPT in"
"15301","952.878796","1.1.1","host","USB","35","0000000000000000","URB_INTERRUPT in"
"15303","953.150824","1.1.1","host","USB","35","0000360000000000","URB_INTERRUPT in"
"15305","953.238836","1.1.1","host","USB","35","0000362c00000000","URB_INTERRUPT in"
"15307","953.270827","1.1.1","host","USB","35","00002c0000000000","URB_INTERRUPT in"
"15309","953.334837","1.1.1","host","USB","35","0000000000000000","URB_INTERRUPT in"
"15311","953.462855","1.1.1","host","USB","35","00000c0000000000","URB_INTERRUPT in"
"15313","953.542868","1.1.1","host","USB","35","0000000000000000","URB_INTERRUPT in"
"15315","953.566857","1.1.1","host","USB","35","0000170000000000","URB_INTERRUPT in"
"15317","953.638878","1.1.1","host","USB","35","0000000000000000","URB_INTERRUPT in"
"15319","953.670872","1.1.1","host","USB","35","00002c0000000000","URB_INTERRUPT in"
"15321","953.742913","1.1.1","host","USB","35","0000000000000000","URB_INTERRUPT in"
"15323","953.854914","1.1.1","host","USB","35","0000100000000000","URB_INTERRUPT in"
"15325","953.918899","1.1.1","host","USB","35","0000000000000000","URB_INTERRUPT in"
"15327","953.950890","1.1.1","host","USB","35","0000040000000000","URB_INTERRUPT in"
"15329","954.054920","1.1.1","host","USB","35","0000000000000000","URB_INTERRUPT in"
"15331","954.078920","1.1.1","host","USB","35","00000e0000000000","URB_INTERRUPT in"
"15333","954.190932","1.1.1","host","USB","35","0000000000000000","URB_INTERRUPT in"
"15335","954.230925","1.1.1","host","USB","35","0000080000000000","URB_INTERRUPT in"
"15337","954.374952","1.1.1","host","USB","35","0000081600000000","URB_INTERRUPT in"
"15339","954.446960","1.1.1","host","USB","35","0000160000000000","URB_INTERRUPT in"
"15341","954.470952","1.1.1","host","USB","35","0000000000000000","URB_INTERRUPT in"
"15343","954.494950","1.1.1","host","USB","35","00002c0000000000","URB_INTERRUPT in"
"15345","954.598976","1.1.1","host","USB","35","0000000000000000","URB_INTERRUPT in"
"15347","954.686970","1.1.1","host","USB","35","0000100000000000","URB_INTERRUPT in"
"15349","954.774983","1.1.1","host","USB","35","0000000000000000","URB_INTERRUPT in"
"15351","954.806983","1.1.1","host","USB","35","00001c0000000000","URB_INTERRUPT in"
"15353","954.902995","1.1.1","host","USB","35","0000000000000000","URB_INTERRUPT in"
"15355","954.950998","1.1.1","host","USB","35","00002c0000000000","URB_INTERRUPT in"
"15357","955.055017","1.1.1","host","USB","35","0000000000000000","URB_INTERRUPT in"
"15359","955.271038","1.1.1","host","USB","35","00000c0000000000","URB_INTERRUPT in"
"15361","955.343040","1.1.1","host","USB","35","00000c1100000000","URB_INTERRUPT in"
"15363","955.351042","1.1.1","host","USB","35","0000110000000000","URB_INTERRUPT in"
"15365","955.431051","1.1.1","host","USB","35","0000111700000000","URB_INTERRUPT in"
"15367","955.439050","1.1.1","host","USB","35","0000170000000000","URB_INTERRUPT in"
"15369","955.519058","1.1.1","host","USB","35","0000000000000000","URB_INTERRUPT in"
"15371","955.567064","1.1.1","host","USB","35","0000080000000000","URB_INTERRUPT in"
"15373","955.679077","1.1.1","host","USB","35","0000081500000000","URB_INTERRUPT in"
"15375","955.711079","1.1.1","host","USB","35","0000150000000000","URB_INTERRUPT in"
"15377","955.807100","1.1.1","host","USB","35","0000000000000000","URB_INTERRUPT in"
"15379","955.895107","1.1.1","host","USB","35","0000040000000000","URB_INTERRUPT in"
"15381","956.015126","1.1.1","host","USB","35","0000040600000000","URB_INTERRUPT in"
"15383","956.023130","1.1.1","host","USB","35","0000060000000000","URB_INTERRUPT in"
"15385","956.103134","1.1.1","host","USB","35","0000000000000000","URB_INTERRUPT in"
"15387","956.215145","1.1.1","host","USB","35","0000170000000000","URB_INTERRUPT in"
"15389","956.271146","1.1.1","host","USB","35","0000000000000000","URB_INTERRUPT in"
"15391","956.335159","1.1.1","host","USB","35","00000c0000000000","URB_INTERRUPT in"
"15393","956.447172","1.1.1","host","USB","35","00000c1200000000","URB_INTERRUPT in"
"15395","956.455165","1.1.1","host","USB","35","0000120000000000","URB_INTERRUPT in"
"15397","956.519175","1.1.1","host","USB","35","0000000000000000","URB_INTERRUPT in"
"15399","956.591190","1.1.1","host","USB","35","0000110000000000","URB_INTERRUPT in"
"15401","956.695201","1.1.1","host","USB","35","0000000000000000","URB_INTERRUPT in"
"15403","956.727189","1.1.1","host","USB","35","0000160000000000","URB_INTERRUPT in"
"15405","956.783201","1.1.1","host","USB","35","0000000000000000","URB_INTERRUPT in"
"15407","956.823197","1.1.1","host","USB","35","00002c0000000000","URB_INTERRUPT in"
"15409","956.903207","1.1.1","host","USB","35","0000000000000000","URB_INTERRUPT in"
"15411","956.943213","1.1.1","host","USB","35","00001a0000000000","URB_INTERRUPT in"
"15413","957.007215","1.1.1","host","USB","35","0000000000000000","URB_INTERRUPT in"
"15415","957.063223","1.1.1","host","USB","35","00000c0000000000","URB_INTERRUPT in"
"15417","957.135248","1.1.1","host","USB","35","0000000000000000","URB_INTERRUPT in"
"15419","957.159234","1.1.1","host","USB","35","0000170000000000","URB_INTERRUPT in"
"15421","957.231242","1.1.1","host","USB","35","0000170b00000000","URB_INTERRUPT in"
"15423","957.239250","1.1.1","host","USB","35","00000b0000000000","URB_INTERRUPT in"
"15425","957.303257","1.1.1","host","USB","35","0000000000000000","URB_INTERRUPT in"
"15427","957.407260","1.1.1","host","USB","35","00002c0000000000","URB_INTERRUPT in"
"15429","957.495268","1.1.1","host","USB","35","00002c0700000000","URB_INTERRUPT in"
"15431","957.503272","1.1.1","host","USB","35","0000070000000000","URB_INTERRUPT in"
"15433","957.583278","1.1.1","host","USB","35","0000000000000000","URB_INTERRUPT in"
"15435","957.631283","1.1.1","host","USB","35","0000180000000000","URB_INTERRUPT in"
"15437","957.695291","1.1.1","host","USB","35","0000000000000000","URB_INTERRUPT in"
"15439","957.735297","1.1.1","host","USB","35","0000060000000000","URB_INTERRUPT in"
"15441","957.831311","1.1.1","host","USB","35","0000000000000000","URB_INTERRUPT in"
"15443","957.863307","1.1.1","host","USB","35","00000e0000000000","URB_INTERRUPT in"
"15445","957.967321","1.1.1","host","USB","35","0000000000000000","URB_INTERRUPT in"
"15447","957.975321","1.1.1","host","USB","35","0000160000000000","URB_INTERRUPT in"
"15449","958.063333","1.1.1","host","USB","35","0000000000000000","URB_INTERRUPT in"
"15451","958.127342","1.1.1","host","USB","35","0000360000000000","URB_INTERRUPT in"
"15453","958.191354","1.1.1","host","USB","35","0000000000000000","URB_INTERRUPT in"
"15455","958.279362","1.1.1","host","USB","35","0000360000000000","URB_INTERRUPT in"
"15457","958.335373","1.1.1","host","USB","35","0000000000000000","URB_INTERRUPT in"
"15459","958.423368","1.1.1","host","USB","35","0000360000000000","URB_INTERRUPT in"
"15461","958.519393","1.1.1","host","USB","35","0000000000000000","URB_INTERRUPT in"
"15463","958.599395","1.1.1","host","USB","35","00002c0000000000","URB_INTERRUPT in"
"15465","958.711409","1.1.1","host","USB","35","0000000000000000","URB_INTERRUPT in"
"15467","959.199456","1.1.1","host","USB","35","0000040000000000","URB_INTERRUPT in"
"15469","959.271465","1.1.1","host","USB","35","0000041a00000000","URB_INTERRUPT in"
"15471","959.327477","1.1.1","host","USB","35","00001a0000000000","URB_INTERRUPT in"
"15473","959.375483","1.1.1","host","USB","35","0000000000000000","URB_INTERRUPT in"
"15475","959.975548","1.1.1","host","USB","35","00000e0000000000","URB_INTERRUPT in"
"15477","960.023551","1.1.1","host","USB","35","0000000000000000","URB_INTERRUPT in"
"15479","960.223558","1.1.1","host","USB","35","00001a0000000000","URB_INTERRUPT in"
"15481","960.311578","1.1.1","host","USB","35","0000000000000000","URB_INTERRUPT in"
"15483","960.351580","1.1.1","host","USB","35","0000040000000000","URB_INTERRUPT in"
"15485","960.415582","1.1.1","host","USB","35","0000000000000000","URB_INTERRUPT in"
"15487","960.487586","1.1.1","host","USB","35","0000150000000000","URB_INTERRUPT in"
"15489","960.575596","1.1.1","host","USB","35","0000150800000000","URB_INTERRUPT in"
"15491","960.615600","1.1.1","host","USB","35","0000080000000000","URB_INTERRUPT in"
"15493","960.687607","1.1.1","host","USB","35","0000000000000000","URB_INTERRUPT in"
"15495","960.887628","1.1.1","host","USB","35","0000370000000000","URB_INTERRUPT in"
"15497","961.007640","1.1.1","host","USB","35","0000000000000000","URB_INTERRUPT in"
"15499","961.575836","1.1.1","host","USB","35","00002a0000000000","URB_INTERRUPT in"
"15501","961.623713","1.1.1","host","USB","35","0000000000000000","URB_INTERRUPT in"
"15503","961.711726","1.1.1","host","USB","35","00002a0000000000","URB_INTERRUPT in"
"15505","961.783730","1.1.1","host","USB","35","0000000000000000","URB_INTERRUPT in"
"15507","961.839739","1.1.1","host","USB","35","00000e0000000000","URB_INTERRUPT in"
"15509","961.911748","1.1.1","host","USB","35","0000000000000000","URB_INTERRUPT in"
"15511","962.143777","1.1.1","host","USB","35","00002a0000000000","URB_INTERRUPT in"
"15513","962.191772","1.1.1","host","USB","35","00002a0700000000","URB_INTERRUPT in"
"15515","962.199774","1.1.1","host","USB","35","0000070000000000","URB_INTERRUPT in"
"15517","962.287795","1.1.1","host","USB","35","0000000000000000","URB_INTERRUPT in"
"15519","962.359794","1.1.1","host","USB","35","0000370000000000","URB_INTERRUPT in"
"15521","962.423790","1.1.1","host","USB","35","0000000000000000","URB_INTERRUPT in"
"15523","962.559807","1.1.1","host","USB","35","00002c0000000000","URB_INTERRUPT in"
"15525","962.663818","1.1.1","host","USB","35","0000000000000000","URB_INTERRUPT in"
"15527","963.063861","1.1.1","host","USB","35","0200000000000000","URB_INTERRUPT in"
"15529","963.175894","1.1.1","host","USB","35","02000c0000000000","URB_INTERRUPT in"
"15531","963.239876","1.1.1","host","USB","35","0200000000000000","URB_INTERRUPT in"
"15533","963.271879","1.1.1","host","USB","35","0000000000000000","URB_INTERRUPT in"
"15535","963.335886","1.1.1","host","USB","35","00002c0000000000","URB_INTERRUPT in"
"15537","963.415895","1.1.1","host","USB","35","0000000000000000","URB_INTERRUPT in"
"15539","963.503908","1.1.1","host","USB","35","0000100000000000","URB_INTERRUPT in"
"15541","963.583928","1.1.1","host","USB","35","0000000000000000","URB_INTERRUPT in"
"15543","963.615919","1.1.1","host","USB","35","0000080000000000","URB_INTERRUPT in"
"15545","963.687933","1.1.1","host","USB","35","0000080400000000","URB_INTERRUPT in"
"15547","963.703942","1.1.1","host","USB","35","0000040000000000","URB_INTERRUPT in"
"15549","963.807948","1.1.1","host","USB","35","0000000000000000","URB_INTERRUPT in"
"15551","964.352013","1.1.1","host","USB","35","0000110000000000","URB_INTERRUPT in"
"15553","964.440018","1.1.1","host","USB","35","0000000000000000","URB_INTERRUPT in"
"15555","964.616030","1.1.1","host","USB","35","0000360000000000","URB_INTERRUPT in"
"15557","964.656037","1.1.1","host","USB","35","0000362c00000000","URB_INTERRUPT in"
"15559","964.712048","1.1.1","host","USB","35","00002c0000000000","URB_INTERRUPT in"
"15561","964.744040","1.1.1","host","USB","35","0000000000000000","URB_INTERRUPT in"
"15563","964.928073","1.1.1","host","USB","35","00000b0000000000","URB_INTERRUPT in"
"15565","964.984078","1.1.1","host","USB","35","0000000000000000","URB_INTERRUPT in"
"15567","965.080087","1.1.1","host","USB","35","0000120000000000","URB_INTERRUPT in"
"15569","965.136084","1.1.1","host","USB","35","0000121a00000000","URB_INTERRUPT in"
"15571","965.144087","1.1.1","host","USB","35","00001a0000000000","URB_INTERRUPT in"
"15573","965.208093","1.1.1","host","USB","35","0000000000000000","URB_INTERRUPT in"
"15575","965.232098","1.1.1","host","USB","35","00002c0000000000","URB_INTERRUPT in"
"15577","965.328108","1.1.1","host","USB","35","0000000000000000","URB_INTERRUPT in"
"15579","965.360109","1.1.1","host","USB","35","0000040000000000","URB_INTERRUPT in"
"15581","965.432126","1.1.1","host","USB","35","0000041000000000","URB_INTERRUPT in"
"15583","965.472131","1.1.1","host","USB","35","0000100000000000","URB_INTERRUPT in"
"15585","965.504125","1.1.1","host","USB","35","0000000000000000","URB_INTERRUPT in"
"15587","965.576128","1.1.1","host","USB","35","00002c0000000000","URB_INTERRUPT in"
"15589","965.640147","1.1.1","host","USB","35","0000000000000000","URB_INTERRUPT in"
"15591","965.704138","1.1.1","host","USB","35","0200000000000000","URB_INTERRUPT in"
"15593","965.736141","1.1.1","host","USB","35","02000c0000000000","URB_INTERRUPT in"
"15595","965.808154","1.1.1","host","USB","35","0200000000000000","URB_INTERRUPT in"
"15597","965.848164","1.1.1","host","USB","35","0000000000000000","URB_INTERRUPT in"
"15599","965.872157","1.1.1","host","USB","35","00002c0000000000","URB_INTERRUPT in"
"15601","965.952167","1.1.1","host","USB","35","0000000000000000","URB_INTERRUPT in"
"15603","965.968178","1.1.1","host","USB","35","0000160000000000","URB_INTERRUPT in"
"15605","966.056177","1.1.1","host","USB","35","0000000000000000","URB_INTERRUPT in"
"15607","966.104179","1.1.1","host","USB","35","0000180000000000","URB_INTERRUPT in"
"15609","966.184192","1.1.1","host","USB","35","0000000000000000","URB_INTERRUPT in"
"15611","966.288201","1.1.1","host","USB","35","0000130000000000","URB_INTERRUPT in"
"15613","966.352206","1.1.1","host","USB","35","0000000000000000","URB_INTERRUPT in"
"15615","966.432215","1.1.1","host","USB","35","0000130000000000","URB_INTERRUPT in"
"15617","966.496230","1.1.1","host","USB","35","0000131200000000","URB_INTERRUPT in"
"15619","966.544227","1.1.1","host","USB","35","0000120000000000","URB_INTERRUPT in"
"15621","966.584233","1.1.1","host","USB","35","0000121600000000","URB_INTERRUPT in"
"15623","966.600242","1.1.1","host","USB","35","0000160000000000","URB_INTERRUPT in"
"15625","966.648238","1.1.1","host","USB","35","0000160800000000","URB_INTERRUPT in"
"15627","966.688243","1.1.1","host","USB","35","0000080000000000","URB_INTERRUPT in"
"15629","966.728253","1.1.1","host","USB","35","0000000000000000","URB_INTERRUPT in"
"15631","966.816265","1.1.1","host","USB","35","0000070000000000","URB_INTERRUPT in"
"15633","966.896273","1.1.1","host","USB","35","0000000000000000","URB_INTERRUPT in"
"15635","966.912274","1.1.1","host","USB","35","00002c0000000000","URB_INTERRUPT in"
"15637","966.976287","1.1.1","host","USB","35","0000000000000000","URB_INTERRUPT in"
"15639","967.032285","1.1.1","host","USB","35","0000170000000000","URB_INTERRUPT in"
"15641","967.080292","1.1.1","host","USB","35","0000171200000000","URB_INTERRUPT in"
"15643","967.096299","1.1.1","host","USB","35","0000120000000000","URB_INTERRUPT in"
"15645","967.136297","1.1.1","host","USB","35","0000000000000000","URB_INTERRUPT in"
"15647","967.216304","1.1.1","host","USB","35","00002c0000000000","URB_INTERRUPT in"
"15649","967.296323","1.1.1","host","USB","35","0000000000000000","URB_INTERRUPT in"
"15651","967.384323","1.1.1","host","USB","35","00000f0000000000","URB_INTERRUPT in"
"15653","967.432336","1.1.1","host","USB","35","0000000000000000","URB_INTERRUPT in"
"15655","967.520345","1.1.1","host","USB","35","0000120000000000","URB_INTERRUPT in"
"15657","967.576352","1.1.1","host","USB","35","0000000000000000","URB_INTERRUPT in"
"15659","967.648354","1.1.1","host","USB","35","0000120000000000","URB_INTERRUPT in"
"15661","967.720366","1.1.1","host","USB","35","0000120e00000000","URB_INTERRUPT in"
"15663","967.752364","1.1.1","host","USB","35","00000e0000000000","URB_INTERRUPT in"
"15665","967.784372","1.1.1","host","USB","35","0000000000000000","URB_INTERRUPT in"
"15667","967.880368","1.1.1","host","USB","35","00002c0000000000","URB_INTERRUPT in"
"15669","967.936385","1.1.1","host","USB","35","0000000000000000","URB_INTERRUPT in"
"15671","967.960377","1.1.1","host","USB","35","0000040000000000","URB_INTERRUPT in"
"15673","968.032393","1.1.1","host","USB","35","0000000000000000","URB_INTERRUPT in"
"15675","968.080391","1.1.1","host","USB","35","0000170000000000","URB_INTERRUPT in"
"15677","968.144398","1.1.1","host","USB","35","0000000000000000","URB_INTERRUPT in"
"15679","968.152402","1.1.1","host","USB","35","00002c0000000000","URB_INTERRUPT in"
"15681","968.248411","1.1.1","host","USB","35","0000000000000000","URB_INTERRUPT in"
"15683","968.304415","1.1.1","host","USB","35","0000170000000000","URB_INTERRUPT in"
"15685","968.384426","1.1.1","host","USB","35","0000170b00000000","URB_INTERRUPT in"
"15687","968.392432","1.1.1","host","USB","35","00000b0000000000","URB_INTERRUPT in"
"15689","968.448432","1.1.1","host","USB","35","0000000000000000","URB_INTERRUPT in"
"15691","968.472442","1.1.1","host","USB","35","0000080000000000","URB_INTERRUPT in"
"15693","968.560443","1.1.1","host","USB","35","0000100000000000","URB_INTERRUPT in"
"15695","968.624449","1.1.1","host","USB","35","0000000000000000","URB_INTERRUPT in"
"15697","968.704458","1.1.1","host","USB","35","00002c0000000000","URB_INTERRUPT in"
"15699","968.792467","1.1.1","host","USB","35","0000000000000000","URB_INTERRUPT in"
"15701","968.816468","1.1.1","host","USB","35","0000170000000000","URB_INTERRUPT in"
"15703","968.904478","1.1.1","host","USB","35","0000000000000000","URB_INTERRUPT in"
"15705","968.912483","1.1.1","host","USB","35","00000b0000000000","URB_INTERRUPT in"
"15707","968.976489","1.1.1","host","USB","35","00000b0800000000","URB_INTERRUPT in"
"15709","968.992499","1.1.1","host","USB","35","0000080000000000","URB_INTERRUPT in"
"15711","969.072507","1.1.1","host","USB","35","0000000000000000","URB_INTERRUPT in"
"15713","969.088503","1.1.1","host","USB","35","00002c0000000000","URB_INTERRUPT in"
"15715","969.160510","1.1.1","host","USB","35","0000000000000000","URB_INTERRUPT in"
"15717","969.208515","1.1.1","host","USB","35","0000160000000000","URB_INTERRUPT in"
"15719","969.312538","1.1.1","host","USB","35","0000000000000000","URB_INTERRUPT in"
"15721","969.336530","1.1.1","host","USB","35","0000040000000000","URB_INTERRUPT in"
"15723","969.440544","1.1.1","host","USB","35","0000000000000000","URB_INTERRUPT in"
"15725","969.480555","1.1.1","host","USB","35","0000100000000000","URB_INTERRUPT in"
"15727","969.552552","1.1.1","host","USB","35","0000000000000000","URB_INTERRUPT in"
"15729","969.568560","1.1.1","host","USB","35","0000080000000000","URB_INTERRUPT in"
"15731","969.632564","1.1.1","host","USB","35","0000000000000000","URB_INTERRUPT in"
"15733","969.664563","1.1.1","host","USB","35","00002c0000000000","URB_INTERRUPT in"
"15735","969.752583","1.1.1","host","USB","35","0000000000000000","URB_INTERRUPT in"
"15737","969.800584","1.1.1","host","USB","35","00001a0000000000","URB_INTERRUPT in"
"15739","969.888595","1.1.1","host","USB","35","00001a0400000000","URB_INTERRUPT in"
"15741","969.912603","1.1.1","host","USB","35","0000040000000000","URB_INTERRUPT in"
"15743","969.968597","1.1.1","host","USB","35","0000000000000000","URB_INTERRUPT in"
"15745","969.976591","1.1.1","host","USB","35","00001c0000000000","URB_INTERRUPT in"
"15747","970.048606","1.1.1","host","USB","35","0000000000000000","URB_INTERRUPT in"
"15749","970.160618","1.1.1","host","USB","35","00002c0000000000","URB_INTERRUPT in"
"15751","970.232634","1.1.1","host","USB","35","0000000000000000","URB_INTERRUPT in"
"15753","970.248622","1.1.1","host","USB","35","0000040000000000","URB_INTERRUPT in"
"15755","970.320645","1.1.1","host","USB","35","0000000000000000","URB_INTERRUPT in"
"15757","970.448657","1.1.1","host","USB","35","0000040000000000","URB_INTERRUPT in"
"15759","970.528665","1.1.1","host","USB","35","0000000000000000","URB_INTERRUPT in"
"15761","970.808688","1.1.1","host","USB","35","00002a0000000000","URB_INTERRUPT in"
"15763","970.856695","1.1.1","host","USB","35","0000000000000000","URB_INTERRUPT in"
"15765","970.864690","1.1.1","host","USB","35","00000a0000000000","URB_INTERRUPT in"
"15767","970.936701","1.1.1","host","USB","35","0000000000000000","URB_INTERRUPT in"
"15769","971.000710","1.1.1","host","USB","35","0000040000000000","URB_INTERRUPT in"
"15771","971.048714","1.1.1","host","USB","35","0000000000000000","URB_INTERRUPT in"
"15773","971.064718","1.1.1","host","USB","35","00000c0000000000","URB_INTERRUPT in"
"15775","971.120726","1.1.1","host","USB","35","00000c1100000000","URB_INTERRUPT in"
"15777","971.144724","1.1.1","host","USB","35","0000110000000000","URB_INTERRUPT in"
"15779","971.208722","1.1.1","host","USB","35","0000000000000000","URB_INTERRUPT in"
"15781","971.704783","1.1.1","host","USB","35","0200000000000000","URB_INTERRUPT in"
"15783","971.768782","1.1.1","host","USB","35","0200380000000000","URB_INTERRUPT in"
"15785","971.848793","1.1.1","host","USB","35","0200000000000000","URB_INTERRUPT in"
"15787","971.912795","1.1.1","host","USB","35","0000000000000000","URB_INTERRUPT in"
"15789","972.745105","1.1.1","host","USB","35","0000280000000000","URB_INTERRUPT in"
"15791","972.832903","1.1.1","host","USB","35","0000000000000000","URB_INTERRUPT in"
"15793","972.928924","1.1.1","host","USB","35","0000280000000000","URB_INTERRUPT in"
"15795","973.000922","1.1.1","host","USB","35","0000000000000000","URB_INTERRUPT in"
"15797","995.411292","1.1.1","host","USB","35","0400000000000000","URB_INTERRUPT in"
"15799","995.507298","1.1.1","host","USB","35","04002b0000000000","URB_INTERRUPT in"
"15801","995.579317","1.1.1","host","USB","35","0400000000000000","URB_INTERRUPT in"
"15803","997.683540","1.1.1","host","USB","35","04002b0000000000","URB_INTERRUPT in"
"15805","997.763553","1.1.1","host","USB","35","0400000000000000","URB_INTERRUPT in"
"15807","997.955571","1.1.1","host","USB","35","04002b0000000000","URB_INTERRUPT in"
"15809","998.027583","1.1.1","host","USB","35","0400000000000000","URB_INTERRUPT in"
"15811","998.467631","1.1.1","host","USB","35","04002b0000000000","URB_INTERRUPT in"
"15813","998.587637","1.1.1","host","USB","35","0400000000000000","URB_INTERRUPT in"
"15815","998.971669","1.1.1","host","USB","35","0000000000000000","URB_INTERRUPT in"
"15817","999.595736","1.1.1","host","USB","35","0100000000000000","URB_INTERRUPT in"
"15819","1001.779966","1.1.1","host","USB","35","0100170000000000","URB_INTERRUPT in"
"15821","1001.843975","1.1.1","host","USB","35","0100000000000000","URB_INTERRUPT in"
"15823","1001.939984","1.1.1","host","USB","35","0000000000000000","URB_INTERRUPT in"
"15825","1012.613117","1.1.1","host","USB","35","0000080000000000","URB_INTERRUPT in"
"15827","1012.693144","1.1.1","host","USB","35","0000000000000000","URB_INTERRUPT in"
"15829","1012.733132","1.1.1","host","USB","35","0000110000000000","URB_INTERRUPT in"
"15831","1012.805142","1.1.1","host","USB","35","0000000000000000","URB_INTERRUPT in"
"15833","1012.837144","1.1.1","host","USB","35","0000170000000000","URB_INTERRUPT in"
"15835","1012.965153","1.1.1","host","USB","35","0000000000000000","URB_INTERRUPT in"
"15837","1015.125400","1.1.1","host","USB","35","0000080000000000","URB_INTERRUPT in"
"15839","1015.189394","1.1.1","host","USB","35","0000081500000000","URB_INTERRUPT in"
"15841","1015.221396","1.1.1","host","USB","35","0000150000000000","URB_INTERRUPT in"
"15843","1015.293405","1.1.1","host","USB","35","0000000000000000","URB_INTERRUPT in"
"15845","1015.421415","1.1.1","host","USB","35","0000170000000000","URB_INTERRUPT in"
"15847","1015.509424","1.1.1","host","USB","35","0000000000000000","URB_INTERRUPT in"
"15849","1015.557429","1.1.1","host","USB","35","00000b0000000000","URB_INTERRUPT in"
"15851","1015.621439","1.1.1","host","USB","35","00000b0800000000","URB_INTERRUPT in"
"15853","1015.629442","1.1.1","host","USB","35","0000080000000000","URB_INTERRUPT in"
"15855","1015.725450","1.1.1","host","USB","35","0000000000000000","URB_INTERRUPT in"
"15857","1015.749451","1.1.1","host","USB","35","00002c0000000000","URB_INTERRUPT in"
"15859","1015.805458","1.1.1","host","USB","35","0000000000000000","URB_INTERRUPT in"
"15861","1015.909471","1.1.1","host","USB","35","0000090000000000","URB_INTERRUPT in"
"15863","1016.013479","1.1.1","host","USB","35","0000000000000000","URB_INTERRUPT in"
"15865","1016.069485","1.1.1","host","USB","35","0000160000000000","URB_INTERRUPT in"
"15867","1016.197498","1.1.1","host","USB","35","0000000000000000","URB_INTERRUPT in"
"15869","1016.893579","1.1.1","host","USB","35","00002a0000000000","URB_INTERRUPT in"
"15871","1016.941593","1.1.1","host","USB","35","0000000000000000","URB_INTERRUPT in"
"15873","1017.645650","1.1.1","host","USB","35","00002a0000000000","URB_INTERRUPT in"
"15875","1017.725679","1.1.1","host","USB","35","0000000000000000","URB_INTERRUPT in"
"15877","1017.829675","1.1.1","host","USB","35","00002a0000000000","URB_INTERRUPT in"
"15879","1017.925688","1.1.1","host","USB","35","0000000000000000","URB_INTERRUPT in"
"15881","1017.981686","1.1.1","host","USB","35","0000090000000000","URB_INTERRUPT in"
"15883","1018.093703","1.1.1","host","USB","35","0000000000000000","URB_INTERRUPT in"
"15885","1018.173713","1.1.1","host","USB","35","00000f0000000000","URB_INTERRUPT in"
"15887","1018.269722","1.1.1","host","USB","35","0000000000000000","URB_INTERRUPT in"
"15889","1018.373732","1.1.1","host","USB","35","0000040000000000","URB_INTERRUPT in"
"15891","1018.445740","1.1.1","host","USB","35","0000000000000000","URB_INTERRUPT in"
"15893","1018.589761","1.1.1","host","USB","35","00002a0000000000","URB_INTERRUPT in"
"15895","1018.645763","1.1.1","host","USB","35","0000000000000000","URB_INTERRUPT in"
"15897","1019.013801","1.1.1","host","USB","35","0100000000000000","URB_INTERRUPT in"
"15899","1019.117823","1.1.1","host","USB","35","01002a0000000000","URB_INTERRUPT in"
"15901","1019.205824","1.1.1","host","USB","35","0100000000000000","URB_INTERRUPT in"
"15903","1019.269833","1.1.1","host","USB","35","0000000000000000","URB_INTERRUPT in"
"15905","1019.573871","1.1.1","host","USB","35","0000080000000000","URB_INTERRUPT in"
"15907","1019.621873","1.1.1","host","USB","35","0000000000000000","URB_INTERRUPT in"
"15909","1019.669871","1.1.1","host","USB","35","0000110000000000","URB_INTERRUPT in"
"15911","1019.741878","1.1.1","host","USB","35","0000000000000000","URB_INTERRUPT in"
"15913","1019.773882","1.1.1","host","USB","35","0000170000000000","URB_INTERRUPT in"
"15915","1019.853893","1.1.1","host","USB","35","0000000000000000","URB_INTERRUPT in"
"15917","1019.893903","1.1.1","host","USB","35","0000080000000000","URB_INTERRUPT in"
"15919","1019.973916","1.1.1","host","USB","35","0000081500000000","URB_INTERRUPT in"
"15921","1020.013918","1.1.1","host","USB","35","0000150000000000","URB_INTERRUPT in"
"15923","1020.061920","1.1.1","host","USB","35","0000000000000000","URB_INTERRUPT in"
"15925","1020.397958","1.1.1","host","USB","35","00002c0000000000","URB_INTERRUPT in"
"15927","1020.477965","1.1.1","host","USB","35","0000000000000000","URB_INTERRUPT in"
"15929","1020.485965","1.1.1","host","USB","35","0000170000000000","URB_INTERRUPT in"
"15931","1020.565986","1.1.1","host","USB","35","0000000000000000","URB_INTERRUPT in"
"15933","1020.597969","1.1.1","host","USB","35","00000b0000000000","URB_INTERRUPT in"
"15935","1020.653981","1.1.1","host","USB","35","00000b0400000000","URB_INTERRUPT in"
"15937","1020.669983","1.1.1","host","USB","35","0000040000000000","URB_INTERRUPT in"
"15939","1020.741984","1.1.1","host","USB","35","0000000000000000","URB_INTERRUPT in"
"15941","1021.454056","1.1.1","host","USB","35","00002a0000000000","URB_INTERRUPT in"
"15943","1021.534065","1.1.1","host","USB","35","0000000000000000","URB_INTERRUPT in"
"15945","1021.614072","1.1.1","host","USB","35","00002a0000000000","URB_INTERRUPT in"
"15947","1021.702078","1.1.1","host","USB","35","0000000000000000","URB_INTERRUPT in"
"15949","1021.782090","1.1.1","host","USB","35","00002a0000000000","URB_INTERRUPT in"
"15951","1021.870116","1.1.1","host","USB","35","0000000000000000","URB_INTERRUPT in"
"15953","1021.918120","1.1.1","host","USB","35","0000170000000000","URB_INTERRUPT in"
"15955","1022.006125","1.1.1","host","USB","35","0000000000000000","URB_INTERRUPT in"
"15957","1022.054123","1.1.1","host","USB","35","00000b0000000000","URB_INTERRUPT in"
"15959","1022.110132","1.1.1","host","USB","35","0000000000000000","URB_INTERRUPT in"
"15961","1022.262146","1.1.1","host","USB","35","00002a0000000000","URB_INTERRUPT in"
"15963","1022.318153","1.1.1","host","USB","35","0000000000000000","URB_INTERRUPT in"
"15965","1022.406171","1.1.1","host","USB","35","00002a0000000000","URB_INTERRUPT in"
"15967","1022.462168","1.1.1","host","USB","35","0000000000000000","URB_INTERRUPT in"
"15969","1022.550188","1.1.1","host","USB","35","00002a0000000000","URB_INTERRUPT in"
"15971","1022.622194","1.1.1","host","USB","35","0000000000000000","URB_INTERRUPT in"
"15973","1022.662192","1.1.1","host","USB","35","0000170000000000","URB_INTERRUPT in"
"15975","1022.742204","1.1.1","host","USB","35","0000000000000000","URB_INTERRUPT in"
"15977","1022.774213","1.1.1","host","USB","35","00000b0000000000","URB_INTERRUPT in"
"15979","1022.846210","1.1.1","host","USB","35","00000b0800000000","URB_INTERRUPT in"
"15981","1022.854212","1.1.1","host","USB","35","0000080000000000","URB_INTERRUPT in"
"15983","1022.910216","1.1.1","host","USB","35","0000000000000000","URB_INTERRUPT in"
"15985","1023.230249","1.1.1","host","USB","35","0000090000000000","URB_INTERRUPT in"
"15987","1023.302258","1.1.1","host","USB","35","0000000000000000","URB_INTERRUPT in"
"15989","1023.366260","1.1.1","host","USB","35","00000f0000000000","URB_INTERRUPT in"
"15991","1023.462273","1.1.1","host","USB","35","0000000000000000","URB_INTERRUPT in"
"15993","1023.470273","1.1.1","host","USB","35","0000040000000000","URB_INTERRUPT in"
"15995","1023.550280","1.1.1","host","USB","35","0000000000000000","URB_INTERRUPT in"
"15997","1024.662402","1.1.1","host","USB","35","00002a0000000000","URB_INTERRUPT in"
"15999","1024.718407","1.1.1","host","USB","35","0000000000000000","URB_INTERRUPT in"
"16001","1025.726525","1.1.1","host","USB","35","0000040000000000","URB_INTERRUPT in"
"16003","1025.862533","1.1.1","host","USB","35","0000000000000000","URB_INTERRUPT in"
"16005","1025.982542","1.1.1","host","USB","35","00000a0000000000","URB_INTERRUPT in"
"16007","1026.054553","1.1.1","host","USB","35","0000000000000000","URB_INTERRUPT in"
"16009","1026.750616","1.1.1","host","USB","35","0000370000000000","URB_INTERRUPT in"
"16011","1026.838629","1.1.1","host","USB","35","0000000000000000","URB_INTERRUPT in"
"16013","1026.934639","1.1.1","host","USB","35","0000060000000000","URB_INTERRUPT in"
"16015","1027.022646","1.1.1","host","USB","35","0000000000000000","URB_INTERRUPT in"
"16017","1027.070651","1.1.1","host","USB","35","0000120000000000","URB_INTERRUPT in"
"16019","1027.134665","1.1.1","host","USB","35","0000121000000000","URB_INTERRUPT in"
"16021","1027.198663","1.1.1","host","USB","35","0000100000000000","URB_INTERRUPT in"
"16023","1027.222670","1.1.1","host","USB","35","0000000000000000","URB_INTERRUPT in"
"16025","1027.510703","1.1.1","host","USB","35","0000280000000000","URB_INTERRUPT in"
"16027","1027.630716","1.1.1","host","USB","35","0000000000000000","URB_INTERRUPT in"
"16029","1037.983808","1.1.1","host","USB","35","0000280000000000","URB_INTERRUPT in"
"16031","1038.039816","1.1.1","host","USB","35","0000000000000000","URB_INTERRUPT in"
"16033","1038.103822","1.1.1","host","USB","35","0000280000000000","URB_INTERRUPT in"
"16035","1038.159832","1.1.1","host","USB","35","0000000000000000","URB_INTERRUPT in"
"16037","1045.120565","1.1.1","host","USB","35","0000050000000000","URB_INTERRUPT in"
"16039","1045.224579","1.1.1","host","USB","35","0000000000000000","URB_INTERRUPT in"
"16041","1045.504610","1.1.1","host","USB","35","0000060000000000","URB_INTERRUPT in"
"16043","1045.632623","1.1.1","host","USB","35","0000000000000000","URB_INTERRUPT in"
"16045","1046.864769","1.1.1","host","USB","35","0000150000000000","URB_INTERRUPT in"
"16047","1046.960771","1.1.1","host","USB","35","0000000000000000","URB_INTERRUPT in"
"16049","1048.528930","1.1.1","host","USB","35","0000090000000000","URB_INTERRUPT in"
"16051","1048.592934","1.1.1","host","USB","35","0000000000000000","URB_INTERRUPT in"
"16053","1048.776955","1.1.1","host","USB","35","00002a0000000000","URB_INTERRUPT in"
"16055","1048.824960","1.1.1","host","USB","35","0000000000000000","URB_INTERRUPT in"
"16057","1048.936978","1.1.1","host","USB","35","00002a0000000000","URB_INTERRUPT in"
"16059","1049.008979","1.1.1","host","USB","35","0000000000000000","URB_INTERRUPT in"
"16061","1049.777078","1.1.1","host","USB","35","0000170000000000","URB_INTERRUPT in"
"16063","1049.865088","1.1.1","host","USB","35","0000000000000000","URB_INTERRUPT in"
"16065","1050.273123","1.1.1","host","USB","35","0000090000000000","URB_INTERRUPT in"
"16067","1050.337136","1.1.1","host","USB","35","0000000000000000","URB_INTERRUPT in"
"16069","1050.897184","1.1.1","host","USB","35","0200000000000000","URB_INTERRUPT in"
"16071","1051.169209","1.1.1","host","USB","35","02002f0000000000","URB_INTERRUPT in"
"16073","1051.273220","1.1.1","host","USB","35","0200000000000000","URB_INTERRUPT in"
"16075","1051.441248","1.1.1","host","USB","35","0000000000000000","URB_INTERRUPT in"
"16077","1052.129326","1.1.1","host","USB","35","0200000000000000","URB_INTERRUPT in"
"16079","1052.369341","1.1.1","host","USB","35","0200160000000000","URB_INTERRUPT in"
"16081","1052.521368","1.1.1","host","USB","35","0000160000000000","URB_INTERRUPT in"
"16083","1052.537360","1.1.1","host","USB","35","0000000000000000","URB_INTERRUPT in"
"16085","1054.129529","1.1.1","host","USB","35","0000170000000000","URB_INTERRUPT in"
"16087","1054.217532","1.1.1","host","USB","35","0000000000000000","URB_INTERRUPT in"
"16089","1055.553683","1.1.1","host","USB","35","0100000000000000","URB_INTERRUPT in"
"16091","1057.201862","1.1.1","host","USB","35","01002a0000000000","URB_INTERRUPT in"
"16093","1057.265868","1.1.1","host","USB","35","0100000000000000","URB_INTERRUPT in"
"16095","1057.777919","1.1.1","host","USB","35","0000000000000000","URB_INTERRUPT in"
"16097","1059.698114","1.1.1","host","USB","35","0200000000000000","URB_INTERRUPT in"
"16099","1059.810126","1.1.1","host","USB","35","0200160000000000","URB_INTERRUPT in"
"16101","1059.866137","1.1.1","host","USB","35","0200000000000000","URB_INTERRUPT in"
"16103","1059.906137","1.1.1","host","USB","35","0000000000000000","URB_INTERRUPT in"
"16105","1060.338185","1.1.1","host","USB","35","0000170000000000","URB_INTERRUPT in"
"16107","1060.426202","1.1.1","host","USB","35","0000000000000000","URB_INTERRUPT in"
"16109","1064.322614","1.1.1","host","USB","35","0000080000000000","URB_INTERRUPT in"
"16111","1064.378619","1.1.1","host","USB","35","0000000000000000","URB_INTERRUPT in"
"16113","1065.386719","1.1.1","host","USB","35","0200000000000000","URB_INTERRUPT in"
"16115","1065.562737","1.1.1","host","USB","35","0200040000000000","URB_INTERRUPT in"
"16117","1065.658750","1.1.1","host","USB","35","0200000000000000","URB_INTERRUPT in"
"16119","1065.682756","1.1.1","host","USB","35","0000000000000000","URB_INTERRUPT in"
"16121","1065.810769","1.1.1","host","USB","35","00000f0000000000","URB_INTERRUPT in"
"16123","1065.898788","1.1.1","host","USB","35","0000000000000000","URB_INTERRUPT in"
"16125","1066.506844","1.1.1","host","USB","35","0100000000000000","URB_INTERRUPT in"
"16127","1066.634857","1.1.1","host","USB","35","01002a0000000000","URB_INTERRUPT in"
"16129","1066.722877","1.1.1","host","USB","35","0100000000000000","URB_INTERRUPT in"
"16131","1066.762880","1.1.1","host","USB","35","0000000000000000","URB_INTERRUPT in"
"16133","1067.122905","1.1.1","host","USB","35","0200000000000000","URB_INTERRUPT in"
"16135","1067.218913","1.1.1","host","USB","35","0200160000000000","URB_INTERRUPT in"
"16137","1067.314923","1.1.1","host","USB","35","0200000000000000","URB_INTERRUPT in"
"16139","1067.338923","1.1.1","host","USB","35","0000000000000000","URB_INTERRUPT in"
"16141","1067.562948","1.1.1","host","USB","35","0000170000000000","URB_INTERRUPT in"
"16143","1067.634958","1.1.1","host","USB","35","0000000000000000","URB_INTERRUPT in"
"16145","1068.955112","1.1.1","host","USB","35","0000270000000000","URB_INTERRUPT in"
"16147","1069.043115","1.1.1","host","USB","35","0000000000000000","URB_INTERRUPT in"
"16149","1069.283138","1.1.1","host","USB","35","0000130000000000","URB_INTERRUPT in"
"16151","1069.387161","1.1.1","host","USB","35","0000000000000000","URB_INTERRUPT in"
"16153","1069.475163","1.1.1","host","USB","35","0200000000000000","URB_INTERRUPT in"
"16155","1069.619183","1.1.1","host","USB","35","02002d0000000000","URB_INTERRUPT in"
"16157","1069.683179","1.1.1","host","USB","35","0200000000000000","URB_INTERRUPT in"
"16159","1069.875212","1.1.1","host","USB","35","0000000000000000","URB_INTERRUPT in"
"16161","1070.435258","1.1.1","host","USB","35","0000160000000000","URB_INTERRUPT in"
"16163","1070.523274","1.1.1","host","USB","35","0000000000000000","URB_INTERRUPT in"
"16165","1070.915306","1.1.1","host","USB","35","0000200000000000","URB_INTERRUPT in"
"16167","1070.987314","1.1.1","host","USB","35","0000000000000000","URB_INTERRUPT in"
"16169","1071.979436","1.1.1","host","USB","35","0000110000000000","URB_INTERRUPT in"
"16171","1072.059441","1.1.1","host","USB","35","0000000000000000","URB_INTERRUPT in"
"16173","1072.587487","1.1.1","host","USB","35","0000070000000000","URB_INTERRUPT in"
"16175","1072.683494","1.1.1","host","USB","35","0000000000000000","URB_INTERRUPT in"
"16177","1073.891638","1.1.1","host","USB","35","00001e0000000000","URB_INTERRUPT in"
"16179","1073.947641","1.1.1","host","USB","35","0000000000000000","URB_INTERRUPT in"
"16181","1074.475699","1.1.1","host","USB","35","0200000000000000","URB_INTERRUPT in"
"16183","1074.683717","1.1.1","host","USB","35","0200110000000000","URB_INTERRUPT in"
"16185","1074.755729","1.1.1","host","USB","35","0200000000000000","URB_INTERRUPT in"
"16187","1074.867732","1.1.1","host","USB","35","0000000000000000","URB_INTERRUPT in"
"16189","1075.987844","1.1.1","host","USB","35","00000a0000000000","URB_INTERRUPT in"
"16191","1076.067856","1.1.1","host","USB","35","0000000000000000","URB_INTERRUPT in"
"16193","1077.892046","1.1.1","host","USB","35","0200000000000000","URB_INTERRUPT in"
"16195","1078.052067","1.1.1","host","USB","35","02002d0000000000","URB_INTERRUPT in"
"16197","1078.140073","1.1.1","host","USB","35","0200000000000000","URB_INTERRUPT in"
"16199","1078.204080","1.1.1","host","USB","35","0000000000000000","URB_INTERRUPT in"
"16201","1079.204192","1.1.1","host","USB","35","0000100000000000","URB_INTERRUPT in"
"16203","1079.284208","1.1.1","host","USB","35","0000000000000000","URB_INTERRUPT in"
"16205","1079.476231","1.1.1","host","USB","35","0000080000000000","URB_INTERRUPT in"
"16207","1079.564241","1.1.1","host","USB","35","0000000000000000","URB_INTERRUPT in"
"16209","1080.212308","1.1.1","host","USB","35","00002a0000000000","URB_INTERRUPT in"
"16211","1080.316311","1.1.1","host","USB","35","0000000000000000","URB_INTERRUPT in"
"16213","1080.636348","1.1.1","host","USB","35","0000200000000000","URB_INTERRUPT in"
"16215","1080.700352","1.1.1","host","USB","35","0000000000000000","URB_INTERRUPT in"
"16217","1080.948391","1.1.1","host","USB","35","0200000000000000","URB_INTERRUPT in"
"16219","1081.116397","1.1.1","host","USB","35","02002d0000000000","URB_INTERRUPT in"
"16221","1081.212401","1.1.1","host","USB","35","0200000000000000","URB_INTERRUPT in"
"16223","1081.340414","1.1.1","host","USB","35","0000000000000000","URB_INTERRUPT in"
"16225","1083.428652","1.1.1","host","USB","35","0000070000000000","URB_INTERRUPT in"
"16227","1083.492641","1.1.1","host","USB","35","0000000000000000","URB_INTERRUPT in"
"16229","1084.788797","1.1.1","host","USB","35","00002a0000000000","URB_INTERRUPT in"
"16231","1084.876805","1.1.1","host","USB","35","0000000000000000","URB_INTERRUPT in"
"16233","1085.020818","1.1.1","host","USB","35","0200000000000000","URB_INTERRUPT in"
"16235","1085.108825","1.1.1","host","USB","35","0200070000000000","URB_INTERRUPT in"
"16237","1085.212841","1.1.1","host","USB","35","0200000000000000","URB_INTERRUPT in"
"16239","1085.252834","1.1.1","host","USB","35","0000000000000000","URB_INTERRUPT in"
"16241","1085.908907","1.1.1","host","USB","35","0000180000000000","URB_INTERRUPT in"
"16243","1086.020919","1.1.1","host","USB","35","0000000000000000","URB_INTERRUPT in"
"16245","1086.164938","1.1.1","host","USB","35","0200000000000000","URB_INTERRUPT in"
"16247","1086.596993","1.1.1","host","USB","35","0200060000000000","URB_INTERRUPT in"
"16249","1086.708985","1.1.1","host","USB","35","0200000000000000","URB_INTERRUPT in"
"16251","1086.820995","1.1.1","host","USB","35","02000e0000000000","URB_INTERRUPT in"
"16253","1086.941012","1.1.1","host","USB","35","0200000000000000","URB_INTERRUPT in"
"16255","1086.997015","1.1.1","host","USB","35","0000000000000000","URB_INTERRUPT in"
"16257","1087.093033","1.1.1","host","USB","35","0200000000000000","URB_INTERRUPT in"
"16259","1087.885114","1.1.1","host","USB","35","02002d0000000000","URB_INTERRUPT in"
"16261","1087.989126","1.1.1","host","USB","35","0200000000000000","URB_INTERRUPT in"
"16263","1088.501461","1.1.1","host","USB","35","0000000000000000","URB_INTERRUPT in"
"16265","1088.701212","1.1.1","host","USB","35","0000130000000000","URB_INTERRUPT in"
"16267","1088.805211","1.1.1","host","USB","35","0000000000000000","URB_INTERRUPT in"
"16269","1089.349263","1.1.1","host","USB","35","00001e0000000000","URB_INTERRUPT in"
"16271","1089.453277","1.1.1","host","USB","35","0000000000000000","URB_INTERRUPT in"
"16273","1090.293380","1.1.1","host","USB","35","0000060000000000","URB_INTERRUPT in"
"16275","1090.381385","1.1.1","host","USB","35","0000000000000000","URB_INTERRUPT in"
"16277","1092.909643","1.1.1","host","USB","35","0000160000000000","URB_INTERRUPT in"
"16279","1092.997660","1.1.1","host","USB","35","0000000000000000","URB_INTERRUPT in"
"16281","1093.277682","1.1.1","host","USB","35","00002a0000000000","URB_INTERRUPT in"
"16283","1093.405700","1.1.1","host","USB","35","0000000000000000","URB_INTERRUPT in"
"16285","1093.501716","1.1.1","host","USB","35","0200000000000000","URB_INTERRUPT in"
"16287","1093.685738","1.1.1","host","USB","35","0200210000000000","URB_INTERRUPT in"
"16289","1093.797744","1.1.1","host","USB","35","0200000000000000","URB_INTERRUPT in"
"16291","1094.909854","1.1.1","host","USB","35","0200300000000000","URB_INTERRUPT in"
"16293","1095.005863","1.1.1","host","USB","35","0200000000000000","URB_INTERRUPT in"
"16295","1095.597938","1.1.1","host","USB","35","0000000000000000","URB_INTERRUPT in"
"16297","1096.950088","1.1.1","host","USB","35","0000280000000000","URB_INTERRUPT in"
"16299","1096.998092","1.1.1","host","USB","35","0000000000000000","URB_INTERRUPT in"
"16301","1097.414142","1.1.1","host","USB","35","0000280000000000","URB_INTERRUPT in"
"16303","1097.478142","1.1.1","host","USB","35","0000000000000000","URB_INTERRUPT in"
"16305","1118.224345","1.1.1","host","USB","35","0400000000000000","URB_INTERRUPT in"
"16307","1118.320342","1.1.1","host","USB","35","04002b0000000000","URB_INTERRUPT in"
"16309","1118.440362","1.1.1","host","USB","35","0400000000000000","URB_INTERRUPT in"
"16311","1119.368466","1.1.1","host","USB","35","0000000000000000","URB_INTERRUPT in"
"16313","1119.536478","1.1.1","host","USB","35","0400000000000000","URB_INTERRUPT in"
"16315","1119.600489","1.1.1","host","USB","35","04002b0000000000","URB_INTERRUPT in"
"16317","1119.712489","1.1.1","host","USB","35","0400000000000000","URB_INTERRUPT in"
"16319","1120.248546","1.1.1","host","USB","35","0000000000000000","URB_INTERRUPT in"
"16321","1126.465223","1.1.1","host","USB","35","0200000000000000","URB_INTERRUPT in"
"16323","1126.561218","1.1.1","host","USB","35","02000c0000000000","URB_INTERRUPT in"
"16325","1126.601226","1.1.1","host","USB","35","0200000000000000","URB_INTERRUPT in"
"16327","1126.641232","1.1.1","host","USB","35","0000000000000000","URB_INTERRUPT in"
"16329","1126.729244","1.1.1","host","USB","35","00002c0000000000","URB_INTERRUPT in"
"16331","1126.825262","1.1.1","host","USB","35","0000000000000000","URB_INTERRUPT in"
"16333","1126.865255","1.1.1","host","USB","35","0000170000000000","URB_INTERRUPT in"
"16335","1126.953274","1.1.1","host","USB","35","0000000000000000","URB_INTERRUPT in"
"16337","1127.001275","1.1.1","host","USB","35","00000b0000000000","URB_INTERRUPT in"
"16339","1127.105288","1.1.1","host","USB","35","00000b0c00000000","URB_INTERRUPT in"
"16341","1127.129282","1.1.1","host","USB","35","00000c0000000000","URB_INTERRUPT in"
"16343","1127.153279","1.1.1","host","USB","35","0000000000000000","URB_INTERRUPT in"
"16345","1127.369318","1.1.1","host","USB","35","0000110000000000","URB_INTERRUPT in"
"16347","1127.417305","1.1.1","host","USB","35","00000e0000000000","URB_INTERRUPT in"
"16349","1127.521323","1.1.1","host","USB","35","0000000000000000","URB_INTERRUPT in"
"16351","1128.193392","1.1.1","host","USB","35","00002c0000000000","URB_INTERRUPT in"
"16353","1128.265405","1.1.1","host","USB","35","0000000000000000","URB_INTERRUPT in"
"16355","1128.433414","1.1.1","host","USB","35","0000100000000000","URB_INTERRUPT in"
"16357","1128.465428","1.1.1","host","USB","35","0000000000000000","URB_INTERRUPT in"
"16359","1128.697460","1.1.1","host","USB","35","00002a0000000000","URB_INTERRUPT in"
"16361","1128.753460","1.1.1","host","USB","35","0000000000000000","URB_INTERRUPT in"
"16363","1128.777461","1.1.1","host","USB","35","00001a0000000000","URB_INTERRUPT in"
"16365","1128.857474","1.1.1","host","USB","35","0000000000000000","URB_INTERRUPT in"
"16367","1128.897478","1.1.1","host","USB","35","00000b0000000000","URB_INTERRUPT in"
"16369","1128.961477","1.1.1","host","USB","35","0000000000000000","URB_INTERRUPT in"
"16371","1128.969471","1.1.1","host","USB","35","0000040000000000","URB_INTERRUPT in"
"16373","1129.033491","1.1.1","host","USB","35","0000000000000000","URB_INTERRUPT in"
"16375","1129.065481","1.1.1","host","USB","35","0000170000000000","URB_INTERRUPT in"
"16377","1129.097500","1.1.1","host","USB","35","0000000000000000","URB_INTERRUPT in"
"16379","1129.105489","1.1.1","host","USB","35","00002c0000000000","URB_INTERRUPT in"
"16381","1129.161499","1.1.1","host","USB","35","0000000000000000","URB_INTERRUPT in"
"16383","1129.249516","1.1.1","host","USB","35","0000100000000000","URB_INTERRUPT in"
"16385","1129.281511","1.1.1","host","USB","35","0000100400000000","URB_INTERRUPT in"
"16387","1129.321515","1.1.1","host","USB","35","0000040000000000","URB_INTERRUPT in"
"16389","1129.369516","1.1.1","host","USB","35","0000000000000000","URB_INTERRUPT in"
"16391","1129.417533","1.1.1","host","USB","35","00000e0000000000","URB_INTERRUPT in"
"16393","1129.489536","1.1.1","host","USB","35","00000e0800000000","URB_INTERRUPT in"
"16395","1129.505545","1.1.1","host","USB","35","0000080000000000","URB_INTERRUPT in"
"16397","1129.545545","1.1.1","host","USB","35","0000081600000000","URB_INTERRUPT in"
"16399","1129.577550","1.1.1","host","USB","35","0000160000000000","URB_INTERRUPT in"
"16401","1129.593537","1.1.1","host","USB","35","0000162c00000000","URB_INTERRUPT in"
"16403","1129.601552","1.1.1","host","USB","35","00002c0000000000","URB_INTERRUPT in"
"16405","1129.665563","1.1.1","host","USB","35","0000000000000000","URB_INTERRUPT in"
"16407","1129.721565","1.1.1","host","USB","35","00000c0000000000","URB_INTERRUPT in"
"16409","1129.793565","1.1.1","host","USB","35","0000170000000000","URB_INTERRUPT in"
"16411","1129.857581","1.1.1","host","USB","35","0000000000000000","URB_INTERRUPT in"
"16413","1129.889592","1.1.1","host","USB","35","00002c0000000000","URB_INTERRUPT in"
"16415","1129.969596","1.1.1","host","USB","35","0000000000000000","URB_INTERRUPT in"
"16417","1130.129601","1.1.1","host","USB","35","0000130000000000","URB_INTERRUPT in"
"16419","1130.241615","1.1.1","host","USB","35","0000000000000000","URB_INTERRUPT in"
"16421","1130.273622","1.1.1","host","USB","35","0000040000000000","URB_INTERRUPT in"
"16423","1130.345632","1.1.1","host","USB","35","0000041500000000","URB_INTERRUPT in"
"16425","1130.369627","1.1.1","host","USB","35","0000150000000000","URB_INTERRUPT in"
"16427","1130.433630","1.1.1","host","USB","35","0000000000000000","URB_INTERRUPT in"
"16429","1130.545646","1.1.1","host","USB","35","0000170000000000","URB_INTERRUPT in"
"16431","1130.617653","1.1.1","host","USB","35","0000000000000000","URB_INTERRUPT in"
"16433","1130.745662","1.1.1","host","USB","35","00000c0000000000","URB_INTERRUPT in"
"16435","1130.865675","1.1.1","host","USB","35","0000000000000000","URB_INTERRUPT in"
"16437","1131.025690","1.1.1","host","USB","35","0000060000000000","URB_INTERRUPT in"
"16439","1131.105701","1.1.1","host","USB","35","0000000000000000","URB_INTERRUPT in"
"16441","1131.169706","1.1.1","host","USB","35","0000180000000000","URB_INTERRUPT in"
"16443","1131.233712","1.1.1","host","USB","35","0000000000000000","URB_INTERRUPT in"
"16445","1131.393730","1.1.1","host","USB","35","00000f0000000000","URB_INTERRUPT in"
"16447","1131.473739","1.1.1","host","USB","35","0000000000000000","URB_INTERRUPT in"
"16449","1131.497748","1.1.1","host","USB","35","0000040000000000","URB_INTERRUPT in"
"16451","1131.593751","1.1.1","host","USB","35","0000041500000000","URB_INTERRUPT in"
"16453","1131.649758","1.1.1","host","USB","35","0000150000000000","URB_INTERRUPT in"
"16455","1131.689760","1.1.1","host","USB","35","0000000000000000","URB_INTERRUPT in"
"16457","1131.825779","1.1.1","host","USB","35","00000f0000000000","URB_INTERRUPT in"
"16459","1131.913793","1.1.1","host","USB","35","0000000000000000","URB_INTERRUPT in"
"16461","1131.961805","1.1.1","host","USB","35","00001c0000000000","URB_INTERRUPT in"
"16463","1132.057815","1.1.1","host","USB","35","0000000000000000","URB_INTERRUPT in"
"16465","1132.121821","1.1.1","host","USB","35","00002c0000000000","URB_INTERRUPT in"
"16467","1132.201822","1.1.1","host","USB","35","0000000000000000","URB_INTERRUPT in"
"16469","1132.465859","1.1.1","host","USB","35","0000180000000000","URB_INTERRUPT in"
"16471","1132.561859","1.1.1","host","USB","35","0000181100000000","URB_INTERRUPT in"
"16473","1132.601864","1.1.1","host","USB","35","0000110000000000","URB_INTERRUPT in"
"16475","1132.633862","1.1.1","host","USB","35","0000000000000000","URB_INTERRUPT in"
"16477","1132.777892","1.1.1","host","USB","35","0000060000000000","URB_INTERRUPT in"
"16479","1132.865900","1.1.1","host","USB","35","0000000000000000","URB_INTERRUPT in"
"16481","1132.881886","1.1.1","host","USB","35","0000120000000000","URB_INTERRUPT in"
"16483","1132.961897","1.1.1","host","USB","35","0000121000000000","URB_INTERRUPT in"
"16485","1133.017902","1.1.1","host","USB","35","0000100000000000","URB_INTERRUPT in"
"16487","1133.057906","1.1.1","host","USB","35","0000000000000000","URB_INTERRUPT in"
"16489","1133.313933","1.1.1","host","USB","35","0000090000000000","URB_INTERRUPT in"
"16491","1133.377940","1.1.1","host","USB","35","0000000000000000","URB_INTERRUPT in"
"16493","1133.433957","1.1.1","host","USB","35","0000120000000000","URB_INTERRUPT in"
"16495","1133.497954","1.1.1","host","USB","35","0000000000000000","URB_INTERRUPT in"
"16497","1133.505953","1.1.1","host","USB","35","0000150000000000","URB_INTERRUPT in"
"16499","1133.585963","1.1.1","host","USB","35","0000000000000000","URB_INTERRUPT in"
"16501","1133.689975","1.1.1","host","USB","35","0000040000000000","URB_INTERRUPT in"
"16503","1133.761990","1.1.1","host","USB","35","0000000000000000","URB_INTERRUPT in"
"16505","1133.817986","1.1.1","host","USB","35","0000170000000000","URB_INTERRUPT in"
"16507","1133.881995","1.1.1","host","USB","35","0000000000000000","URB_INTERRUPT in"
"16509","1134.290042","1.1.1","host","USB","35","0000050000000000","URB_INTERRUPT in"
"16511","1134.354059","1.1.1","host","USB","35","0000000000000000","URB_INTERRUPT in"
"16513","1134.458057","1.1.1","host","USB","35","00000f0000000000","URB_INTERRUPT in"
"16515","1134.562074","1.1.1","host","USB","35","0000000000000000","URB_INTERRUPT in"
"16517","1134.602085","1.1.1","host","USB","35","0000080000000000","URB_INTERRUPT in"
"16519","1134.642103","1.1.1","host","USB","35","0000000000000000","URB_INTERRUPT in"
"16521","1134.890114","1.1.1","host","USB","35","00002c0000000000","URB_INTERRUPT in"
"16523","1134.962124","1.1.1","host","USB","35","0000000000000000","URB_INTERRUPT in"
"16525","1135.058123","1.1.1","host","USB","35","00000c0000000000","URB_INTERRUPT in"
"16527","1135.122138","1.1.1","host","USB","35","0000000000000000","URB_INTERRUPT in"
"16529","1135.146136","1.1.1","host","USB","35","0000160000000000","URB_INTERRUPT in"
"16531","1135.210149","1.1.1","host","USB","35","0000000000000000","URB_INTERRUPT in"
"16533","1135.234144","1.1.1","host","USB","35","00002c0000000000","URB_INTERRUPT in"
"16535","1135.306150","1.1.1","host","USB","35","0000000000000000","URB_INTERRUPT in"
"16537","1135.338155","1.1.1","host","USB","35","0000170000000000","URB_INTERRUPT in"
"16539","1135.410172","1.1.1","host","USB","35","0000000000000000","URB_INTERRUPT in"
"16541","1135.434162","1.1.1","host","USB","35","00000b0000000000","URB_INTERRUPT in"
"16543","1135.490177","1.1.1","host","USB","35","0000000000000000","URB_INTERRUPT in"
"16545","1135.506171","1.1.1","host","USB","35","0000080000000000","URB_INTERRUPT in"
"16547","1135.546179","1.1.1","host","USB","35","0000000000000000","URB_INTERRUPT in"
"16549","1136.002238","1.1.1","host","USB","35","00002c0000000000","URB_INTERRUPT in"
"16551","1136.122237","1.1.1","host","USB","35","0000000000000000","URB_INTERRUPT in"
"16553","1136.746301","1.1.1","host","USB","35","00000d0000000000","URB_INTERRUPT in"
"16555","1136.834308","1.1.1","host","USB","35","00000d1800000000","URB_INTERRUPT in"
"16557","1136.922323","1.1.1","host","USB","35","0000180000000000","URB_INTERRUPT in"
"16559","1136.930315","1.1.1","host","USB","35","0000000000000000","URB_INTERRUPT in"
"16561","1137.274355","1.1.1","host","USB","35","00001b0000000000","URB_INTERRUPT in"
"16563","1137.370374","1.1.1","host","USB","35","0000000000000000","URB_INTERRUPT in"
"16565","1137.514386","1.1.1","host","USB","35","0000170000000000","URB_INTERRUPT in"
"16567","1137.578391","1.1.1","host","USB","35","0000000000000000","URB_INTERRUPT in"
"16569","1137.658399","1.1.1","host","USB","35","0000040000000000","URB_INTERRUPT in"
"16571","1137.762414","1.1.1","host","USB","35","0000000000000000","URB_INTERRUPT in"
"16573","1137.890426","1.1.1","host","USB","35","0000050000000000","URB_INTERRUPT in"
"16575","1137.954439","1.1.1","host","USB","35","0000000000000000","URB_INTERRUPT in"
"16577","1138.202470","1.1.1","host","USB","35","00002a0000000000","URB_INTERRUPT in"
"16579","1138.298478","1.1.1","host","USB","35","0000000000000000","URB_INTERRUPT in"
"16581","1138.418475","1.1.1","host","USB","35","0000130000000000","URB_INTERRUPT in"
"16583","1138.522488","1.1.1","host","USB","35","0000131200000000","URB_INTERRUPT in"
"16585","1138.554492","1.1.1","host","USB","35","0000120000000000","URB_INTERRUPT in"
"16587","1138.578491","1.1.1","host","USB","35","0000000000000000","URB_INTERRUPT in"
"16589","1138.618494","1.1.1","host","USB","35","0000160000000000","URB_INTERRUPT in"
"16591","1138.706509","1.1.1","host","USB","35","0000000000000000","URB_INTERRUPT in"
"16593","1138.786514","1.1.1","host","USB","35","00000c0000000000","URB_INTERRUPT in"
"16595","1138.874526","1.1.1","host","USB","35","0000000000000000","URB_INTERRUPT in"
"16597","1138.890535","1.1.1","host","USB","35","0000170000000000","URB_INTERRUPT in"
"16599","1138.962533","1.1.1","host","USB","35","0000000000000000","URB_INTERRUPT in"
"16601","1139.026540","1.1.1","host","USB","35","0000120000000000","URB_INTERRUPT in"
"16603","1139.034542","1.1.1","host","USB","35","0000120c00000000","URB_INTERRUPT in"
"16605","1139.074544","1.1.1","host","USB","35","0000120000000000","URB_INTERRUPT in"
"16607","1139.106545","1.1.1","host","USB","35","0000000000000000","URB_INTERRUPT in"
"16609","1139.810636","1.1.1","host","USB","35","00002a0000000000","URB_INTERRUPT in"
"16611","1139.850634","1.1.1","host","USB","35","0000000000000000","URB_INTERRUPT in"
"16613","1139.946641","1.1.1","host","USB","35","00002a0000000000","URB_INTERRUPT in"
"16615","1140.002661","1.1.1","host","USB","35","0000000000000000","URB_INTERRUPT in"
"16617","1141.674831","1.1.1","host","USB","35","00000c0000000000","URB_INTERRUPT in"
"16619","1141.730827","1.1.1","host","USB","35","0000000000000000","URB_INTERRUPT in"
"16621","1142.050863","1.1.1","host","USB","35","0000120000000000","URB_INTERRUPT in"
"16623","1142.138871","1.1.1","host","USB","35","0000000000000000","URB_INTERRUPT in"
"16625","1142.250884","1.1.1","host","USB","35","0000110000000000","URB_INTERRUPT in"
"16627","1142.330890","1.1.1","host","USB","35","0000000000000000","URB_INTERRUPT in"
"16629","1142.458911","1.1.1","host","USB","35","00002c0000000000","URB_INTERRUPT in"
"16631","1142.530918","1.1.1","host","USB","35","0000000000000000","URB_INTERRUPT in"
"16633","1142.690930","1.1.1","host","USB","35","0000170000000000","URB_INTERRUPT in"
"16635","1142.786941","1.1.1","host","USB","35","0000000000000000","URB_INTERRUPT in"
"16637","1142.978970","1.1.1","host","USB","35","00002a0000000000","URB_INTERRUPT in"
"16639","1143.026980","1.1.1","host","USB","35","0000000000000000","URB_INTERRUPT in"
"16641","1143.162985","1.1.1","host","USB","35","0000050000000000","URB_INTERRUPT in"
"16643","1143.235002","1.1.1","host","USB","35","0000000000000000","URB_INTERRUPT in"
"16645","1143.266999","1.1.1","host","USB","35","0000080000000000","URB_INTERRUPT in"
"16647","1143.347005","1.1.1","host","USB","35","0000000000000000","URB_INTERRUPT in"
"16649","1143.443021","1.1.1","host","USB","35","0000170000000000","URB_INTERRUPT in"
"16651","1143.507025","1.1.1","host","USB","35","0000000000000000","URB_INTERRUPT in"
"16653","1143.571028","1.1.1","host","USB","35","00001a0000000000","URB_INTERRUPT in"
"16655","1143.659050","1.1.1","host","USB","35","00001a0800000000","URB_INTERRUPT in"
"16657","1143.691050","1.1.1","host","USB","35","0000080000000000","URB_INTERRUPT in"
"16659","1143.723046","1.1.1","host","USB","35","0000000000000000","URB_INTERRUPT in"
"16661","1143.811058","1.1.1","host","USB","35","0000080000000000","URB_INTERRUPT in"
"16663","1143.899067","1.1.1","host","USB","35","0000000000000000","URB_INTERRUPT in"
"16665","1143.907056","1.1.1","host","USB","35","0000110000000000","URB_INTERRUPT in"
"16667","1143.979071","1.1.1","host","USB","35","0000000000000000","URB_INTERRUPT in"
"16669","1144.043072","1.1.1","host","USB","35","00002c0000000000","URB_INTERRUPT in"
"16671","1144.131081","1.1.1","host","USB","35","0000000000000000","URB_INTERRUPT in"
"16673","1144.187096","1.1.1","host","USB","35","0000170000000000","URB_INTERRUPT in"
"16675","1144.259107","1.1.1","host","USB","35","0000000000000000","URB_INTERRUPT in"
"16677","1144.267095","1.1.1","host","USB","35","00000b0000000000","URB_INTERRUPT in"
"16679","1144.347115","1.1.1","host","USB","35","0000000000000000","URB_INTERRUPT in"
"16681","1144.363106","1.1.1","host","USB","35","0000080000000000","URB_INTERRUPT in"
"16683","1144.435114","1.1.1","host","USB","35","0000000000000000","URB_INTERRUPT in"
"16685","1144.451113","1.1.1","host","USB","35","00002c0000000000","URB_INTERRUPT in"
"16687","1144.523124","1.1.1","host","USB","35","0000000000000000","URB_INTERRUPT in"
"16689","1144.603133","1.1.1","host","USB","35","00000c0000000000","URB_INTERRUPT in"
"16691","1144.667140","1.1.1","host","USB","35","00000c1000000000","URB_INTERRUPT in"
"16693","1144.699145","1.1.1","host","USB","35","0000100000000000","URB_INTERRUPT in"
"16695","1144.755149","1.1.1","host","USB","35","0000100400000000","URB_INTERRUPT in"
"16697","1144.763150","1.1.1","host","USB","35","0000040000000000","URB_INTERRUPT in"
"16699","1144.851158","1.1.1","host","USB","35","0000000000000000","URB_INTERRUPT in"
"16701","1144.907174","1.1.1","host","USB","35","00000a0000000000","URB_INTERRUPT in"
"16703","1144.955169","1.1.1","host","USB","35","00000a0800000000","URB_INTERRUPT in"
"16705","1144.995180","1.1.1","host","USB","35","0000080000000000","URB_INTERRUPT in"
"16707","1145.051195","1.1.1","host","USB","35","0000000000000000","URB_INTERRUPT in"
"16709","1145.067183","1.1.1","host","USB","35","00002c0000000000","URB_INTERRUPT in"
"16711","1145.155206","1.1.1","host","USB","35","0000000000000000","URB_INTERRUPT in"
"16713","1145.179203","1.1.1","host","USB","35","00001a0000000000","URB_INTERRUPT in"
"16715","1145.235213","1.1.1","host","USB","35","00001a0800000000","URB_INTERRUPT in"
"16717","1145.275219","1.1.1","host","USB","35","0000080000000000","URB_INTERRUPT in"
"16719","1145.323210","1.1.1","host","USB","35","0000000000000000","URB_INTERRUPT in"
"16721","1145.339222","1.1.1","host","USB","35","00002c0000000000","URB_INTERRUPT in"
"16723","1145.403236","1.1.1","host","USB","35","0000000000000000","URB_INTERRUPT in"
"16725","1145.515243","1.1.1","host","USB","35","00000b0000000000","URB_INTERRUPT in"
"16727","1145.595250","1.1.1","host","USB","35","0000000000000000","URB_INTERRUPT in"
"16729","1145.619249","1.1.1","host","USB","35","0000040000000000","URB_INTERRUPT in"
"16731","1145.691263","1.1.1","host","USB","35","0000041900000000","URB_INTERRUPT in"
"16733","1145.707255","1.1.1","host","USB","35","0000190000000000","URB_INTERRUPT in"
"16735","1145.787271","1.1.1","host","USB","35","0000190800000000","URB_INTERRUPT in"
"16737","1145.795268","1.1.1","host","USB","35","0000080000000000","URB_INTERRUPT in"
"16739","1145.867280","1.1.1","host","USB","35","0000000000000000","URB_INTERRUPT in"
"16741","1145.875273","1.1.1","host","USB","35","00002c0000000000","URB_INTERRUPT in"
"16743","1145.955286","1.1.1","host","USB","35","0000000000000000","URB_INTERRUPT in"
"16745","1146.035298","1.1.1","host","USB","35","0000120000000000","URB_INTERRUPT in"
"16747","1146.131301","1.1.1","host","USB","35","0000120900000000","URB_INTERRUPT in"
"16749","1146.139301","1.1.1","host","USB","35","0000090000000000","URB_INTERRUPT in"
"16751","1146.203309","1.1.1","host","USB","35","0000000000000000","URB_INTERRUPT in"
"16753","1146.211307","1.1.1","host","USB","35","00002c0000000000","URB_INTERRUPT in"
"16755","1146.299322","1.1.1","host","USB","35","0000000000000000","URB_INTERRUPT in"
"16757","1146.515353","1.1.1","host","USB","35","0000070000000000","URB_INTERRUPT in"
"16759","1146.579347","1.1.1","host","USB","35","0000000000000000","URB_INTERRUPT in"
"16761","1146.587343","1.1.1","host","USB","35","0000180000000000","URB_INTERRUPT in"
"16763","1146.667370","1.1.1","host","USB","35","0000000000000000","URB_INTERRUPT in"
"16765","1146.715373","1.1.1","host","USB","35","0000060000000000","URB_INTERRUPT in"
"16767","1146.803383","1.1.1","host","USB","35","0000000000000000","URB_INTERRUPT in"
"16769","1146.827373","1.1.1","host","USB","35","00000e0000000000","URB_INTERRUPT in"
"16771","1146.891383","1.1.1","host","USB","35","0000160000000000","URB_INTERRUPT in"
"16773","1146.971394","1.1.1","host","USB","35","0000000000000000","URB_INTERRUPT in"
"16775","1146.995391","1.1.1","host","USB","35","00002c0000000000","URB_INTERRUPT in"
"16777","1147.067398","1.1.1","host","USB","35","0000000000000000","URB_INTERRUPT in"
"16779","1147.275417","1.1.1","host","USB","35","0000040000000000","URB_INTERRUPT in"
"16781","1147.355425","1.1.1","host","USB","35","0000000000000000","URB_INTERRUPT in"
"16783","1147.363429","1.1.1","host","USB","35","0000110000000000","URB_INTERRUPT in"
"16785","1147.435436","1.1.1","host","USB","35","0000000000000000","URB_INTERRUPT in"
"16787","1147.459443","1.1.1","host","USB","35","0000070000000000","URB_INTERRUPT in"
"16789","1147.539447","1.1.1","host","USB","35","0000000000000000","URB_INTERRUPT in"
"16791","1147.547442","1.1.1","host","USB","35","00002c0000000000","URB_INTERRUPT in"
"16793","1147.611454","1.1.1","host","USB","35","0000000000000000","URB_INTERRUPT in"
"16795","1147.699470","1.1.1","host","USB","35","0000170000000000","URB_INTERRUPT in"
"16797","1147.771469","1.1.1","host","USB","35","0000000000000000","URB_INTERRUPT in"
"16799","1147.779469","1.1.1","host","USB","35","00000b0000000000","URB_INTERRUPT in"
"16801","1147.859484","1.1.1","host","USB","35","00000b0c00000000","URB_INTERRUPT in"
"16803","1147.899493","1.1.1","host","USB","35","00000c0000000000","URB_INTERRUPT in"
"16805","1147.939487","1.1.1","host","USB","35","0000000000000000","URB_INTERRUPT in"
"16807","1147.987492","1.1.1","host","USB","35","0000160000000000","URB_INTERRUPT in"
"16809","1148.067507","1.1.1","host","USB","35","0000000000000000","URB_INTERRUPT in"
"16811","1148.107509","1.1.1","host","USB","35","00002c0000000000","URB_INTERRUPT in"
"16813","1148.187520","1.1.1","host","USB","35","0000000000000000","URB_INTERRUPT in"
"16815","1148.395548","1.1.1","host","USB","35","0000130000000000","URB_INTERRUPT in"
"16817","1148.499565","1.1.1","host","USB","35","0000000000000000","URB_INTERRUPT in"
"16819","1148.507553","1.1.1","host","USB","35","0000080000000000","URB_INTERRUPT in"
"16821","1148.595570","1.1.1","host","USB","35","0000000000000000","URB_INTERRUPT in"
"16823","1148.979617","1.1.1","host","USB","35","0000060000000000","URB_INTERRUPT in"
"16825","1149.083615","1.1.1","host","USB","35","0000000000000000","URB_INTERRUPT in"
"16827","1149.211627","1.1.1","host","USB","35","0000180000000000","URB_INTERRUPT in"
"16829","1149.291640","1.1.1","host","USB","35","0000000000000000","URB_INTERRUPT in"
"16831","1149.587663","1.1.1","host","USB","35","00000f0000000000","URB_INTERRUPT in"
"16833","1149.651668","1.1.1","host","USB","35","0000000000000000","URB_INTERRUPT in"
"16835","1149.771681","1.1.1","host","USB","35","00000c0000000000","URB_INTERRUPT in"
"16837","1149.835688","1.1.1","host","USB","35","0000000000000000","URB_INTERRUPT in"
"16839","1149.859688","1.1.1","host","USB","35","0000040000000000","URB_INTERRUPT in"
"16841","1149.931699","1.1.1","host","USB","35","0000000000000000","URB_INTERRUPT in"
"16843","1150.131720","1.1.1","host","USB","35","0000150000000000","URB_INTERRUPT in"
"16845","1150.195725","1.1.1","host","USB","35","0000000000000000","URB_INTERRUPT in"
"16847","1150.339741","1.1.1","host","USB","35","00002c0000000000","URB_INTERRUPT in"
"16849","1150.427751","1.1.1","host","USB","35","0000000000000000","URB_INTERRUPT in"
"16851","1150.547782","1.1.1","host","USB","35","0000050000000000","URB_INTERRUPT in"
"16853","1150.603782","1.1.1","host","USB","35","0000000000000000","URB_INTERRUPT in"
"16855","1150.715788","1.1.1","host","USB","35","00000c0000000000","URB_INTERRUPT in"
"16857","1150.803807","1.1.1","host","USB","35","0000000000000000","URB_INTERRUPT in"
"16859","1150.939817","1.1.1","host","USB","35","0000120000000000","URB_INTERRUPT in"
"16861","1151.027829","1.1.1","host","USB","35","0000000000000000","URB_INTERRUPT in"
"16863","1151.395861","1.1.1","host","USB","35","00000f0000000000","URB_INTERRUPT in"
"16865","1151.451878","1.1.1","host","USB","35","0000000000000000","URB_INTERRUPT in"
"16867","1151.563888","1.1.1","host","USB","35","0000120000000000","URB_INTERRUPT in"
"16869","1151.643891","1.1.1","host","USB","35","0000000000000000","URB_INTERRUPT in"
"16871","1151.699895","1.1.1","host","USB","35","00000a0000000000","URB_INTERRUPT in"
"16873","1151.771900","1.1.1","host","USB","35","0000000000000000","URB_INTERRUPT in"
"16875","1151.811907","1.1.1","host","USB","35","00000c0000000000","URB_INTERRUPT in"
"16877","1151.907926","1.1.1","host","USB","35","0000000000000000","URB_INTERRUPT in"
"16879","1151.995927","1.1.1","host","USB","35","0000060000000000","URB_INTERRUPT in"
"16881","1152.075934","1.1.1","host","USB","35","0000060400000000","URB_INTERRUPT in"
"16883","1152.091937","1.1.1","host","USB","35","0000040000000000","URB_INTERRUPT in"
"16885","1152.147943","1.1.1","host","USB","35","0000000000000000","URB_INTERRUPT in"
"16887","1152.155937","1.1.1","host","USB","35","00000f0000000000","URB_INTERRUPT in"
"16889","1152.227958","1.1.1","host","USB","35","0000000000000000","URB_INTERRUPT in"
"16891","1152.339960","1.1.1","host","USB","35","00002c0000000000","URB_INTERRUPT in"
"16893","1152.435971","1.1.1","host","USB","35","0000000000000000","URB_INTERRUPT in"
"16895","1152.579995","1.1.1","host","USB","35","0000090000000000","URB_INTERRUPT in"
"16897","1152.660004","1.1.1","host","USB","35","0000000000000000","URB_INTERRUPT in"
"16899","1152.780006","1.1.1","host","USB","35","0000040000000000","URB_INTERRUPT in"
"16901","1152.868021","1.1.1","host","USB","35","0000040600000000","URB_INTERRUPT in"
"16903","1152.884011","1.1.1","host","USB","35","0000060000000000","URB_INTERRUPT in"
"16905","1152.956029","1.1.1","host","USB","35","0000000000000000","URB_INTERRUPT in"
"16907","1153.100036","1.1.1","host","USB","35","0000170000000000","URB_INTERRUPT in"
"16909","1153.156041","1.1.1","host","USB","35","0000000000000000","URB_INTERRUPT in"
"16911","1153.196043","1.1.1","host","USB","35","0000370000000000","URB_INTERRUPT in"
"16913","1153.284062","1.1.1","host","USB","35","0000000000000000","URB_INTERRUPT in"
"16915","1153.388065","1.1.1","host","USB","35","00002c0000000000","URB_INTERRUPT in"
"16917","1153.468082","1.1.1","host","USB","35","02002c0000000000","URB_INTERRUPT in"
"16919","1153.476078","1.1.1","host","USB","35","0200000000000000","URB_INTERRUPT in"
"16921","1153.564083","1.1.1","host","USB","35","0200070000000000","URB_INTERRUPT in"
"16923","1153.628101","1.1.1","host","USB","35","0000070000000000","URB_INTERRUPT in"
"16925","1153.636090","1.1.1","host","USB","35","0000000000000000","URB_INTERRUPT in"
"16927","1153.740102","1.1.1","host","USB","35","0000180000000000","URB_INTERRUPT in"
"16929","1153.836123","1.1.1","host","USB","35","0000000000000000","URB_INTERRUPT in"
"16931","1153.852113","1.1.1","host","USB","35","0000060000000000","URB_INTERRUPT in"
"16933","1153.924138","1.1.1","host","USB","35","0000000000000000","URB_INTERRUPT in"
"16935","1154.052141","1.1.1","host","USB","35","0000160000000000","URB_INTERRUPT in"
"16937","1154.140152","1.1.1","host","USB","35","0000000000000000","URB_INTERRUPT in"
"16939","1155.132251","1.1.1","host","USB","35","00002a0000000000","URB_INTERRUPT in"
"16941","1155.188259","1.1.1","host","USB","35","0000000000000000","URB_INTERRUPT in"
"16943","1155.284267","1.1.1","host","USB","35","00002a0000000000","URB_INTERRUPT in"
"16945","1155.316270","1.1.1","host","USB","35","0000000000000000","URB_INTERRUPT in"
"16947","1155.716313","1.1.1","host","USB","35","0000060000000000","URB_INTERRUPT in"
"16949","1155.796321","1.1.1","host","USB","35","0000000000000000","URB_INTERRUPT in"
"16951","1155.820325","1.1.1","host","USB","35","00000e0000000000","URB_INTERRUPT in"
"16953","1155.900334","1.1.1","host","USB","35","0000000000000000","URB_INTERRUPT in"
"16955","1155.908344","1.1.1","host","USB","35","0000160000000000","URB_INTERRUPT in"
"16957","1155.964341","1.1.1","host","USB","35","0000000000000000","URB_INTERRUPT in"
"16959","1156.020355","1.1.1","host","USB","35","00002c0000000000","URB_INTERRUPT in"
"16961","1156.084363","1.1.1","host","USB","35","00002c0400000000","URB_INTERRUPT in"
"16963","1156.092357","1.1.1","host","USB","35","0000040000000000","URB_INTERRUPT in"
"16965","1156.164366","1.1.1","host","USB","35","0000000000000000","URB_INTERRUPT in"
"16967","1156.172365","1.1.1","host","USB","35","0000150000000000","URB_INTERRUPT in"
"16969","1156.252383","1.1.1","host","USB","35","0000150800000000","URB_INTERRUPT in"
"16971","1156.268400","1.1.1","host","USB","35","0000080000000000","URB_INTERRUPT in"
"16973","1156.340389","1.1.1","host","USB","35","0000000000000000","URB_INTERRUPT in"
"16975","1156.348390","1.1.1","host","USB","35","00002c0000000000","URB_INTERRUPT in"
"16977","1156.444400","1.1.1","host","USB","35","0000000000000000","URB_INTERRUPT in"
"16979","1156.836448","1.1.1","host","USB","35","0000120000000000","URB_INTERRUPT in"
"16981","1156.932458","1.1.1","host","USB","35","0000120900000000","URB_INTERRUPT in"
"16983","1156.940453","1.1.1","host","USB","35","0000090000000000","URB_INTERRUPT in"
"16985","1156.996464","1.1.1","host","USB","35","0000000000000000","URB_INTERRUPT in"
"16987","1157.108469","1.1.1","host","USB","35","0000170000000000","URB_INTERRUPT in"
"16989","1157.172473","1.1.1","host","USB","35","0000000000000000","URB_INTERRUPT in"
"16991","1157.500519","1.1.1","host","USB","35","0000080000000000","URB_INTERRUPT in"
"16993","1157.596528","1.1.1","host","USB","35","0000000000000000","URB_INTERRUPT in"
"16995","1157.620514","1.1.1","host","USB","35","0000110000000000","URB_INTERRUPT in"
"16997","1157.684538","1.1.1","host","USB","35","0000000000000000","URB_INTERRUPT in"
"16999","1157.772549","1.1.1","host","USB","35","00002c0000000000","URB_INTERRUPT in"
"17001","1157.876546","1.1.1","host","USB","35","0000000000000000","URB_INTERRUPT in"
"17003","1158.284585","1.1.1","host","USB","35","0000040000000000","URB_INTERRUPT in"
"17005","1158.388595","1.1.1","host","USB","35","0000000000000000","URB_INTERRUPT in"
"17007","1158.404598","1.1.1","host","USB","35","0000160000000000","URB_INTERRUPT in"
"17009","1158.460608","1.1.1","host","USB","35","0000000000000000","URB_INTERRUPT in"
"17011","1158.540620","1.1.1","host","USB","35","0000160000000000","URB_INTERRUPT in"
"17013","1158.612621","1.1.1","host","USB","35","0000000000000000","URB_INTERRUPT in"
"17015","1158.636623","1.1.1","host","USB","35","0000120000000000","URB_INTERRUPT in"
"17017","1158.716632","1.1.1","host","USB","35","0000000000000000","URB_INTERRUPT in"
"17019","1158.724631","1.1.1","host","USB","35","0000060000000000","URB_INTERRUPT in"
"17021","1158.804644","1.1.1","host","USB","35","0000000000000000","URB_INTERRUPT in"
"17023","1159.356703","1.1.1","host","USB","35","00000c0000000000","URB_INTERRUPT in"
"17025","1159.436713","1.1.1","host","USB","35","00000c0400000000","URB_INTERRUPT in"
"17027","1159.452725","1.1.1","host","USB","35","0000040000000000","URB_INTERRUPT in"
"17029","1159.516725","1.1.1","host","USB","35","0000000000000000","URB_INTERRUPT in"
"17031","1159.572731","1.1.1","host","USB","35","0000170000000000","URB_INTERRUPT in"
"17033","1159.652743","1.1.1","host","USB","35","0000170800000000","URB_INTERRUPT in"
"17035","1159.660738","1.1.1","host","USB","35","0000080000000000","URB_INTERRUPT in"
"17037","1159.724749","1.1.1","host","USB","35","0000000000000000","URB_INTERRUPT in"
"17039","1159.860769","1.1.1","host","USB","35","0000070000000000","URB_INTERRUPT in"
"17041","1159.924774","1.1.1","host","USB","35","0000000000000000","URB_INTERRUPT in"
"17043","1159.956770","1.1.1","host","USB","35","00002c0000000000","URB_INTERRUPT in"
"17045","1160.036786","1.1.1","host","USB","35","0000000000000000","URB_INTERRUPT in"
"17047","1160.068785","1.1.1","host","USB","35","00001a0000000000","URB_INTERRUPT in"
"17049","1160.140791","1.1.1","host","USB","35","0000000000000000","URB_INTERRUPT in"
"17051","1160.148793","1.1.1","host","USB","35","00000c0000000000","URB_INTERRUPT in"
"17053","1160.228805","1.1.1","host","USB","35","0000000000000000","URB_INTERRUPT in"
"17055","1160.252801","1.1.1","host","USB","35","0000170000000000","URB_INTERRUPT in"
"17057","1160.324820","1.1.1","host","USB","35","0000000000000000","URB_INTERRUPT in"
"17059","1160.332811","1.1.1","host","USB","35","00000b0000000000","URB_INTERRUPT in"
"17061","1160.388810","1.1.1","host","USB","35","0000000000000000","URB_INTERRUPT in"
"17063","1160.492820","1.1.1","host","USB","35","00002c0000000000","URB_INTERRUPT in"
"17065","1160.556827","1.1.1","host","USB","35","0000000000000000","URB_INTERRUPT in"
"17067","1160.684841","1.1.1","host","USB","35","0000130000000000","URB_INTERRUPT in"
"17069","1160.756851","1.1.1","host","USB","35","0000130800000000","URB_INTERRUPT in"
"17071","1160.764856","1.1.1","host","USB","35","0000080000000000","URB_INTERRUPT in"
"17073","1160.836859","1.1.1","host","USB","35","0000000000000000","URB_INTERRUPT in"
"17075","1160.900863","1.1.1","host","USB","35","0000040000000000","URB_INTERRUPT in"
"17077","1160.980871","1.1.1","host","USB","35","0000000000000000","URB_INTERRUPT in"
"17079","1161.124890","1.1.1","host","USB","35","0000060000000000","URB_INTERRUPT in"
"17081","1161.212901","1.1.1","host","USB","35","0000000000000000","URB_INTERRUPT in"
"17083","1161.324909","1.1.1","host","USB","35","0000080000000000","URB_INTERRUPT in"
"17085","1161.388919","1.1.1","host","USB","35","0000000000000000","URB_INTERRUPT in"
"17087","1161.612952","1.1.1","host","USB","35","0000090000000000","URB_INTERRUPT in"
"17089","1161.684952","1.1.1","host","USB","35","0000000000000000","URB_INTERRUPT in"
"17091","1161.716955","1.1.1","host","USB","35","0000180000000000","URB_INTERRUPT in"
"17093","1161.796965","1.1.1","host","USB","35","0000000000000000","URB_INTERRUPT in"
"17095","1161.956983","1.1.1","host","USB","35","00000f0000000000","URB_INTERRUPT in"
"17097","1162.036998","1.1.1","host","USB","35","0000000000000000","URB_INTERRUPT in"
"17099","1162.269026","1.1.1","host","USB","35","0000360000000000","URB_INTERRUPT in"
"17101","1162.349025","1.1.1","host","USB","35","0000362c00000000","URB_INTERRUPT in"
"17103","1162.381032","1.1.1","host","USB","35","00002c0000000000","URB_INTERRUPT in"
"17105","1162.437033","1.1.1","host","USB","35","0000000000000000","URB_INTERRUPT in"
"17107","1162.613051","1.1.1","host","USB","35","0000130000000000","URB_INTERRUPT in"
"17109","1162.693070","1.1.1","host","USB","35","0000000000000000","URB_INTERRUPT in"
"17111","1162.821074","1.1.1","host","USB","35","00000c0000000000","URB_INTERRUPT in"
"17113","1162.869079","1.1.1","host","USB","35","0000000000000000","URB_INTERRUPT in"
"17115","1162.925078","1.1.1","host","USB","35","0000060000000000","URB_INTERRUPT in"
"17117","1163.005102","1.1.1","host","USB","35","0000000000000000","URB_INTERRUPT in"
"17119","1163.157109","1.1.1","host","USB","35","0000170000000000","URB_INTERRUPT in"
"17121","1163.245118","1.1.1","host","USB","35","0000000000000000","URB_INTERRUPT in"
"17123","1163.277123","1.1.1","host","USB","35","0000180000000000","URB_INTERRUPT in"
"17125","1163.365139","1.1.1","host","USB","35","0000000000000000","URB_INTERRUPT in"
"17127","1163.421144","1.1.1","host","USB","35","0000150000000000","URB_INTERRUPT in"
"17129","1163.517147","1.1.1","host","USB","35","0000000000000000","URB_INTERRUPT in"
"17131","1163.765169","1.1.1","host","USB","35","0000080000000000","URB_INTERRUPT in"
"17133","1163.885181","1.1.1","host","USB","35","0000000000000000","URB_INTERRUPT in"
"17135","1164.157209","1.1.1","host","USB","35","0000160000000000","URB_INTERRUPT in"
"17137","1164.277221","1.1.1","host","USB","35","0000000000000000","URB_INTERRUPT in"
"17139","1164.477245","1.1.1","host","USB","35","0000140000000000","URB_INTERRUPT in"
"17141","1164.565259","1.1.1","host","USB","35","0000000000000000","URB_INTERRUPT in"
"17143","1164.621256","1.1.1","host","USB","35","0000180000000000","URB_INTERRUPT in"
"17145","1164.717271","1.1.1","host","USB","35","0000000000000000","URB_INTERRUPT in"
"17147","1164.765274","1.1.1","host","USB","35","0000080000000000","URB_INTERRUPT in"
"17149","1164.813281","1.1.1","host","USB","35","0000000000000000","URB_INTERRUPT in"
"17151","1164.885292","1.1.1","host","USB","35","00002c0000000000","URB_INTERRUPT in"
"17153","1164.941306","1.1.1","host","USB","35","0000000000000000","URB_INTERRUPT in"
"17155","1165.069311","1.1.1","host","USB","35","0000100000000000","URB_INTERRUPT in"
"17157","1165.157322","1.1.1","host","USB","35","0000101200000000","URB_INTERRUPT in"
"17159","1165.181324","1.1.1","host","USB","35","0000120000000000","URB_INTERRUPT in"
"17161","1165.277330","1.1.1","host","USB","35","0000121000000000","URB_INTERRUPT in"
"17163","1165.301337","1.1.1","host","USB","35","0000100000000000","URB_INTERRUPT in"
"17165","1165.373350","1.1.1","host","USB","35","0000000000000000","URB_INTERRUPT in"
"17167","1165.389355","1.1.1","host","USB","35","0000080000000000","URB_INTERRUPT in"
"17169","1165.469365","1.1.1","host","USB","35","0000000000000000","URB_INTERRUPT in"
"17171","1165.493354","1.1.1","host","USB","35","0000110000000000","URB_INTERRUPT in"
"17173","1165.589377","1.1.1","host","USB","35","0000000000000000","URB_INTERRUPT in"
"17175","1165.605375","1.1.1","host","USB","35","0000170000000000","URB_INTERRUPT in"
"17177","1165.685386","1.1.1","host","USB","35","0000171600000000","URB_INTERRUPT in"
"17179","1165.701389","1.1.1","host","USB","35","0000160000000000","URB_INTERRUPT in"
"17181","1165.765395","1.1.1","host","USB","35","0000000000000000","URB_INTERRUPT in"
"17183","1166.157423","1.1.1","host","USB","35","0000370000000000","URB_INTERRUPT in"
"17185","1166.245431","1.1.1","host","USB","35","0000000000000000","URB_INTERRUPT in"
"17187","1166.341440","1.1.1","host","USB","35","00002c0000000000","URB_INTERRUPT in"
"17189","1166.413459","1.1.1","host","USB","35","02002c0000000000","URB_INTERRUPT in"
"17191","1166.421454","1.1.1","host","USB","35","0200000000000000","URB_INTERRUPT in"
"17193","1166.717482","1.1.1","host","USB","35","02001c0000000000","URB_INTERRUPT in"
"17195","1166.805490","1.1.1","host","USB","35","0200000000000000","URB_INTERRUPT in"
"17197","1166.845496","1.1.1","host","USB","35","0000000000000000","URB_INTERRUPT in"
"17199","1166.933510","1.1.1","host","USB","35","0000120000000000","URB_INTERRUPT in"
"17201","1167.053532","1.1.1","host","USB","35","0000121800000000","URB_INTERRUPT in"
"17203","1167.077535","1.1.1","host","USB","35","0000180000000000","URB_INTERRUPT in"
"17205","1167.149535","1.1.1","host","USB","35","0000000000000000","URB_INTERRUPT in"
"17207","1167.277553","1.1.1","host","USB","35","00002c0000000000","URB_INTERRUPT in"
"17209","1167.357553","1.1.1","host","USB","35","0000000000000000","URB_INTERRUPT in"
"17211","1167.741808","1.1.1","host","USB","35","0000080000000000","URB_INTERRUPT in"
"17213","1167.805611","1.1.1","host","USB","35","0000000000000000","URB_INTERRUPT in"
"17215","1168.069640","1.1.1","host","USB","35","00002a0000000000","URB_INTERRUPT in"
"17217","1168.125636","1.1.1","host","USB","35","0000000000000000","URB_INTERRUPT in"
"17219","1168.133630","1.1.1","host","USB","35","0000090000000000","URB_INTERRUPT in"
"17221","1168.205647","1.1.1","host","USB","35","0000090800000000","URB_INTERRUPT in"
"17223","1168.229647","1.1.1","host","USB","35","0000080000000000","URB_INTERRUPT in"
"17225","1168.261658","1.1.1","host","USB","35","0000000000000000","URB_INTERRUPT in"
"17227","1168.365658","1.1.1","host","USB","35","0000080000000000","URB_INTERRUPT in"
"17229","1168.421674","1.1.1","host","USB","35","0000000000000000","URB_INTERRUPT in"
"17231","1168.477673","1.1.1","host","USB","35","00002c0000000000","URB_INTERRUPT in"
"17233","1168.549690","1.1.1","host","USB","35","0000000000000000","URB_INTERRUPT in"
"17235","1168.741713","1.1.1","host","USB","35","00002a0000000000","URB_INTERRUPT in"
"17237","1168.781715","1.1.1","host","USB","35","0000000000000000","URB_INTERRUPT in"
"17239","1169.765809","1.1.1","host","USB","35","0000070000000000","URB_INTERRUPT in"
"17241","1169.845820","1.1.1","host","USB","35","0000000000000000","URB_INTERRUPT in"
"17243","1169.901817","1.1.1","host","USB","35","00002c0000000000","URB_INTERRUPT in"
"17245","1169.973826","1.1.1","host","USB","35","0000000000000000","URB_INTERRUPT in"
"17247","1169.997827","1.1.1","host","USB","35","0000170000000000","URB_INTERRUPT in"
"17249","1170.053835","1.1.1","host","USB","35","0000000000000000","URB_INTERRUPT in"
"17251","1170.085839","1.1.1","host","USB","35","00000b0000000000","URB_INTERRUPT in"
"17253","1170.149845","1.1.1","host","USB","35","0000000000000000","URB_INTERRUPT in"
"17255","1170.189848","1.1.1","host","USB","35","0000080000000000","URB_INTERRUPT in"
"17257","1170.245856","1.1.1","host","USB","35","0000000000000000","URB_INTERRUPT in"
"17259","1170.285861","1.1.1","host","USB","35","0000100000000000","URB_INTERRUPT in"
"17261","1170.341882","1.1.1","host","USB","35","0000000000000000","URB_INTERRUPT in"
"17263","1170.437888","1.1.1","host","USB","35","00002c0000000000","URB_INTERRUPT in"
"17265","1170.533903","1.1.1","host","USB","35","0000000000000000","URB_INTERRUPT in"
"17267","1171.197964","1.1.1","host","USB","35","0000050000000000","URB_INTERRUPT in"
"17269","1171.293971","1.1.1","host","USB","35","0000000000000000","URB_INTERRUPT in"
"17271","1171.317979","1.1.1","host","USB","35","0000150000000000","URB_INTERRUPT in"
"17273","1171.389980","1.1.1","host","USB","35","0000150800000000","URB_INTERRUPT in"
"17275","1171.445987","1.1.1","host","USB","35","0000080000000000","URB_INTERRUPT in"
"17277","1171.469996","1.1.1","host","USB","35","0000000000000000","URB_INTERRUPT in"
"17279","1171.582000","1.1.1","host","USB","35","0000040000000000","URB_INTERRUPT in"
"17281","1171.686009","1.1.1","host","USB","35","0000000000000000","URB_INTERRUPT in"
"17283","1171.702021","1.1.1","host","USB","35","0000070000000000","URB_INTERRUPT in"
"17285","1171.774021","1.1.1","host","USB","35","0000000000000000","URB_INTERRUPT in"
"17287","1171.846029","1.1.1","host","USB","35","00002c0000000000","URB_INTERRUPT in"
"17289","1171.942036","1.1.1","host","USB","35","0000000000000000","URB_INTERRUPT in"
"17291","1172.030049","1.1.1","host","USB","35","0000060000000000","URB_INTERRUPT in"
"17293","1172.086051","1.1.1","host","USB","35","0000000000000000","URB_INTERRUPT in"
"17295","1172.222065","1.1.1","host","USB","35","0000150000000000","URB_INTERRUPT in"
"17297","1172.302073","1.1.1","host","USB","35","0000000000000000","URB_INTERRUPT in"
"17299","1172.334074","1.1.1","host","USB","35","0000180000000000","URB_INTERRUPT in"
"17301","1172.406085","1.1.1","host","USB","35","0000000000000000","URB_INTERRUPT in"
"17303","1172.534103","1.1.1","host","USB","35","0000100000000000","URB_INTERRUPT in"
"17305","1172.630125","1.1.1","host","USB","35","0000000000000000","URB_INTERRUPT in"
"17307","1172.822144","1.1.1","host","USB","35","0000050000000000","URB_INTERRUPT in"
"17309","1172.902150","1.1.1","host","USB","35","0000000000000000","URB_INTERRUPT in"
"17311","1172.958149","1.1.1","host","USB","35","0000160000000000","URB_INTERRUPT in"
"17313","1173.022169","1.1.1","host","USB","35","0000000000000000","URB_INTERRUPT in"
"17315","1173.054161","1.1.1","host","USB","35","00002c0000000000","URB_INTERRUPT in"
"17317","1173.134170","1.1.1","host","USB","35","0000000000000000","URB_INTERRUPT in"
"17319","1173.206176","1.1.1","host","USB","35","00000c0000000000","URB_INTERRUPT in"
"17321","1173.270192","1.1.1","host","USB","35","00000c1100000000","URB_INTERRUPT in"
"17323","1173.294186","1.1.1","host","USB","35","0000110000000000","URB_INTERRUPT in"
"17325","1173.334193","1.1.1","host","USB","35","0000000000000000","URB_INTERRUPT in"
"17327","1173.398197","1.1.1","host","USB","35","00002c0000000000","URB_INTERRUPT in"
"17329","1173.478215","1.1.1","host","USB","35","0000000000000000","URB_INTERRUPT in"
"17331","1173.502200","1.1.1","host","USB","35","0000170000000000","URB_INTERRUPT in"
"17333","1173.574223","1.1.1","host","USB","35","0000000000000000","URB_INTERRUPT in"
"17335","1173.598215","1.1.1","host","USB","35","00000b0000000000","URB_INTERRUPT in"
"17337","1173.678236","1.1.1","host","USB","35","00000b0800000000","URB_INTERRUPT in"
"17339","1173.686231","1.1.1","host","USB","35","0000080000000000","URB_INTERRUPT in"
"17341","1173.758245","1.1.1","host","USB","35","0000000000000000","URB_INTERRUPT in"
"17343","1173.774230","1.1.1","host","USB","35","00002c0000000000","URB_INTERRUPT in"
"17345","1173.854248","1.1.1","host","USB","35","0000000000000000","URB_INTERRUPT in"
"17347","1173.950255","1.1.1","host","USB","35","0000130000000000","URB_INTERRUPT in"
"17349","1174.054269","1.1.1","host","USB","35","0000130400000000","URB_INTERRUPT in"
"17351","1174.070275","1.1.1","host","USB","35","0000040000000000","URB_INTERRUPT in"
"17353","1174.118277","1.1.1","host","USB","35","0000000000000000","URB_INTERRUPT in"
"17355","1174.126276","1.1.1","host","USB","35","0000150000000000","URB_INTERRUPT in"
"17357","1174.198292","1.1.1","host","USB","35","0000000000000000","URB_INTERRUPT in"
"17359","1174.246284","1.1.1","host","USB","35","00000e0000000000","URB_INTERRUPT in"
"17361","1174.350310","1.1.1","host","USB","35","0000000000000000","URB_INTERRUPT in"
"17363","1174.510321","1.1.1","host","USB","35","0000370000000000","URB_INTERRUPT in"
"17365","1174.582333","1.1.1","host","USB","35","0000000000000000","URB_INTERRUPT in"
"17367","1174.670325","1.1.1","host","USB","35","00002c0000000000","URB_INTERRUPT in"
"17369","1174.726340","1.1.1","host","USB","35","02002c0000000000","URB_INTERRUPT in"
"17371","1174.742333","1.1.1","host","USB","35","0200000000000000","URB_INTERRUPT in"
"17373","1174.902349","1.1.1","host","USB","35","02001c0000000000","URB_INTERRUPT in"
"17375","1174.966358","1.1.1","host","USB","35","0200000000000000","URB_INTERRUPT in"
"17377","1174.982364","1.1.1","host","USB","35","0000000000000000","URB_INTERRUPT in"
"17379","1175.094372","1.1.1","host","USB","35","0000120000000000","URB_INTERRUPT in"
"17381","1175.174382","1.1.1","host","USB","35","0000121800000000","URB_INTERRUPT in"
"17383","1175.198382","1.1.1","host","USB","35","0000180000000000","URB_INTERRUPT in"
"17385","1175.254387","1.1.1","host","USB","35","0000000000000000","URB_INTERRUPT in"
"17387","1175.358401","1.1.1","host","USB","35","00002c0000000000","URB_INTERRUPT in"
"17389","1175.446417","1.1.1","host","USB","35","00002c1a00000000","URB_INTERRUPT in"
"17391","1175.454412","1.1.1","host","USB","35","00001a0000000000","URB_INTERRUPT in"
"17393","1175.534418","1.1.1","host","USB","35","00001a0400000000","URB_INTERRUPT in"
"17395","1175.598425","1.1.1","host","USB","35","0000040000000000","URB_INTERRUPT in"
"17397","1175.622427","1.1.1","host","USB","35","0000000000000000","URB_INTERRUPT in"
"17399","1175.646427","1.1.1","host","USB","35","0000110000000000","URB_INTERRUPT in"
"17401","1175.686434","1.1.1","host","USB","35","0000000000000000","URB_INTERRUPT in"
"17403","1176.014485","1.1.1","host","USB","35","00002a0000000000","URB_INTERRUPT in"
"17405","1176.054485","1.1.1","host","USB","35","00002a1700000000","URB_INTERRUPT in"
"17407","1176.062479","1.1.1","host","USB","35","0000170000000000","URB_INTERRUPT in"
"17409","1176.134493","1.1.1","host","USB","35","0000000000000000","URB_INTERRUPT in"
"17411","1176.286505","1.1.1","host","USB","35","0000060000000000","URB_INTERRUPT in"
"17413","1176.366512","1.1.1","host","USB","35","0000000000000000","URB_INTERRUPT in"
"17415","1176.374509","1.1.1","host","USB","35","00000b0000000000","URB_INTERRUPT in"
"17417","1176.446524","1.1.1","host","USB","35","0000000000000000","URB_INTERRUPT in"
"17419","1176.542535","1.1.1","host","USB","35","00002c0000000000","URB_INTERRUPT in"
"17421","1176.622549","1.1.1","host","USB","35","0000000000000000","URB_INTERRUPT in"
"17423","1176.654547","1.1.1","host","USB","35","0000170000000000","URB_INTERRUPT in"
"17425","1176.718555","1.1.1","host","USB","35","0000000000000000","URB_INTERRUPT in"
"17427","1176.742551","1.1.1","host","USB","35","00000b0000000000","URB_INTERRUPT in"
"17429","1176.806561","1.1.1","host","USB","35","00000b0800000000","URB_INTERRUPT in"
"17431","1176.814564","1.1.1","host","USB","35","0000080000000000","URB_INTERRUPT in"
"17433","1176.878560","1.1.1","host","USB","35","0000000000000000","URB_INTERRUPT in"
"17435","1176.926563","1.1.1","host","USB","35","0000100000000000","URB_INTERRUPT in"
"17437","1176.990572","1.1.1","host","USB","35","0000000000000000","URB_INTERRUPT in"
"17439","1177.078579","1.1.1","host","USB","35","00002c0000000000","URB_INTERRUPT in"
"17441","1177.150589","1.1.1","host","USB","35","0000000000000000","URB_INTERRUPT in"
"17443","1177.182590","1.1.1","host","USB","35","0000160000000000","URB_INTERRUPT in"
"17445","1177.254602","1.1.1","host","USB","35","0000000000000000","URB_INTERRUPT in"
"17447","1177.382615","1.1.1","host","USB","35","00001a0000000000","URB_INTERRUPT in"
"17449","1177.478626","1.1.1","host","USB","35","0000000000000000","URB_INTERRUPT in"
"17451","1177.494626","1.1.1","host","USB","35","00000c0000000000","URB_INTERRUPT in"
"17453","1177.558634","1.1.1","host","USB","35","00000c1000000000","URB_INTERRUPT in"
"17455","1177.606638","1.1.1","host","USB","35","0000100000000000","URB_INTERRUPT in"
"17457","1177.638640","1.1.1","host","USB","35","0000000000000000","URB_INTERRUPT in"
"17459","1177.726652","1.1.1","host","USB","35","00002c0000000000","URB_INTERRUPT in"
"17461","1177.822662","1.1.1","host","USB","35","0000000000000000","URB_INTERRUPT in"
"17463","1178.806790","1.1.1","host","USB","35","00000c0000000000","URB_INTERRUPT in"
"17465","1178.838784","1.1.1","host","USB","35","00000c1100000000","URB_INTERRUPT in"
"17467","1178.862786","1.1.1","host","USB","35","0000110000000000","URB_INTERRUPT in"
"17469","1178.910778","1.1.1","host","USB","35","0000000000000000","URB_INTERRUPT in"
"17471","1178.998794","1.1.1","host","USB","35","00002c0000000000","URB_INTERRUPT in"
"17473","1179.094811","1.1.1","host","USB","35","0000000000000000","URB_INTERRUPT in"
"17475","1179.302827","1.1.1","host","USB","35","0000060000000000","URB_INTERRUPT in"
"17477","1179.422846","1.1.1","host","USB","35","0000060400000000","URB_INTERRUPT in"
"17479","1179.438838","1.1.1","host","USB","35","0000040000000000","URB_INTERRUPT in"
"17481","1179.486838","1.1.1","host","USB","35","0000000000000000","URB_INTERRUPT in"
"17483","1179.526852","1.1.1","host","USB","35","00000f0000000000","URB_INTERRUPT in"
"17485","1179.622870","1.1.1","host","USB","35","0000000000000000","URB_INTERRUPT in"
"17487","1179.830888","1.1.1","host","USB","35","0000100000000000","URB_INTERRUPT in"
"17489","1179.974903","1.1.1","host","USB","35","0000000000000000","URB_INTERRUPT in"
"17491","1181.143015","1.1.1","host","USB","35","0000360000000000","URB_INTERRUPT in"
"17493","1181.255024","1.1.1","host","USB","35","0000000000000000","URB_INTERRUPT in"
"17495","1181.311043","1.1.1","host","USB","35","00002c0000000000","URB_INTERRUPT in"
"17497","1181.399056","1.1.1","host","USB","35","0000000000000000","URB_INTERRUPT in"
"17499","1181.423047","1.1.1","host","USB","35","0000160000000000","URB_INTERRUPT in"
"17501","1181.471062","1.1.1","host","USB","35","0000160800000000","URB_INTERRUPT in"
"17503","1181.551073","1.1.1","host","USB","35","0000160815000000","URB_INTERRUPT in"
"17505","1181.567063","1.1.1","host","USB","35","0000081500000000","URB_INTERRUPT in"
"17507","1181.591071","1.1.1","host","USB","35","0000150000000000","URB_INTERRUPT in"
"17509","1181.655077","1.1.1","host","USB","35","0000000000000000","URB_INTERRUPT in"
"17511","1181.791088","1.1.1","host","USB","35","0000080000000000","URB_INTERRUPT in"
"17513","1181.871108","1.1.1","host","USB","35","0000000000000000","URB_INTERRUPT in"
"17515","1181.967111","1.1.1","host","USB","35","0000110000000000","URB_INTERRUPT in"
"17517","1182.095120","1.1.1","host","USB","35","0000000000000000","URB_INTERRUPT in"
"17519","1182.495157","1.1.1","host","USB","35","0000080000000000","URB_INTERRUPT in"
"17521","1182.599166","1.1.1","host","USB","35","0000000000000000","URB_INTERRUPT in"
"17523","1182.863198","1.1.1","host","USB","35","00002c0000000000","URB_INTERRUPT in"
"17525","1182.951205","1.1.1","host","USB","35","0000000000000000","URB_INTERRUPT in"
"17527","1183.167228","1.1.1","host","USB","35","0000130000000000","URB_INTERRUPT in"
"17529","1183.287239","1.1.1","host","USB","35","0000000000000000","URB_INTERRUPT in"
"17531","1183.431256","1.1.1","host","USB","35","0000120000000000","URB_INTERRUPT in"
"17533","1183.551275","1.1.1","host","USB","35","0000000000000000","URB_INTERRUPT in"
"17535","1183.575277","1.1.1","host","USB","35","0000110000000000","URB_INTERRUPT in"
"17537","1183.671289","1.1.1","host","USB","35","0000000000000000","URB_INTERRUPT in"
"17539","1183.727293","1.1.1","host","USB","35","00000a0000000000","URB_INTERRUPT in"
"17541","1183.847315","1.1.1","host","USB","35","0000000000000000","URB_INTERRUPT in"
"17543","1183.863302","1.1.1","host","USB","35","0000160000000000","URB_INTERRUPT in"
"17545","1183.975322","1.1.1","host","USB","35","0000000000000000","URB_INTERRUPT in"
"17547","1184.159348","1.1.1","host","USB","35","0000370000000000","URB_INTERRUPT in"
"17549","1184.207345","1.1.1","host","USB","35","0000000000000000","URB_INTERRUPT in"
"17551","1184.295361","1.1.1","host","USB","35","00002c0000000000","URB_INTERRUPT in"
"17553","1184.391372","1.1.1","host","USB","35","0000000000000000","URB_INTERRUPT in"
"17555","1184.407364","1.1.1","host","USB","35","0200000000000000","URB_INTERRUPT in"
"17557","1184.599388","1.1.1","host","USB","35","0000000000000000","URB_INTERRUPT in"
"17559","1184.719396","1.1.1","host","USB","35","0200000000000000","URB_INTERRUPT in"
"17561","1184.799417","1.1.1","host","USB","35","0200040000000000","URB_INTERRUPT in"
"17563","1184.895429","1.1.1","host","USB","35","0200000000000000","URB_INTERRUPT in"
"17565","1184.911422","1.1.1","host","USB","35","0000000000000000","URB_INTERRUPT in"
"17567","1185.039432","1.1.1","host","USB","35","0000110000000000","URB_INTERRUPT in"
"17569","1185.135445","1.1.1","host","USB","35","0000000000000000","URB_INTERRUPT in"
"17571","1185.191457","1.1.1","host","USB","35","0000070000000000","URB_INTERRUPT in"
"17573","1185.295469","1.1.1","host","USB","35","0000000000000000","URB_INTERRUPT in"
"17575","1185.303466","1.1.1","host","USB","35","00002c0000000000","URB_INTERRUPT in"
"17577","1185.375469","1.1.1","host","USB","35","0000000000000000","URB_INTERRUPT in"
"17579","1185.407468","1.1.1","host","USB","35","0000170000000000","URB_INTERRUPT in"
"17581","1185.487492","1.1.1","host","USB","35","0000000000000000","URB_INTERRUPT in"
"17583","1185.519477","1.1.1","host","USB","35","00000b0000000000","URB_INTERRUPT in"
"17585","1185.575493","1.1.1","host","USB","35","00000b0800000000","URB_INTERRUPT in"
"17587","1185.583496","1.1.1","host","USB","35","0000080000000000","URB_INTERRUPT in"
"17589","1185.671495","1.1.1","host","USB","35","0000000000000000","URB_INTERRUPT in"
"17591","1185.695494","1.1.1","host","USB","35","0000110000000000","URB_INTERRUPT in"
"17593","1185.759502","1.1.1","host","USB","35","0000000000000000","URB_INTERRUPT in"
"17595","1185.847512","1.1.1","host","USB","35","00002c0000000000","URB_INTERRUPT in"
"17597","1185.911519","1.1.1","host","USB","35","0000000000000000","URB_INTERRUPT in"
"17599","1185.943528","1.1.1","host","USB","35","0000170000000000","URB_INTERRUPT in"
"17601","1186.023532","1.1.1","host","USB","35","0000000000000000","URB_INTERRUPT in"
"17603","1186.063536","1.1.1","host","USB","35","00000b0000000000","URB_INTERRUPT in"
"17605","1186.151544","1.1.1","host","USB","35","00000b0800000000","URB_INTERRUPT in"
"17607","1186.159551","1.1.1","host","USB","35","0000080000000000","URB_INTERRUPT in"
"17609","1186.263558","1.1.1","host","USB","35","0000081500000000","URB_INTERRUPT in"
"17611","1186.271569","1.1.1","host","USB","35","0000150000000000","URB_INTERRUPT in"
"17613","1186.351570","1.1.1","host","USB","35","0000150800000000","URB_INTERRUPT in"
"17615","1186.375568","1.1.1","host","USB","35","0000080000000000","URB_INTERRUPT in"
"17617","1186.439584","1.1.1","host","USB","35","0000000000000000","URB_INTERRUPT in"
"17619","1186.511588","1.1.1","host","USB","35","0000340000000000","URB_INTERRUPT in"
"17621","1186.599592","1.1.1","host","USB","35","0000000000000000","URB_INTERRUPT in"
"17623","1186.655602","1.1.1","host","USB","35","0000160000000000","URB_INTERRUPT in"
"17625","1186.719606","1.1.1","host","USB","35","0000000000000000","URB_INTERRUPT in"
"17627","1186.767612","1.1.1","host","USB","35","00002c0000000000","URB_INTERRUPT in"
"17629","1186.863627","1.1.1","host","USB","35","0000000000000000","URB_INTERRUPT in"
"17631","1186.943632","1.1.1","host","USB","35","0000170000000000","URB_INTERRUPT in"
"17633","1187.007650","1.1.1","host","USB","35","0000000000000000","URB_INTERRUPT in"
"17635","1187.031648","1.1.1","host","USB","35","00000b0000000000","URB_INTERRUPT in"
"17637","1187.087657","1.1.1","host","USB","35","00000b0c00000000","URB_INTERRUPT in"
"17639","1187.135655","1.1.1","host","USB","35","00000c0000000000","URB_INTERRUPT in"
"17641","1187.175652","1.1.1","host","USB","35","0000000000000000","URB_INTERRUPT in"
"17643","1187.191656","1.1.1","host","USB","35","0000160000000000","URB_INTERRUPT in"
"17645","1187.263668","1.1.1","host","USB","35","0000000000000000","URB_INTERRUPT in"
"17647","1187.327683","1.1.1","host","USB","35","00002c0000000000","URB_INTERRUPT in"
"17649","1187.431687","1.1.1","host","USB","35","0000000000000000","URB_INTERRUPT in"
"17651","1187.655712","1.1.1","host","USB","35","0200000000000000","URB_INTERRUPT in"
"17653","1187.911734","1.1.1","host","USB","35","0200250000000000","URB_INTERRUPT in"
"17655","1187.991739","1.1.1","host","USB","35","0200000000000000","URB_INTERRUPT in"
"17657","1188.087757","1.1.1","host","USB","35","0200160000000000","URB_INTERRUPT in"
"17659","1188.167762","1.1.1","host","USB","35","0000160000000000","URB_INTERRUPT in"
"17661","1188.175759","1.1.1","host","USB","35","0000000000000000","URB_INTERRUPT in"
"17663","1188.703815","1.1.1","host","USB","35","00002a0000000000","URB_INTERRUPT in"
"17665","1188.751822","1.1.1","host","USB","35","0000000000000000","URB_INTERRUPT in"
"17667","1188.863842","1.1.1","host","USB","35","0000160000000000","URB_INTERRUPT in"
"17669","1188.943842","1.1.1","host","USB","35","0000000000000000","URB_INTERRUPT in"
"17671","1189.671934","1.1.1","host","USB","35","00002a0000000000","URB_INTERRUPT in"
"17673","1189.695936","1.1.1","host","USB","35","02002a0000000000","URB_INTERRUPT in"
"17675","1189.759941","1.1.1","host","USB","35","0200000000000000","URB_INTERRUPT in"
"17677","1189.783941","1.1.1","host","USB","35","0200160000000000","URB_INTERRUPT in"
"17679","1189.879948","1.1.1","host","USB","35","0200000000000000","URB_INTERRUPT in"
"17681","1189.999967","1.1.1","host","USB","35","0200130000000000","URB_INTERRUPT in"
"17683","1190.087974","1.1.1","host","USB","35","0200000000000000","URB_INTERRUPT in"
"17685","1191.008550","1.1.1","host","USB","35","02000c0000000000","URB_INTERRUPT in"
"17687","1191.080088","1.1.1","host","USB","35","0200000000000000","URB_INTERRUPT in"
"17689","1191.120087","1.1.1","host","USB","35","0200150000000000","URB_INTERRUPT in"
"17691","1191.192081","1.1.1","host","USB","35","0200000000000000","URB_INTERRUPT in"
"17693","1191.248094","1.1.1","host","USB","35","0200040000000000","URB_INTERRUPT in"
"17695","1191.312096","1.1.1","host","USB","35","0200000000000000","URB_INTERRUPT in"
"17697","1191.336098","1.1.1","host","USB","35","02000f0000000000","URB_INTERRUPT in"
"17699","1191.440106","1.1.1","host","USB","35","0200000000000000","URB_INTERRUPT in"
"17701","1191.528114","1.1.1","host","USB","35","02002c0000000000","URB_INTERRUPT in"
"17703","1191.616125","1.1.1","host","USB","35","0200000000000000","URB_INTERRUPT in"
"17705","1191.808145","1.1.1","host","USB","35","0200130000000000","URB_INTERRUPT in"
"17707","1191.872152","1.1.1","host","USB","35","0200000000000000","URB_INTERRUPT in"
"17709","1191.920156","1.1.1","host","USB","35","0200080000000000","URB_INTERRUPT in"
"17711","1192.000168","1.1.1","host","USB","35","0200000000000000","URB_INTERRUPT in"
"17713","1192.008167","1.1.1","host","USB","35","0200110000000000","URB_INTERRUPT in"
"17715","1192.128180","1.1.1","host","USB","35","0200110c00000000","URB_INTERRUPT in"
"17717","1192.152186","1.1.1","host","USB","35","02000c0000000000","URB_INTERRUPT in"
"17719","1192.216186","1.1.1","host","USB","35","02000c1600000000","URB_INTERRUPT in"
"17721","1192.224194","1.1.1","host","USB","35","0200160000000000","URB_INTERRUPT in"
"17723","1192.352208","1.1.1","host","USB","35","0200000000000000","URB_INTERRUPT in"
"17725","1192.472227","1.1.1","host","USB","35","02002c0000000000","URB_INTERRUPT in"
"17727","1192.600237","1.1.1","host","USB","35","0200000000000000","URB_INTERRUPT in"
"17729","1192.984276","1.1.1","host","USB","35","0200160000000000","URB_INTERRUPT in"
"17731","1193.080288","1.1.1","host","USB","35","0200000000000000","URB_INTERRUPT in"
"17733","1193.136293","1.1.1","host","USB","35","02000c0000000000","URB_INTERRUPT in"
"17735","1193.232312","1.1.1","host","USB","35","0200000000000000","URB_INTERRUPT in"
"17737","1193.280313","1.1.1","host","USB","35","0200170000000000","URB_INTERRUPT in"
"17739","1193.352324","1.1.1","host","USB","35","0200000000000000","URB_INTERRUPT in"
"17741","1193.440318","1.1.1","host","USB","35","0200180000000000","URB_INTERRUPT in"
"17743","1193.512325","1.1.1","host","USB","35","0200000000000000","URB_INTERRUPT in"
"17745","1193.544329","1.1.1","host","USB","35","0200040000000000","URB_INTERRUPT in"
"17747","1193.648347","1.1.1","host","USB","35","0200000000000000","URB_INTERRUPT in"
"17749","1193.760352","1.1.1","host","USB","35","0200170000000000","URB_INTERRUPT in"
"17751","1193.840361","1.1.1","host","USB","35","0200000000000000","URB_INTERRUPT in"
"17753","1193.888375","1.1.1","host","USB","35","02000c0000000000","URB_INTERRUPT in"
"17755","1193.960373","1.1.1","host","USB","35","02000c1200000000","URB_INTERRUPT in"
"17757","1194.000380","1.1.1","host","USB","35","0200120000000000","URB_INTERRUPT in"
"17759","1194.040381","1.1.1","host","USB","35","0200000000000000","URB_INTERRUPT in"
"17761","1194.120389","1.1.1","host","USB","35","0200110000000000","URB_INTERRUPT in"
"17763","1194.200398","1.1.1","host","USB","35","0200000000000000","URB_INTERRUPT in"
"17765","1194.704458","1.1.1","host","USB","35","0200250000000000","URB_INTERRUPT in"
"17767","1194.760473","1.1.1","host","USB","35","0200000000000000","URB_INTERRUPT in"
"17769","1194.800479","1.1.1","host","USB","35","0000000000000000","URB_INTERRUPT in"
"17771","1194.856478","1.1.1","host","USB","35","00002c0000000000","URB_INTERRUPT in"
"17773","1194.968490","1.1.1","host","USB","35","0000000000000000","URB_INTERRUPT in"
"17775","1194.992486","1.1.1","host","USB","35","00000f0000000000","URB_INTERRUPT in"
"17777","1195.096509","1.1.1","host","USB","35","0000000000000000","URB_INTERRUPT in"
"17779","1195.152505","1.1.1","host","USB","35","0000180000000000","URB_INTERRUPT in"
"17781","1195.240525","1.1.1","host","USB","35","0000000000000000","URB_INTERRUPT in"
"17783","1195.304530","1.1.1","host","USB","35","0000150000000000","URB_INTERRUPT in"
"17785","1195.376530","1.1.1","host","USB","35","0000000000000000","URB_INTERRUPT in"
"17787","1195.416543","1.1.1","host","USB","35","00000e0000000000","URB_INTERRUPT in"
"17789","1195.480549","1.1.1","host","USB","35","0000000000000000","URB_INTERRUPT in"
"17791","1195.592559","1.1.1","host","USB","35","00000c0000000000","URB_INTERRUPT in"
"17793","1195.648567","1.1.1","host","USB","35","00000c1100000000","URB_INTERRUPT in"
"17795","1195.688563","1.1.1","host","USB","35","0000110000000000","URB_INTERRUPT in"
"17797","1195.720572","1.1.1","host","USB","35","0000000000000000","URB_INTERRUPT in"
"17799","1195.728567","1.1.1","host","USB","35","00000a0000000000","URB_INTERRUPT in"
"17801","1195.792574","1.1.1","host","USB","35","0000000000000000","URB_INTERRUPT in"
"17803","1195.800569","1.1.1","host","USB","35","00002c0000000000","URB_INTERRUPT in"
"17805","1195.872586","1.1.1","host","USB","35","0000000000000000","URB_INTERRUPT in"
"17807","1195.928590","1.1.1","host","USB","35","0000170000000000","URB_INTERRUPT in"
"17809","1196.008600","1.1.1","host","USB","35","0000170b00000000","URB_INTERRUPT in"
"17811","1196.016598","1.1.1","host","USB","35","00000b0000000000","URB_INTERRUPT in"
"17813","1196.080611","1.1.1","host","USB","35","0000000000000000","URB_INTERRUPT in"
"17815","1196.096600","1.1.1","host","USB","35","0000040000000000","URB_INTERRUPT in"
"17817","1196.168629","1.1.1","host","USB","35","0000041700000000","URB_INTERRUPT in"
"17819","1196.192616","1.1.1","host","USB","35","0000170000000000","URB_INTERRUPT in"
"17821","1196.248633","1.1.1","host","USB","35","0000000000000000","URB_INTERRUPT in"
"17823","1197.080705","1.1.1","host","USB","35","0100000000000000","URB_INTERRUPT in"
"17825","1197.136711","1.1.1","host","USB","35","01002a0000000000","URB_INTERRUPT in"
"17827","1197.200718","1.1.1","host","USB","35","0100000000000000","URB_INTERRUPT in"
"17829","1197.256725","1.1.1","host","USB","35","0000000000000000","URB_INTERRUPT in"
"17831","1197.344734","1.1.1","host","USB","35","00000d0000000000","URB_INTERRUPT in"
"17833","1197.496751","1.1.1","host","USB","35","00000d1800000000","URB_INTERRUPT in"
"17835","1197.504749","1.1.1","host","USB","35","0000180000000000","URB_INTERRUPT in"
"17837","1197.512752","1.1.1","host","USB","35","0000181600000000","URB_INTERRUPT in"
"17839","1197.544753","1.1.1","host","USB","35","0000160000000000","URB_INTERRUPT in"
"17841","1197.560756","1.1.1","host","USB","35","0000000000000000","URB_INTERRUPT in"
"17843","1197.624765","1.1.1","host","USB","35","0000170000000000","URB_INTERRUPT in"
"17845","1197.712771","1.1.1","host","USB","35","0000000000000000","URB_INTERRUPT in"
"17847","1197.840797","1.1.1","host","USB","35","00002c0000000000","URB_INTERRUPT in"
"17849","1197.952807","1.1.1","host","USB","35","0000000000000000","URB_INTERRUPT in"
"17851","1198.264840","1.1.1","host","USB","35","0000180000000000","URB_INTERRUPT in"
"17853","1198.360857","1.1.1","host","USB","35","0000181100000000","URB_INTERRUPT in"
"17855","1198.376847","1.1.1","host","USB","35","0000110000000000","URB_INTERRUPT in"
"17857","1198.384850","1.1.1","host","USB","35","0000110700000000","URB_INTERRUPT in"
"17859","1198.424866","1.1.1","host","USB","35","0000070000000000","URB_INTERRUPT in"
"17861","1198.464852","1.1.1","host","USB","35","0000000000000000","URB_INTERRUPT in"
"17863","1198.472851","1.1.1","host","USB","35","0000080000000000","URB_INTERRUPT in"
"17865","1198.576879","1.1.1","host","USB","35","0000081500000000","URB_INTERRUPT in"
"17867","1198.584870","1.1.1","host","USB","35","0000150000000000","URB_INTERRUPT in"
"17869","1198.648877","1.1.1","host","USB","35","0000000000000000","URB_INTERRUPT in"
"17871","1198.656872","1.1.1","host","USB","35","00002c0000000000","URB_INTERRUPT in"
"17873","1198.760900","1.1.1","host","USB","35","00002c1700000000","URB_INTERRUPT in"
"17875","1198.768890","1.1.1","host","USB","35","0000170000000000","URB_INTERRUPT in"
"17877","1198.856909","1.1.1","host","USB","35","0000000000000000","URB_INTERRUPT in"
"17879","1198.904895","1.1.1","host","USB","35","00000b0000000000","URB_INTERRUPT in"
"17881","1198.952902","1.1.1","host","USB","35","00000b0800000000","URB_INTERRUPT in"
"17883","1198.976909","1.1.1","host","USB","35","0000080000000000","URB_INTERRUPT in"
"17885","1199.040913","1.1.1","host","USB","35","0000000000000000","URB_INTERRUPT in"
"17887","1199.072916","1.1.1","host","USB","35","00002c0000000000","URB_INTERRUPT in"
"17889","1199.176926","1.1.1","host","USB","35","0000000000000000","URB_INTERRUPT in"
"17891","1199.520964","1.1.1","host","USB","35","0000160000000000","URB_INTERRUPT in"
"17893","1199.600973","1.1.1","host","USB","35","0000000000000000","URB_INTERRUPT in"
"17895","1199.640973","1.1.1","host","USB","35","0000180000000000","URB_INTERRUPT in"
"17897","1199.712984","1.1.1","host","USB","35","0000000000000000","URB_INTERRUPT in"
"17899","1199.728984","1.1.1","host","USB","35","0000150000000000","URB_INTERRUPT in"
"17901","1199.800994","1.1.1","host","USB","35","0000000000000000","URB_INTERRUPT in"
"17903","1199.937008","1.1.1","host","USB","35","0000090000000000","URB_INTERRUPT in"
"17905","1200.017020","1.1.1","host","USB","35","0000000000000000","URB_INTERRUPT in"
"17907","1200.097041","1.1.1","host","USB","35","0000040000000000","URB_INTERRUPT in"
"17909","1200.185049","1.1.1","host","USB","35","0000040600000000","URB_INTERRUPT in"
"17911","1200.209043","1.1.1","host","USB","35","0000060000000000","URB_INTERRUPT in"
"17913","1200.289052","1.1.1","host","USB","35","0000060800000000","URB_INTERRUPT in"
"17915","1200.313062","1.1.1","host","USB","35","0000080000000000","URB_INTERRUPT in"
"17917","1200.345063","1.1.1","host","USB","35","0000000000000000","URB_INTERRUPT in"
"17919","1200.873122","1.1.1","host","USB","35","00002c0000000000","URB_INTERRUPT in"
"17921","1200.897126","1.1.1","host","USB","35","02002c0000000000","URB_INTERRUPT in"
"17923","1201.017131","1.1.1","host","USB","35","0200000000000000","URB_INTERRUPT in"
"17925","1201.089137","1.1.1","host","USB","35","0200260000000000","URB_INTERRUPT in"
"17927","1201.177148","1.1.1","host","USB","35","0200000000000000","URB_INTERRUPT in"
"17929","1201.193146","1.1.1","host","USB","35","0000000000000000","URB_INTERRUPT in"
"17931","1201.401175","1.1.1","host","USB","35","00000f0000000000","URB_INTERRUPT in"
"17933","1201.497183","1.1.1","host","USB","35","00000f0c00000000","URB_INTERRUPT in"
"17935","1201.513190","1.1.1","host","USB","35","00000c0000000000","URB_INTERRUPT in"
"17937","1201.601200","1.1.1","host","USB","35","0000000000000000","URB_INTERRUPT in"
"17939","1202.273269","1.1.1","host","USB","35","0000170000000000","URB_INTERRUPT in"
"17941","1202.353266","1.1.1","host","USB","35","0000000000000000","URB_INTERRUPT in"
"17943","1202.649297","1.1.1","host","USB","35","0000080000000000","URB_INTERRUPT in"
"17945","1202.769319","1.1.1","host","USB","35","0000000000000000","URB_INTERRUPT in"
"17947","1203.081340","1.1.1","host","USB","35","0000150000000000","URB_INTERRUPT in"
"17949","1203.161350","1.1.1","host","USB","35","0000000000000000","URB_INTERRUPT in"
"17951","1203.273362","1.1.1","host","USB","35","0000040000000000","URB_INTERRUPT in"
"17953","1203.329369","1.1.1","host","USB","35","0000000000000000","URB_INTERRUPT in"
"17955","1203.425395","1.1.1","host","USB","35","00000f0000000000","URB_INTERRUPT in"
"17957","1203.481398","1.1.1","host","USB","35","0000000000000000","URB_INTERRUPT in"
"17959","1203.561400","1.1.1","host","USB","35","00000f0000000000","URB_INTERRUPT in"
"17961","1203.633408","1.1.1","host","USB","35","0000000000000000","URB_INTERRUPT in"
"17963","1203.673416","1.1.1","host","USB","35","00001c0000000000","URB_INTERRUPT in"
"17965","1203.745428","1.1.1","host","USB","35","0000000000000000","URB_INTERRUPT in"
"17967","1203.913436","1.1.1","host","USB","35","00002c0000000000","URB_INTERRUPT in"
"17969","1204.001449","1.1.1","host","USB","35","0000000000000000","URB_INTERRUPT in"
"17971","1204.033450","1.1.1","host","USB","35","0000040000000000","URB_INTERRUPT in"
"17973","1204.121458","1.1.1","host","USB","35","0000000000000000","URB_INTERRUPT in"
"17975","1204.129460","1.1.1","host","USB","35","0000110000000000","URB_INTERRUPT in"
"17977","1204.193469","1.1.1","host","USB","35","0000000000000000","URB_INTERRUPT in"
"17979","1204.233467","1.1.1","host","USB","35","0000070000000000","URB_INTERRUPT in"
"17981","1204.305488","1.1.1","host","USB","35","0000072c00000000","URB_INTERRUPT in"
"17983","1204.321479","1.1.1","host","USB","35","00002c0000000000","URB_INTERRUPT in"
"17985","1204.377480","1.1.1","host","USB","35","0000000000000000","URB_INTERRUPT in"
"17987","1204.473494","1.1.1","host","USB","35","0000090000000000","URB_INTERRUPT in"
"17989","1204.593513","1.1.1","host","USB","35","0000000000000000","URB_INTERRUPT in"
"17991","1204.745518","1.1.1","host","USB","35","00000c0000000000","URB_INTERRUPT in"
"17993","1204.825526","1.1.1","host","USB","35","0000000000000000","URB_INTERRUPT in"
"17995","1204.913536","1.1.1","host","USB","35","00000a0000000000","URB_INTERRUPT in"
"17997","1204.977542","1.1.1","host","USB","35","0000000000000000","URB_INTERRUPT in"
"17999","1205.729631","1.1.1","host","USB","35","0000180000000000","URB_INTERRUPT in"
"18001","1205.809638","1.1.1","host","USB","35","0000000000000000","URB_INTERRUPT in"
"18003","1205.833640","1.1.1","host","USB","35","0000150000000000","URB_INTERRUPT in"
"18005","1205.913659","1.1.1","host","USB","35","0000000000000000","URB_INTERRUPT in"
"18007","1205.929650","1.1.1","host","USB","35","0000040000000000","URB_INTERRUPT in"
"18009","1206.001667","1.1.1","host","USB","35","0000000000000000","URB_INTERRUPT in"
"18011","1206.129678","1.1.1","host","USB","35","0000170000000000","URB_INTERRUPT in"
"18013","1206.209689","1.1.1","host","USB","35","0000000000000000","URB_INTERRUPT in"
"18015","1206.505713","1.1.1","host","USB","35","00000c0000000000","URB_INTERRUPT in"
"18017","1206.585728","1.1.1","host","USB","35","0000000000000000","URB_INTERRUPT in"
"18019","1206.697734","1.1.1","host","USB","35","0000190000000000","URB_INTERRUPT in"
"18021","1206.777751","1.1.1","host","USB","35","0000190800000000","URB_INTERRUPT in"
"18023","1206.785740","1.1.1","host","USB","35","0000080000000000","URB_INTERRUPT in"
"18025","1206.865748","1.1.1","host","USB","35","0000000000000000","URB_INTERRUPT in"
"18027","1207.273816","1.1.1","host","USB","35","00000f0000000000","URB_INTERRUPT in"
"18029","1207.361807","1.1.1","host","USB","35","00000f1c00000000","URB_INTERRUPT in"
"18031","1207.401807","1.1.1","host","USB","35","00001c0000000000","URB_INTERRUPT in"
"18033","1207.473811","1.1.1","host","USB","35","0000000000000000","URB_INTERRUPT in"
"18035","1208.073875","1.1.1","host","USB","35","0000370000000000","URB_INTERRUPT in"
"18037","1208.121876","1.1.1","host","USB","35","0000000000000000","URB_INTERRUPT in"
"18039","1208.217891","1.1.1","host","USB","35","0000370000000000","URB_INTERRUPT in"
"18041","1208.241889","1.1.1","host","USB","35","0000000000000000","URB_INTERRUPT in"
"18043","1208.321898","1.1.1","host","USB","35","0000370000000000","URB_INTERRUPT in"
"18045","1208.377904","1.1.1","host","USB","35","0000000000000000","URB_INTERRUPT in"
"18047","1208.529923","1.1.1","host","USB","35","0000370000000000","URB_INTERRUPT in"
"18049","1208.553923","1.1.1","host","USB","35","0000000000000000","URB_INTERRUPT in"
"18051","1208.849956","1.1.1","host","USB","35","0200000000000000","URB_INTERRUPT in"
"18053","1208.913970","1.1.1","host","USB","35","0200270000000000","URB_INTERRUPT in"
"18055","1208.985983","1.1.1","host","USB","35","0200000000000000","URB_INTERRUPT in"
"18057","1209.033982","1.1.1","host","USB","35","0000000000000000","URB_INTERRUPT in"
"18059","1209.314020","1.1.1","host","USB","35","0000370000000000","URB_INTERRUPT in"
"18061","1209.394028","1.1.1","host","USB","35","0000000000000000","URB_INTERRUPT in"
"18063","1209.562042","1.1.1","host","USB","35","0000280000000000","URB_INTERRUPT in"
"18065","1209.618042","1.1.1","host","USB","35","0000000000000000","URB_INTERRUPT in"
"18067","1209.682056","1.1.1","host","USB","35","0000280000000000","URB_INTERRUPT in"
"18069","1209.762058","1.1.1","host","USB","35","0000000000000000","URB_INTERRUPT in"
"18071","1210.322111","1.1.1","host","USB","35","0200000000000000","URB_INTERRUPT in"
"18073","1210.474127","1.1.1","host","USB","35","0200170000000000","URB_INTERRUPT in"
"18075","1210.546138","1.1.1","host","USB","35","0200000000000000","URB_INTERRUPT in"
"18077","1210.554138","1.1.1","host","USB","35","0000000000000000","URB_INTERRUPT in"
"18079","1210.690149","1.1.1","host","USB","35","00000b0000000000","URB_INTERRUPT in"
"18081","1210.794162","1.1.1","host","USB","35","0000000000000000","URB_INTERRUPT in"
"18083","1210.914178","1.1.1","host","USB","35","00000c0000000000","URB_INTERRUPT in"
"18085","1211.002187","1.1.1","host","USB","35","0000000000000000","URB_INTERRUPT in"
"18087","1211.058186","1.1.1","host","USB","35","0000160000000000","URB_INTERRUPT in"
"18089","1211.122210","1.1.1","host","USB","35","0000000000000000","URB_INTERRUPT in"
"18091","1211.138196","1.1.1","host","USB","35","00002c0000000000","URB_INTERRUPT in"
"18093","1211.194209","1.1.1","host","USB","35","0000000000000000","URB_INTERRUPT in"
"18095","1211.274222","1.1.1","host","USB","35","0000150000000000","URB_INTERRUPT in"
"18097","1211.346234","1.1.1","host","USB","35","0000150800000000","URB_INTERRUPT in"
"18099","1211.370238","1.1.1","host","USB","35","0000080000000000","URB_INTERRUPT in"
"18101","1211.418230","1.1.1","host","USB","35","0000000000000000","URB_INTERRUPT in"
"18103","1211.546255","1.1.1","host","USB","35","0000190000000000","URB_INTERRUPT in"
"18105","1211.642259","1.1.1","host","USB","35","0000190800000000","URB_INTERRUPT in"
"18107","1211.658257","1.1.1","host","USB","35","0000080000000000","URB_INTERRUPT in"
"18109","1211.714266","1.1.1","host","USB","35","0000000000000000","URB_INTERRUPT in"
"18111","1211.770268","1.1.1","host","USB","35","00000f0000000000","URB_INTERRUPT in"
"18113","1211.874282","1.1.1","host","USB","35","0000000000000000","URB_INTERRUPT in"
"18115","1211.938296","1.1.1","host","USB","35","0000040000000000","URB_INTERRUPT in"
"18117","1212.026306","1.1.1","host","USB","35","0000000000000000","URB_INTERRUPT in"
"18119","1212.090305","1.1.1","host","USB","35","0000170000000000","URB_INTERRUPT in"
"18121","1212.146310","1.1.1","host","USB","35","0000170c00000000","URB_INTERRUPT in"
"18123","1212.162323","1.1.1","host","USB","35","00000c0000000000","URB_INTERRUPT in"
"18125","1212.210314","1.1.1","host","USB","35","00000c1200000000","URB_INTERRUPT in"
"18127","1212.250330","1.1.1","host","USB","35","0000120000000000","URB_INTERRUPT in"
"18129","1212.274322","1.1.1","host","USB","35","0000000000000000","URB_INTERRUPT in"
"18131","1212.354328","1.1.1","host","USB","35","0000110000000000","URB_INTERRUPT in"
"18133","1212.418347","1.1.1","host","USB","35","0000000000000000","URB_INTERRUPT in"
"18135","1212.490345","1.1.1","host","USB","35","00002c0000000000","URB_INTERRUPT in"
"18137","1212.562361","1.1.1","host","USB","35","0000000000000000","URB_INTERRUPT in"
"18139","1212.690379","1.1.1","host","USB","35","00000b0000000000","URB_INTERRUPT in"
"18141","1212.762383","1.1.1","host","USB","35","0000000000000000","URB_INTERRUPT in"
"18143","1212.770374","1.1.1","host","USB","35","0000040000000000","URB_INTERRUPT in"
"18145","1212.874400","1.1.1","host","USB","35","0000041600000000","URB_INTERRUPT in"
"18147","1212.922414","1.1.1","host","USB","35","0000160000000000","URB_INTERRUPT in"
"18149","1212.994397","1.1.1","host","USB","35","0000000000000000","URB_INTERRUPT in"
"18151","1213.058407","1.1.1","host","USB","35","00002c0000000000","URB_INTERRUPT in"
"18153","1213.154428","1.1.1","host","USB","35","0000000000000000","URB_INTERRUPT in"
"18155","1213.466446","1.1.1","host","USB","35","0000060000000000","URB_INTERRUPT in"
"18157","1213.546453","1.1.1","host","USB","35","0000000000000000","URB_INTERRUPT in"
"18159","1213.554456","1.1.1","host","USB","35","0000040000000000","URB_INTERRUPT in"
"18161","1213.626462","1.1.1","host","USB","35","0000000000000000","URB_INTERRUPT in"
"18163","1213.674472","1.1.1","host","USB","35","0000180000000000","URB_INTERRUPT in"
"18165","1213.730473","1.1.1","host","USB","35","0000000000000000","URB_INTERRUPT in"
"18167","1213.770486","1.1.1","host","USB","35","0000160000000000","URB_INTERRUPT in"
"18169","1213.834487","1.1.1","host","USB","35","0000160800000000","URB_INTERRUPT in"
"18171","1213.874488","1.1.1","host","USB","35","0000080000000000","URB_INTERRUPT in"
"18173","1213.906492","1.1.1","host","USB","35","0000000000000000","URB_INTERRUPT in"
"18175","1213.994497","1.1.1","host","USB","35","0000070000000000","URB_INTERRUPT in"
"18177","1214.074511","1.1.1","host","USB","35","0000000000000000","URB_INTERRUPT in"
"18179","1214.082510","1.1.1","host","USB","35","00002c0000000000","URB_INTERRUPT in"
"18181","1214.122515","1.1.1","host","USB","35","0000000000000000","URB_INTERRUPT in"
"18183","1214.210527","1.1.1","host","USB","35","0000100000000000","URB_INTERRUPT in"
"18185","1214.282531","1.1.1","host","USB","35","0000000000000000","URB_INTERRUPT in"
"18187","1214.386549","1.1.1","host","USB","35","00002c0000000000","URB_INTERRUPT in"
"18189","1214.466559","1.1.1","host","USB","35","0000000000000000","URB_INTERRUPT in"
"18191","1214.690582","1.1.1","host","USB","35","00002a0000000000","URB_INTERRUPT in"
"18193","1214.754595","1.1.1","host","USB","35","0000000000000000","URB_INTERRUPT in"
"18195","1214.762581","1.1.1","host","USB","35","0000170000000000","URB_INTERRUPT in"
"18197","1214.842613","1.1.1","host","USB","35","0000000000000000","URB_INTERRUPT in"
"18199","1214.922614","1.1.1","host","USB","35","0000120000000000","URB_INTERRUPT in"
"18201","1215.010617","1.1.1","host","USB","35","0000000000000000","URB_INTERRUPT in"
"18203","1215.122634","1.1.1","host","USB","35","00002c0000000000","URB_INTERRUPT in"
"18205","1215.226646","1.1.1","host","USB","35","0000000000000000","URB_INTERRUPT in"
"18207","1215.586671","1.1.1","host","USB","35","00002a0000000000","URB_INTERRUPT in"
"18209","1215.634675","1.1.1","host","USB","35","0000000000000000","URB_INTERRUPT in"
"18211","1215.730689","1.1.1","host","USB","35","00002a0000000000","URB_INTERRUPT in"
"18213","1215.770690","1.1.1","host","USB","35","0000000000000000","URB_INTERRUPT in"
"18215","1215.850695","1.1.1","host","USB","35","00002a0000000000","URB_INTERRUPT in"
"18217","1215.906710","1.1.1","host","USB","35","0000000000000000","URB_INTERRUPT in"
"18219","1215.994712","1.1.1","host","USB","35","00002a0000000000","URB_INTERRUPT in"
"18221","1216.050721","1.1.1","host","USB","35","0000000000000000","URB_INTERRUPT in"
"18223","1216.234738","1.1.1","host","USB","35","0000100000000000","URB_INTERRUPT in"
"18225","1216.306755","1.1.1","host","USB","35","0000000000000000","URB_INTERRUPT in"
"18227","1216.322749","1.1.1","host","USB","35","0000080000000000","URB_INTERRUPT in"
"18229","1216.386754","1.1.1","host","USB","35","0000000000000000","URB_INTERRUPT in"
"18231","1216.410757","1.1.1","host","USB","35","00002c0000000000","URB_INTERRUPT in"
"18233","1216.482775","1.1.1","host","USB","35","0000000000000000","URB_INTERRUPT in"
"18235","1216.522782","1.1.1","host","USB","35","0000170000000000","URB_INTERRUPT in"
"18237","1216.570779","1.1.1","host","USB","35","0000171200000000","URB_INTERRUPT in"
"18239","1216.586779","1.1.1","host","USB","35","0000120000000000","URB_INTERRUPT in"
"18241","1216.618788","1.1.1","host","USB","35","0000000000000000","URB_INTERRUPT in"
"18243","1216.690796","1.1.1","host","USB","35","00002c0000000000","URB_INTERRUPT in"
"18245","1216.794813","1.1.1","host","USB","35","0000000000000000","URB_INTERRUPT in"
"18247","1216.858817","1.1.1","host","USB","35","0000140000000000","URB_INTERRUPT in"
"18249","1216.922819","1.1.1","host","USB","35","0000000000000000","URB_INTERRUPT in"
"18251","1217.002827","1.1.1","host","USB","35","0000180000000000","URB_INTERRUPT in"
"18253","1217.082836","1.1.1","host","USB","35","0000000000000000","URB_INTERRUPT in"
"18255","1217.090832","1.1.1","host","USB","35","0000080000000000","URB_INTERRUPT in"
"18257","1217.146844","1.1.1","host","USB","35","0000081600000000","URB_INTERRUPT in"
"18259","1217.210848","1.1.1","host","USB","35","0000160000000000","URB_INTERRUPT in"
"18261","1217.234858","1.1.1","host","USB","35","0000161700000000","URB_INTERRUPT in"
"18263","1217.258860","1.1.1","host","USB","35","0000170000000000","URB_INTERRUPT in"
"18265","1217.298852","1.1.1","host","USB","35","0000170c00000000","URB_INTERRUPT in"
"18267","1217.306867","1.1.1","host","USB","35","00000c0000000000","URB_INTERRUPT in"
"18269","1217.354866","1.1.1","host","USB","35","00000c1200000000","URB_INTERRUPT in"
"18271","1217.394875","1.1.1","host","USB","35","0000120000000000","URB_INTERRUPT in"
"18273","1217.426865","1.1.1","host","USB","35","0000000000000000","URB_INTERRUPT in"
"18275","1217.482884","1.1.1","host","USB","35","0000110000000000","URB_INTERRUPT in"
"18277","1217.554883","1.1.1","host","USB","35","0000000000000000","URB_INTERRUPT in"
"18279","1217.634902","1.1.1","host","USB","35","00002c0000000000","URB_INTERRUPT in"
"18281","1217.658902","1.1.1","host","USB","35","00002c0400000000","URB_INTERRUPT in"
"18283","1217.706907","1.1.1","host","USB","35","0000040000000000","URB_INTERRUPT in"
"18285","1217.770914","1.1.1","host","USB","35","0000000000000000","URB_INTERRUPT in"
"18287","1217.794908","1.1.1","host","USB","35","00002c0000000000","URB_INTERRUPT in"
"18289","1217.906921","1.1.1","host","USB","35","0000000000000000","URB_INTERRUPT in"
"18291","1218.034935","1.1.1","host","USB","35","00000f0000000000","URB_INTERRUPT in"
"18293","1218.106943","1.1.1","host","USB","35","0000000000000000","URB_INTERRUPT in"
"18295","1218.194956","1.1.1","host","USB","35","0000120000000000","URB_INTERRUPT in"
"18297","1218.266969","1.1.1","host","USB","35","0000000000000000","URB_INTERRUPT in"
"18299","1218.290957","1.1.1","host","USB","35","0000170000000000","URB_INTERRUPT in"
"18301","1218.354969","1.1.1","host","USB","35","0000000000000000","URB_INTERRUPT in"
"18303","1218.378966","1.1.1","host","USB","35","00002c0000000000","URB_INTERRUPT in"
"18305","1218.426976","1.1.1","host","USB","35","0000000000000000","URB_INTERRUPT in"
"18307","1218.506986","1.1.1","host","USB","35","0000120000000000","URB_INTERRUPT in"
"18309","1218.562993","1.1.1","host","USB","35","0000000000000000","URB_INTERRUPT in"
"18311","1218.578997","1.1.1","host","USB","35","0000090000000000","URB_INTERRUPT in"
"18313","1218.659013","1.1.1","host","USB","35","0000000000000000","URB_INTERRUPT in"
"18315","1218.666995","1.1.1","host","USB","35","00002c0000000000","URB_INTERRUPT in"
"18317","1218.739011","1.1.1","host","USB","35","0000000000000000","URB_INTERRUPT in"
"18319","1218.771014","1.1.1","host","USB","35","0000170000000000","URB_INTERRUPT in"
"18321","1218.851015","1.1.1","host","USB","35","0000000000000000","URB_INTERRUPT in"
"18323","1218.859020","1.1.1","host","USB","35","00000b0000000000","URB_INTERRUPT in"
"18325","1218.923026","1.1.1","host","USB","35","00000b0c00000000","URB_INTERRUPT in"
"18327","1218.955026","1.1.1","host","USB","35","00000c0000000000","URB_INTERRUPT in"
"18329","1219.003036","1.1.1","host","USB","35","0000000000000000","URB_INTERRUPT in"
"18331","1219.507083","1.1.1","host","USB","35","00000a0000000000","URB_INTERRUPT in"
"18333","1219.555090","1.1.1","host","USB","35","00000a1600000000","URB_INTERRUPT in"
"18335","1219.571093","1.1.1","host","USB","35","0000160000000000","URB_INTERRUPT in"
"18337","1219.643097","1.1.1","host","USB","35","0000000000000000","URB_INTERRUPT in"
"18339","1219.651099","1.1.1","host","USB","35","0000360000000000","URB_INTERRUPT in"
"18341","1219.723111","1.1.1","host","USB","35","0000000000000000","URB_INTERRUPT in"
"18343","1219.835124","1.1.1","host","USB","35","00002c0000000000","URB_INTERRUPT in"
"18345","1219.923137","1.1.1","host","USB","35","0000000000000000","URB_INTERRUPT in"
"18347","1219.987146","1.1.1","host","USB","35","0200000000000000","URB_INTERRUPT in"
"18349","1220.059150","1.1.1","host","USB","35","02000c0000000000","URB_INTERRUPT in"
"18351","1220.099154","1.1.1","host","USB","35","0200000000000000","URB_INTERRUPT in"
"18353","1220.123164","1.1.1","host","USB","35","0000000000000000","URB_INTERRUPT in"
"18355","1220.291176","1.1.1","host","USB","35","0000160000000000","URB_INTERRUPT in"
"18357","1220.355188","1.1.1","host","USB","35","0000000000000000","URB_INTERRUPT in"
"18359","1220.419191","1.1.1","host","USB","35","00002c0000000000","URB_INTERRUPT in"
"18361","1220.499208","1.1.1","host","USB","35","0000000000000000","URB_INTERRUPT in"
"18363","1220.595218","1.1.1","host","USB","35","0000110000000000","URB_INTERRUPT in"
"18365","1220.683217","1.1.1","host","USB","35","0000110800000000","URB_INTERRUPT in"
"18367","1220.691219","1.1.1","host","USB","35","0000080000000000","URB_INTERRUPT in"
"18369","1220.771233","1.1.1","host","USB","35","0000000000000000","URB_INTERRUPT in"
"18371","1221.019247","1.1.1","host","USB","35","00002a0000000000","URB_INTERRUPT in"
"18373","1221.067258","1.1.1","host","USB","35","00002a0400000000","URB_INTERRUPT in"
"18375","1221.075252","1.1.1","host","USB","35","0000040000000000","URB_INTERRUPT in"
"18377","1221.147265","1.1.1","host","USB","35","0000000000000000","URB_INTERRUPT in"
"18379","1221.203266","1.1.1","host","USB","35","0000170000000000","URB_INTERRUPT in"
"18381","1221.291279","1.1.1","host","USB","35","0000000000000000","URB_INTERRUPT in"
"18383","1221.331289","1.1.1","host","USB","35","0000180000000000","URB_INTERRUPT in"
"18385","1221.427290","1.1.1","host","USB","35","0000000000000000","URB_INTERRUPT in"
"18387","1221.443302","1.1.1","host","USB","35","0000150000000000","URB_INTERRUPT in"
"18389","1221.499298","1.1.1","host","USB","35","0000150800000000","URB_INTERRUPT in"
"18391","1221.531310","1.1.1","host","USB","35","0000080000000000","URB_INTERRUPT in"
"18393","1221.579306","1.1.1","host","USB","35","0000000000000000","URB_INTERRUPT in"
"18395","1221.619309","1.1.1","host","USB","35","00002c0000000000","URB_INTERRUPT in"
"18397","1221.699319","1.1.1","host","USB","35","0000000000000000","URB_INTERRUPT in"
"18399","1221.971349","1.1.1","host","USB","35","00000c0000000000","URB_INTERRUPT in"
"18401","1222.075368","1.1.1","host","USB","35","0000000000000000","URB_INTERRUPT in"
"18403","1222.123371","1.1.1","host","USB","35","0000110000000000","URB_INTERRUPT in"
"18405","1222.235387","1.1.1","host","USB","35","0000000000000000","URB_INTERRUPT in"
"18407","1222.387397","1.1.1","host","USB","35","00000b0000000000","URB_INTERRUPT in"
"18409","1222.467406","1.1.1","host","USB","35","0000000000000000","URB_INTERRUPT in"
"18411","1222.531420","1.1.1","host","USB","35","0000080000000000","URB_INTERRUPT in"
"18413","1222.619419","1.1.1","host","USB","35","0000081500000000","URB_INTERRUPT in"
"18415","1222.651425","1.1.1","host","USB","35","0000150000000000","URB_INTERRUPT in"
"18417","1222.771439","1.1.1","host","USB","35","0000000000000000","URB_INTERRUPT in"
"18419","1222.779437","1.1.1","host","USB","35","0000080000000000","URB_INTERRUPT in"
"18421","1222.851458","1.1.1","host","USB","35","0000000000000000","URB_INTERRUPT in"
"18423","1223.475513","1.1.1","host","USB","35","0000110000000000","URB_INTERRUPT in"
"18425","1223.531527","1.1.1","host","USB","35","0000000000000000","URB_INTERRUPT in"
"18427","1223.563530","1.1.1","host","USB","35","0000170000000000","URB_INTERRUPT in"
"18429","1223.667540","1.1.1","host","USB","35","0000000000000000","URB_INTERRUPT in"
"18431","1223.827558","1.1.1","host","USB","35","00000f0000000000","URB_INTERRUPT in"
"18433","1223.923567","1.1.1","host","USB","35","0000000000000000","URB_INTERRUPT in"
"18435","1223.947575","1.1.1","host","USB","35","00001c0000000000","URB_INTERRUPT in"
"18437","1224.043582","1.1.1","host","USB","35","0000000000000000","URB_INTERRUPT in"
"18439","1224.123583","1.1.1","host","USB","35","00002c0000000000","URB_INTERRUPT in"
"18441","1224.203584","1.1.1","host","USB","35","0000000000000000","URB_INTERRUPT in"
"18443","1224.531618","1.1.1","host","USB","35","00001a0000000000","URB_INTERRUPT in"
"18445","1224.635638","1.1.1","host","USB","35","0000000000000000","URB_INTERRUPT in"
"18447","1224.683633","1.1.1","host","USB","35","0000080000000000","URB_INTERRUPT in"
"18449","1224.747648","1.1.1","host","USB","35","0000000000000000","URB_INTERRUPT in"
"18451","1224.835650","1.1.1","host","USB","35","00000c0000000000","URB_INTERRUPT in"
"18453","1224.907665","1.1.1","host","USB","35","0000000000000000","URB_INTERRUPT in"
"18455","1224.915657","1.1.1","host","USB","35","0000150000000000","URB_INTERRUPT in"
"18457","1224.971667","1.1.1","host","USB","35","0000000000000000","URB_INTERRUPT in"
"18459","1225.091677","1.1.1","host","USB","35","0000070000000000","URB_INTERRUPT in"
"18461","1225.155692","1.1.1","host","USB","35","0000000000000000","URB_INTERRUPT in"
"18463","1225.211689","1.1.1","host","USB","35","0200000000000000","URB_INTERRUPT in"
"18465","1225.347713","1.1.1","host","USB","35","0200380000000000","URB_INTERRUPT in"
"18467","1225.507728","1.1.1","host","USB","35","0200000000000000","URB_INTERRUPT in"
"18469","1225.715750","1.1.1","host","USB","35","0000000000000000","URB_INTERRUPT in"
"18471","1226.387829","1.1.1","host","USB","35","00002c0000000000","URB_INTERRUPT in"
"18473","1226.547832","1.1.1","host","USB","35","0000000000000000","URB_INTERRUPT in"
"18475","1226.675851","1.1.1","host","USB","35","0200000000000000","URB_INTERRUPT in"
"18477","1226.923873","1.1.1","host","USB","35","0200040000000000","URB_INTERRUPT in"
"18479","1227.003881","1.1.1","host","USB","35","0200000000000000","URB_INTERRUPT in"
"18481","1227.043892","1.1.1","host","USB","35","0000000000000000","URB_INTERRUPT in"
"18483","1227.131902","1.1.1","host","USB","35","0000150000000000","URB_INTERRUPT in"
"18485","1227.195902","1.1.1","host","USB","35","0000150800000000","URB_INTERRUPT in"
"18487","1227.243912","1.1.1","host","USB","35","0000080000000000","URB_INTERRUPT in"
"18489","1227.283911","1.1.1","host","USB","35","0000082c00000000","URB_INTERRUPT in"
"18491","1227.291912","1.1.1","host","USB","35","00002c0000000000","URB_INTERRUPT in"
"18493","1227.363925","1.1.1","host","USB","35","0000000000000000","URB_INTERRUPT in"
"18495","1227.403923","1.1.1","host","USB","35","0000170000000000","URB_INTERRUPT in"
"18497","1227.491943","1.1.1","host","USB","35","0000000000000000","URB_INTERRUPT in"
"18499","1227.507949","1.1.1","host","USB","35","00000b0000000000","URB_INTERRUPT in"
"18501","1227.587958","1.1.1","host","USB","35","0000000000000000","URB_INTERRUPT in"
"18503","1227.907993","1.1.1","host","USB","35","0000080000000000","URB_INTERRUPT in"
"18505","1228.019997","1.1.1","host","USB","35","0000081500000000","URB_INTERRUPT in"
"18507","1228.036004","1.1.1","host","USB","35","0000150000000000","URB_INTERRUPT in"
"18509","1228.124003","1.1.1","host","USB","35","0000150800000000","URB_INTERRUPT in"
"18511","1228.140019","1.1.1","host","USB","35","0000080000000000","URB_INTERRUPT in"
"18513","1228.204020","1.1.1","host","USB","35","0000082c00000000","URB_INTERRUPT in"
"18515","1228.220017","1.1.1","host","USB","35","00002c0000000000","URB_INTERRUPT in"
"18517","1228.292032","1.1.1","host","USB","35","0000000000000000","URB_INTERRUPT in"
"18519","1228.404046","1.1.1","host","USB","35","0000100000000000","URB_INTERRUPT in"
"18521","1228.500055","1.1.1","host","USB","35","0000000000000000","URB_INTERRUPT in"
"18523","1228.580053","1.1.1","host","USB","35","0000120000000000","URB_INTERRUPT in"
"18525","1228.684075","1.1.1","host","USB","35","0000000000000000","URB_INTERRUPT in"
"18527","1228.708066","1.1.1","host","USB","35","0000150000000000","URB_INTERRUPT in"
"18529","1228.772075","1.1.1","host","USB","35","0000150800000000","URB_INTERRUPT in"
"18531","1228.796085","1.1.1","host","USB","35","0000080000000000","URB_INTERRUPT in"
"18533","1228.844089","1.1.1","host","USB","35","0000000000000000","URB_INTERRUPT in"
"18535","1228.860079","1.1.1","host","USB","35","00002c0000000000","URB_INTERRUPT in"
"18537","1228.972097","1.1.1","host","USB","35","0000000000000000","URB_INTERRUPT in"
"18539","1229.348148","1.1.1","host","USB","35","0000180000000000","URB_INTERRUPT in"
"18541","1229.420147","1.1.1","host","USB","35","0000181100000000","URB_INTERRUPT in"
"18543","1229.444146","1.1.1","host","USB","35","0000110000000000","URB_INTERRUPT in"
"18545","1229.492155","1.1.1","host","USB","35","0000000000000000","URB_INTERRUPT in"
"18547","1229.580169","1.1.1","host","USB","35","0000160000000000","URB_INTERRUPT in"
"18549","1229.652177","1.1.1","host","USB","35","0000160800000000","URB_INTERRUPT in"
"18551","1229.724178","1.1.1","host","USB","35","0000080000000000","URB_INTERRUPT in"
"18553","1229.740181","1.1.1","host","USB","35","0000000000000000","URB_INTERRUPT in"
"18555","1229.932198","1.1.1","host","USB","35","0000170000000000","URB_INTERRUPT in"
"18557","1230.004200","1.1.1","host","USB","35","0000000000000000","URB_INTERRUPT in"
"18559","1230.084205","1.1.1","host","USB","35","0000170000000000","URB_INTERRUPT in"
"18561","1230.148216","1.1.1","host","USB","35","0000000000000000","URB_INTERRUPT in"
"18563","1230.164219","1.1.1","host","USB","35","00000f0000000000","URB_INTERRUPT in"
"18565","1230.244226","1.1.1","host","USB","35","0000000000000000","URB_INTERRUPT in"
"18567","1230.340233","1.1.1","host","USB","35","00000c0000000000","URB_INTERRUPT in"
"18569","1230.404243","1.1.1","host","USB","35","00000c1100000000","URB_INTERRUPT in"
"18571","1230.444247","1.1.1","host","USB","35","0000110000000000","URB_INTERRUPT in"
"18573","1230.484249","1.1.1","host","USB","35","0000110a00000000","URB_INTERRUPT in"
"18575","1230.492253","1.1.1","host","USB","35","00000a0000000000","URB_INTERRUPT in"
"18577","1230.564265","1.1.1","host","USB","35","0000000000000000","URB_INTERRUPT in"
"18579","1230.580258","1.1.1","host","USB","35","00002c0000000000","URB_INTERRUPT in"
"18581","1230.676275","1.1.1","host","USB","35","0000000000000000","URB_INTERRUPT in"
"18583","1230.852295","1.1.1","host","USB","35","0000090000000000","URB_INTERRUPT in"
"18585","1230.900307","1.1.1","host","USB","35","0000000000000000","URB_INTERRUPT in"
"18587","1230.972308","1.1.1","host","USB","35","0000040000000000","URB_INTERRUPT in"
"18589","1231.084329","1.1.1","host","USB","35","0000040600000000","URB_INTERRUPT in"
"18591","1231.108323","1.1.1","host","USB","35","0000060000000000","URB_INTERRUPT in"
"18593","1231.148330","1.1.1","host","USB","35","0000000000000000","URB_INTERRUPT in"
"18595","1231.268339","1.1.1","host","USB","35","0000170000000000","URB_INTERRUPT in"
"18597","1231.348358","1.1.1","host","USB","35","0000171600000000","URB_INTERRUPT in"
"18599","1231.356348","1.1.1","host","USB","35","0000160000000000","URB_INTERRUPT in"
"18601","1231.412355","1.1.1","host","USB","35","0000000000000000","URB_INTERRUPT in"
"18603","1231.436362","1.1.1","host","USB","35","00002c0000000000","URB_INTERRUPT in"
"18605","1231.532368","1.1.1","host","USB","35","0000000000000000","URB_INTERRUPT in"
"18607","1231.548368","1.1.1","host","USB","35","0000040000000000","URB_INTERRUPT in"
"18609","1231.620381","1.1.1","host","USB","35","0000000000000000","URB_INTERRUPT in"
"18611","1231.692388","1.1.1","host","USB","35","0000050000000000","URB_INTERRUPT in"
"18613","1231.748390","1.1.1","host","USB","35","0000000000000000","URB_INTERRUPT in"
"18615","1231.852403","1.1.1","host","USB","35","0000120000000000","URB_INTERRUPT in"
"18617","1231.940406","1.1.1","host","USB","35","0000121800000000","URB_INTERRUPT in"
"18619","1231.988413","1.1.1","host","USB","35","0000180000000000","URB_INTERRUPT in"
"18621","1232.012412","1.1.1","host","USB","35","0000000000000000","URB_INTERRUPT in"
"18623","1232.028413","1.1.1","host","USB","35","0000170000000000","URB_INTERRUPT in"
"18625","1232.108420","1.1.1","host","USB","35","0000000000000000","URB_INTERRUPT in"
"18627","1232.132427","1.1.1","host","USB","35","00002c0000000000","URB_INTERRUPT in"
"18629","1232.220436","1.1.1","host","USB","35","0000000000000000","URB_INTERRUPT in"
"18631","1232.364461","1.1.1","host","USB","35","0000040000000000","URB_INTERRUPT in"
"18633","1232.452465","1.1.1","host","USB","35","0000000000000000","URB_INTERRUPT in"
"18635","1232.460460","1.1.1","host","USB","35","0000110000000000","URB_INTERRUPT in"
"18637","1232.540472","1.1.1","host","USB","35","0000000000000000","URB_INTERRUPT in"
"18639","1232.684485","1.1.1","host","USB","35","0000100000000000","URB_INTERRUPT in"
"18641","1232.796498","1.1.1","host","USB","35","0000000000000000","URB_INTERRUPT in"
"18643","1233.556581","1.1.1","host","USB","35","00002a0000000000","URB_INTERRUPT in"
"18645","1233.636598","1.1.1","host","USB","35","0000000000000000","URB_INTERRUPT in"
"18647","1233.908630","1.1.1","host","USB","35","00000c0000000000","URB_INTERRUPT in"
"18649","1233.940633","1.1.1","host","USB","35","0000000000000000","URB_INTERRUPT in"
"18651","1233.948623","1.1.1","host","USB","35","0000100000000000","URB_INTERRUPT in"
"18653","1234.060636","1.1.1","host","USB","35","0000000000000000","URB_INTERRUPT in"
"18655","1235.052740","1.1.1","host","USB","35","0000040000000000","URB_INTERRUPT in"
"18657","1235.140760","1.1.1","host","USB","35","0000000000000000","URB_INTERRUPT in"
"18659","1235.148748","1.1.1","host","USB","35","00000f0000000000","URB_INTERRUPT in"
"18661","1235.244757","1.1.1","host","USB","35","0000000000000000","URB_INTERRUPT in"
"18663","1235.372769","1.1.1","host","USB","35","0000160000000000","URB_INTERRUPT in"
"18665","1235.444781","1.1.1","host","USB","35","0000000000000000","URB_INTERRUPT in"
"18667","1235.468777","1.1.1","host","USB","35","00002c0000000000","URB_INTERRUPT in"
"18669","1235.556792","1.1.1","host","USB","35","0000000000000000","URB_INTERRUPT in"
"18671","1235.620795","1.1.1","host","USB","35","0000170000000000","URB_INTERRUPT in"
"18673","1235.692803","1.1.1","host","USB","35","0000000000000000","URB_INTERRUPT in"
"18675","1235.924840","1.1.1","host","USB","35","00002a0000000000","URB_INTERRUPT in"
"18677","1235.996838","1.1.1","host","USB","35","0000000000000000","URB_INTERRUPT in"
"18679","1236.052839","1.1.1","host","USB","35","0200000000000000","URB_INTERRUPT in"
"18681","1236.196860","1.1.1","host","USB","35","02000c0000000000","URB_INTERRUPT in"
"18683","1236.268867","1.1.1","host","USB","35","0200000000000000","URB_INTERRUPT in"
"18685","1236.340877","1.1.1","host","USB","35","0000000000000000","URB_INTERRUPT in"
"18687","1236.444894","1.1.1","host","USB","35","00002c0000000000","URB_INTERRUPT in"
"18689","1236.532900","1.1.1","host","USB","35","0000000000000000","URB_INTERRUPT in"
"18691","1236.700916","1.1.1","host","USB","35","0000070000000000","URB_INTERRUPT in"
"18693","1236.732926","1.1.1","host","USB","35","0000071200000000","URB_INTERRUPT in"
"18695","1236.764936","1.1.1","host","USB","35","0000120000000000","URB_INTERRUPT in"
"18697","1236.812927","1.1.1","host","USB","35","0000121100000000","URB_INTERRUPT in"
"18699","1236.836939","1.1.1","host","USB","35","0000110000000000","URB_INTERRUPT in"
"18701","1236.876933","1.1.1","host","USB","35","0000000000000000","URB_INTERRUPT in"
"18703","1236.988947","1.1.1","host","USB","35","0000340000000000","URB_INTERRUPT in"
"18705","1237.060963","1.1.1","host","USB","35","0000000000000000","URB_INTERRUPT in"
"18707","1237.092953","1.1.1","host","USB","35","0000170000000000","URB_INTERRUPT in"
"18709","1237.164965","1.1.1","host","USB","35","0000000000000000","URB_INTERRUPT in"
"18711","1237.228969","1.1.1","host","USB","35","00002c0000000000","URB_INTERRUPT in"
"18713","1237.292989","1.1.1","host","USB","35","0000000000000000","URB_INTERRUPT in"
"18715","1237.404985","1.1.1","host","USB","35","00000e0000000000","URB_INTERRUPT in"
"18717","1237.461000","1.1.1","host","USB","35","00000e1100000000","URB_INTERRUPT in"
"18719","1237.476991","1.1.1","host","USB","35","0000110000000000","URB_INTERRUPT in"
"18721","1237.500996","1.1.1","host","USB","35","0000000000000000","URB_INTERRUPT in"
"18723","1237.581012","1.1.1","host","USB","35","0000120000000000","URB_INTERRUPT in"
"18725","1237.645010","1.1.1","host","USB","35","0000000000000000","URB_INTERRUPT in"
"18727","1237.669013","1.1.1","host","USB","35","00001a0000000000","URB_INTERRUPT in"
"18729","1237.749018","1.1.1","host","USB","35","0000000000000000","URB_INTERRUPT in"
"18731","1237.765021","1.1.1","host","USB","35","00002c0000000000","URB_INTERRUPT in"
"18733","1237.845030","1.1.1","host","USB","35","0000000000000000","URB_INTERRUPT in"
"18735","1238.157064","1.1.1","host","USB","35","00001c0000000000","URB_INTERRUPT in"
"18737","1238.245075","1.1.1","host","USB","35","0000000000000000","URB_INTERRUPT in"
"18739","1238.501118","1.1.1","host","USB","35","0000170000000000","URB_INTERRUPT in"
"18741","1238.597127","1.1.1","host","USB","35","0000000000000000","URB_INTERRUPT in"
"18743","1238.917153","1.1.1","host","USB","35","00002a0000000000","URB_INTERRUPT in"
"18745","1238.941155","1.1.1","host","USB","35","00002a0800000000","URB_INTERRUPT in"
"18747","1238.949155","1.1.1","host","USB","35","0000080000000000","URB_INTERRUPT in"
"18749","1239.037171","1.1.1","host","USB","35","0000081700000000","URB_INTERRUPT in"
"18751","1239.053175","1.1.1","host","USB","35","0000170000000000","URB_INTERRUPT in"
"18753","1239.117180","1.1.1","host","USB","35","0000000000000000","URB_INTERRUPT in"
"18755","1239.365207","1.1.1","host","USB","35","00002d0000000000","URB_INTERRUPT in"
"18757","1239.421213","1.1.1","host","USB","35","0000000000000000","URB_INTERRUPT in"
"18759","1239.597232","1.1.1","host","USB","35","0000040000000000","URB_INTERRUPT in"
"18761","1239.669243","1.1.1","host","USB","35","0000000000000000","URB_INTERRUPT in"
"18763","1239.685237","1.1.1","host","USB","35","0000110000000000","URB_INTERRUPT in"
"18765","1239.773242","1.1.1","host","USB","35","0000000000000000","URB_INTERRUPT in"
"18767","1239.829249","1.1.1","host","USB","35","0000070000000000","URB_INTERRUPT in"
"18769","1239.901265","1.1.1","host","USB","35","0000000000000000","URB_INTERRUPT in"
"18771","1240.157294","1.1.1","host","USB","35","00002c0000000000","URB_INTERRUPT in"
"18773","1240.245301","1.1.1","host","USB","35","0000000000000000","URB_INTERRUPT in"
"18775","1240.293298","1.1.1","host","USB","35","0000070000000000","URB_INTERRUPT in"
"18777","1240.381310","1.1.1","host","USB","35","0000071200000000","URB_INTERRUPT in"
"18779","1240.389308","1.1.1","host","USB","35","0000120000000000","URB_INTERRUPT in"
"18781","1240.429312","1.1.1","host","USB","35","0000000000000000","URB_INTERRUPT in"
"18783","1240.533321","1.1.1","host","USB","35","00002c0000000000","URB_INTERRUPT in"
"18785","1240.613336","1.1.1","host","USB","35","0000000000000000","URB_INTERRUPT in"
"18787","1240.621329","1.1.1","host","USB","35","0200000000000000","URB_INTERRUPT in"
"18789","1240.701334","1.1.1","host","USB","35","02000c0000000000","URB_INTERRUPT in"
"18791","1240.765344","1.1.1","host","USB","35","0200000000000000","URB_INTERRUPT in"
"18793","1240.781341","1.1.1","host","USB","35","0000000000000000","URB_INTERRUPT in"
"18795","1240.829345","1.1.1","host","USB","35","00002c0000000000","URB_INTERRUPT in"
"18797","1240.933370","1.1.1","host","USB","35","0000000000000000","URB_INTERRUPT in"
"18799","1240.973371","1.1.1","host","USB","35","0000080000000000","URB_INTERRUPT in"
"18801","1241.061373","1.1.1","host","USB","35","0000000000000000","URB_INTERRUPT in"
"18803","1241.149382","1.1.1","host","USB","35","0000190000000000","URB_INTERRUPT in"
"18805","1241.277395","1.1.1","host","USB","35","0000000000000000","URB_INTERRUPT in"
"18807","1241.285396","1.1.1","host","USB","35","0000080000000000","URB_INTERRUPT in"
"18809","1241.373410","1.1.1","host","USB","35","0000000000000000","URB_INTERRUPT in"
"18811","1241.405409","1.1.1","host","USB","35","0000110000000000","URB_INTERRUPT in"
"18813","1241.517422","1.1.1","host","USB","35","0000000000000000","URB_INTERRUPT in"
"18815","1241.533422","1.1.1","host","USB","35","0000170000000000","URB_INTERRUPT in"
"18817","1241.605431","1.1.1","host","USB","35","0000000000000000","URB_INTERRUPT in"
"18819","1241.861471","1.1.1","host","USB","35","00002c0000000000","URB_INTERRUPT in"
"18821","1241.893476","1.1.1","host","USB","35","02002c0000000000","URB_INTERRUPT in"
"18823","1241.981475","1.1.1","host","USB","35","0200000000000000","URB_INTERRUPT in"
"18825","1242.045482","1.1.1","host","USB","35","0200250000000000","URB_INTERRUPT in"
"18827","1242.117495","1.1.1","host","USB","35","0000250000000000","URB_INTERRUPT in"
"18829","1242.125490","1.1.1","host","USB","35","0000000000000000","URB_INTERRUPT in"
"18831","1242.213509","1.1.1","host","USB","35","00001a0000000000","URB_INTERRUPT in"
"18833","1242.325523","1.1.1","host","USB","35","0000000000000000","URB_INTERRUPT in"
"18835","1242.333509","1.1.1","host","USB","35","0000040000000000","URB_INTERRUPT in"
"18837","1242.445528","1.1.1","host","USB","35","0000000000000000","URB_INTERRUPT in"
"18839","1242.453520","1.1.1","host","USB","35","0000110000000000","URB_INTERRUPT in"
"18841","1242.533535","1.1.1","host","USB","35","0000000000000000","URB_INTERRUPT in"
"18843","1242.541539","1.1.1","host","USB","35","0000170000000000","URB_INTERRUPT in"
"18845","1242.621554","1.1.1","host","USB","35","0000000000000000","URB_INTERRUPT in"
"18847","1242.669551","1.1.1","host","USB","35","0200000000000000","URB_INTERRUPT in"
"18849","1242.797563","1.1.1","host","USB","35","0200250000000000","URB_INTERRUPT in"
"18851","1242.885565","1.1.1","host","USB","35","0200000000000000","URB_INTERRUPT in"
"18853","1242.925571","1.1.1","host","USB","35","0000000000000000","URB_INTERRUPT in"
"18855","1243.013578","1.1.1","host","USB","35","00002c0000000000","URB_INTERRUPT in"
"18857","1243.085588","1.1.1","host","USB","35","0000000000000000","URB_INTERRUPT in"
"18859","1243.125592","1.1.1","host","USB","35","0000170000000000","URB_INTERRUPT in"
"18861","1243.189600","1.1.1","host","USB","35","0000171200000000","URB_INTERRUPT in"
"18863","1243.205602","1.1.1","host","USB","35","0000120000000000","URB_INTERRUPT in"
"18865","1243.245602","1.1.1","host","USB","35","0000000000000000","URB_INTERRUPT in"
"18867","1243.317622","1.1.1","host","USB","35","00002c0000000000","URB_INTERRUPT in"
"18869","1243.397624","1.1.1","host","USB","35","0000000000000000","URB_INTERRUPT in"
"18871","1243.493635","1.1.1","host","USB","35","00000e0000000000","URB_INTERRUPT in"
"18873","1243.573640","1.1.1","host","USB","35","00000e1100000000","URB_INTERRUPT in"
"18875","1243.597643","1.1.1","host","USB","35","0000110000000000","URB_INTERRUPT in"
"18877","1243.629646","1.1.1","host","USB","35","0000000000000000","URB_INTERRUPT in"
"18879","1243.685652","1.1.1","host","USB","35","0000120000000000","URB_INTERRUPT in"
"18881","1243.773661","1.1.1","host","USB","35","0000121a00000000","URB_INTERRUPT in"
"18883","1243.781662","1.1.1","host","USB","35","00001a0000000000","URB_INTERRUPT in"
"18885","1243.821665","1.1.1","host","USB","35","0000000000000000","URB_INTERRUPT in"
"18887","1243.901676","1.1.1","host","USB","35","0200000000000000","URB_INTERRUPT in"
"18889","1243.957679","1.1.1","host","USB","35","0200380000000000","URB_INTERRUPT in"
"18891","1244.053693","1.1.1","host","USB","35","0200000000000000","URB_INTERRUPT in"
"18893","1244.109705","1.1.1","host","USB","35","0000000000000000","URB_INTERRUPT in"
"18895","1244.157717","1.1.1","host","USB","35","00002c0000000000","URB_INTERRUPT in"
"18897","1244.245727","1.1.1","host","USB","35","0000000000000000","URB_INTERRUPT in"
"18899","1244.389733","1.1.1","host","USB","35","0200000000000000","URB_INTERRUPT in"
"18901","1244.461741","1.1.1","host","USB","35","0200060000000000","URB_INTERRUPT in"
"18903","1244.517754","1.1.1","host","USB","35","0000060000000000","URB_INTERRUPT in"
"18905","1244.549749","1.1.1","host","USB","35","0000000000000000","URB_INTERRUPT in"
"18907","1244.581747","1.1.1","host","USB","35","0000120000000000","URB_INTERRUPT in"
"18909","1244.661761","1.1.1","host","USB","35","0000121800000000","URB_INTERRUPT in"
"18911","1244.709775","1.1.1","host","USB","35","0000180000000000","URB_INTERRUPT in"
"18913","1244.749765","1.1.1","host","USB","35","0000000000000000","URB_INTERRUPT in"
"18915","1244.813776","1.1.1","host","USB","35","00000f0000000000","URB_INTERRUPT in"
"18917","1244.909800","1.1.1","host","USB","35","00000f0700000000","URB_INTERRUPT in"
"18919","1244.917790","1.1.1","host","USB","35","0000070000000000","URB_INTERRUPT in"
"18921","1244.981794","1.1.1","host","USB","35","0000000000000000","URB_INTERRUPT in"
"18923","1245.021801","1.1.1","host","USB","35","00002c0000000000","URB_INTERRUPT in"
"18925","1245.069810","1.1.1","host","USB","35","02002c0000000000","URB_INTERRUPT in"
"18927","1245.085815","1.1.1","host","USB","35","0200000000000000","URB_INTERRUPT in"
"18929","1245.165814","1.1.1","host","USB","35","02000c0000000000","URB_INTERRUPT in"
"18931","1245.221829","1.1.1","host","USB","35","0200000000000000","URB_INTERRUPT in"
"18933","1245.245831","1.1.1","host","USB","35","0000000000000000","URB_INTERRUPT in"
"18935","1245.293834","1.1.1","host","USB","35","00002c0000000000","URB_INTERRUPT in"
"18937","1245.389839","1.1.1","host","USB","35","0000000000000000","URB_INTERRUPT in"
"18939","1245.653875","1.1.1","host","USB","35","00000b0000000000","URB_INTERRUPT in"
"18941","1245.725882","1.1.1","host","USB","35","0000000000000000","URB_INTERRUPT in"
"18943","1245.733870","1.1.1","host","USB","35","0000040000000000","URB_INTERRUPT in"
"18945","1245.789880","1.1.1","host","USB","35","0000000000000000","URB_INTERRUPT in"
"18947","1245.821889","1.1.1","host","USB","35","0000190000000000","URB_INTERRUPT in"
"18949","1245.901906","1.1.1","host","USB","35","0000190800000000","URB_INTERRUPT in"
"18951","1245.933906","1.1.1","host","USB","35","0000080000000000","URB_INTERRUPT in"
"18953","1245.981906","1.1.1","host","USB","35","0000000000000000","URB_INTERRUPT in"
"18955","1245.989893","1.1.1","host","USB","35","00002c0000000000","URB_INTERRUPT in"
"18957","1246.085922","1.1.1","host","USB","35","0000000000000000","URB_INTERRUPT in"
"18959","1246.429944","1.1.1","host","USB","35","00000a0000000000","URB_INTERRUPT in"
"18961","1246.509955","1.1.1","host","USB","35","0000000000000000","URB_INTERRUPT in"
"18963","1246.517951","1.1.1","host","USB","35","0000120000000000","URB_INTERRUPT in"
"18965","1246.605960","1.1.1","host","USB","35","0000000000000000","URB_INTERRUPT in"
"18967","1246.653965","1.1.1","host","USB","35","0000110000000000","URB_INTERRUPT in"
"18969","1246.733976","1.1.1","host","USB","35","0000000000000000","URB_INTERRUPT in"
"18971","1246.749975","1.1.1","host","USB","35","0000080000000000","URB_INTERRUPT in"
"18973","1246.813982","1.1.1","host","USB","35","0000000000000000","URB_INTERRUPT in"
"18975","1246.829983","1.1.1","host","USB","35","00002c0000000000","URB_INTERRUPT in"
"18977","1246.893992","1.1.1","host","USB","35","0000000000000000","URB_INTERRUPT in"
"18979","1246.990004","1.1.1","host","USB","35","0000100000000000","URB_INTERRUPT in"
"18981","1247.054007","1.1.1","host","USB","35","0000000000000000","URB_INTERRUPT in"
"18983","1247.086012","1.1.1","host","USB","35","00001c0000000000","URB_INTERRUPT in"
"18985","1247.174021","1.1.1","host","USB","35","0000000000000000","URB_INTERRUPT in"
"18987","1247.206023","1.1.1","host","USB","35","00002c0000000000","URB_INTERRUPT in"
"18989","1247.294044","1.1.1","host","USB","35","0000000000000000","URB_INTERRUPT in"
"18991","1247.758090","1.1.1","host","USB","35","00001a0000000000","URB_INTERRUPT in"
"18993","1247.838108","1.1.1","host","USB","35","0000000000000000","URB_INTERRUPT in"
"18995","1247.862107","1.1.1","host","USB","35","00000b0000000000","URB_INTERRUPT in"
"18997","1247.926110","1.1.1","host","USB","35","00000b1200000000","URB_INTERRUPT in"
"18999","1247.974114","1.1.1","host","USB","35","0000120000000000","URB_INTERRUPT in"
"19001","1247.990123","1.1.1","host","USB","35","0000000000000000","URB_INTERRUPT in"
"19003","1248.126130","1.1.1","host","USB","35","00000f0000000000","URB_INTERRUPT in"
"19005","1248.206147","1.1.1","host","USB","35","0000000000000000","URB_INTERRUPT in"
"19007","1248.222138","1.1.1","host","USB","35","0000080000000000","URB_INTERRUPT in"
"19009","1248.270152","1.1.1","host","USB","35","0000000000000000","URB_INTERRUPT in"
"19011","1248.334146","1.1.1","host","USB","35","00002c0000000000","URB_INTERRUPT in"
"19013","1248.398153","1.1.1","host","USB","35","0000000000000000","URB_INTERRUPT in"
"19015","1248.502162","1.1.1","host","USB","35","00000f0000000000","URB_INTERRUPT in"
"19017","1248.566174","1.1.1","host","USB","35","0000000000000000","URB_INTERRUPT in"
"19019","1248.670178","1.1.1","host","USB","35","00000c0000000000","URB_INTERRUPT in"
"19021","1248.750190","1.1.1","host","USB","35","0000000000000000","URB_INTERRUPT in"
"19023","1248.798192","1.1.1","host","USB","35","0000090000000000","URB_INTERRUPT in"
"19025","1248.838202","1.1.1","host","USB","35","0000090800000000","URB_INTERRUPT in"
"19027","1248.870201","1.1.1","host","USB","35","0000080000000000","URB_INTERRUPT in"
"19029","1248.902202","1.1.1","host","USB","35","0000000000000000","URB_INTERRUPT in"
"19031","1248.998226","1.1.1","host","USB","35","00002c0000000000","URB_INTERRUPT in"
"19033","1249.086237","1.1.1","host","USB","35","0000000000000000","URB_INTERRUPT in"
"19035","1249.094225","1.1.1","host","USB","35","00001a0000000000","URB_INTERRUPT in"
"19037","1249.206235","1.1.1","host","USB","35","0000000000000000","URB_INTERRUPT in"
"19039","1249.254242","1.1.1","host","USB","35","00000c0000000000","URB_INTERRUPT in"
"19041","1249.334260","1.1.1","host","USB","35","0000000000000000","URB_INTERRUPT in"
"19043","1249.478267","1.1.1","host","USB","35","0000120000000000","URB_INTERRUPT in"
"19045","1249.630291","1.1.1","host","USB","35","0000000000000000","URB_INTERRUPT in"
"19047","1250.366369","1.1.1","host","USB","35","00002a0000000000","URB_INTERRUPT in"
"19049","1250.406369","1.1.1","host","USB","35","0000000000000000","URB_INTERRUPT in"
"19051","1250.614403","1.1.1","host","USB","35","00000b0000000000","URB_INTERRUPT in"
"19053","1250.678400","1.1.1","host","USB","35","0000000000000000","URB_INTERRUPT in"
"19055","1251.038448","1.1.1","host","USB","35","00002a0000000000","URB_INTERRUPT in"
"19057","1251.086443","1.1.1","host","USB","35","0000000000000000","URB_INTERRUPT in"
"19059","1251.110440","1.1.1","host","USB","35","0000170000000000","URB_INTERRUPT in"
"19061","1251.174455","1.1.1","host","USB","35","0000000000000000","URB_INTERRUPT in"
"19063","1251.214460","1.1.1","host","USB","35","00000b0000000000","URB_INTERRUPT in"
"19065","1251.278473","1.1.1","host","USB","35","0000000000000000","URB_INTERRUPT in"
"19067","1251.374474","1.1.1","host","USB","35","0000120000000000","URB_INTERRUPT in"
"19069","1251.446489","1.1.1","host","USB","35","0000121800000000","URB_INTERRUPT in"
"19071","1251.486494","1.1.1","host","USB","35","0000180000000000","URB_INTERRUPT in"
"19073","1251.502481","1.1.1","host","USB","35","0000000000000000","URB_INTERRUPT in"
"19075","1251.510490","1.1.1","host","USB","35","0000170000000000","URB_INTERRUPT in"
"19077","1251.574500","1.1.1","host","USB","35","0000000000000000","URB_INTERRUPT in"
"19079","1251.630506","1.1.1","host","USB","35","00002c0000000000","URB_INTERRUPT in"
"19081","1251.710503","1.1.1","host","USB","35","0000000000000000","URB_INTERRUPT in"
"19083","1251.870521","1.1.1","host","USB","35","00000e0000000000","URB_INTERRUPT in"
"19085","1251.942527","1.1.1","host","USB","35","00000e1100000000","URB_INTERRUPT in"
"19087","1251.958542","1.1.1","host","USB","35","0000110000000000","URB_INTERRUPT in"
"19089","1251.998533","1.1.1","host","USB","35","0000000000000000","URB_INTERRUPT in"
"19091","1252.062540","1.1.1","host","USB","35","0000120000000000","URB_INTERRUPT in"
"19093","1252.158553","1.1.1","host","USB","35","00001a0000000000","URB_INTERRUPT in"
"19095","1252.222557","1.1.1","host","USB","35","0000000000000000","URB_INTERRUPT in"
"19097","1252.278572","1.1.1","host","USB","35","00000c0000000000","URB_INTERRUPT in"
"19099","1252.350570","1.1.1","host","USB","35","00000c1100000000","URB_INTERRUPT in"
"19101","1252.374573","1.1.1","host","USB","35","0000110000000000","URB_INTERRUPT in"
"19103","1252.422577","1.1.1","host","USB","35","0000000000000000","URB_INTERRUPT in"
"19105","1252.478583","1.1.1","host","USB","35","00000a0000000000","URB_INTERRUPT in"
"19107","1252.502589","1.1.1","host","USB","35","00000a2c00000000","URB_INTERRUPT in"
"19109","1252.542591","1.1.1","host","USB","35","00002c0000000000","URB_INTERRUPT in"
"19111","1252.614610","1.1.1","host","USB","35","0000000000000000","URB_INTERRUPT in"
"19113","1252.774618","1.1.1","host","USB","35","0000170000000000","URB_INTERRUPT in"
"19115","1252.846632","1.1.1","host","USB","35","0000000000000000","URB_INTERRUPT in"
"19117","1252.854629","1.1.1","host","USB","35","00000b0000000000","URB_INTERRUPT in"
"19119","1252.934645","1.1.1","host","USB","35","00000b0c00000000","URB_INTERRUPT in"
"19121","1252.950639","1.1.1","host","USB","35","00000c0000000000","URB_INTERRUPT in"
"19123","1252.998645","1.1.1","host","USB","35","0000000000000000","URB_INTERRUPT in"
"19125","1253.038652","1.1.1","host","USB","35","0000160000000000","URB_INTERRUPT in"
"19127","1253.110657","1.1.1","host","USB","35","0000000000000000","URB_INTERRUPT in"
"19129","1253.126667","1.1.1","host","USB","35","00002c0000000000","URB_INTERRUPT in"
"19131","1253.214678","1.1.1","host","USB","35","0000000000000000","URB_INTERRUPT in"
"19133","1253.270675","1.1.1","host","USB","35","0000040000000000","URB_INTERRUPT in"
"19135","1253.334681","1.1.1","host","USB","35","0000040500000000","URB_INTERRUPT in"
"19137","1253.350693","1.1.1","host","USB","35","0000050000000000","URB_INTERRUPT in"
"19139","1253.390684","1.1.1","host","USB","35","0000000000000000","URB_INTERRUPT in"
"19141","1253.478702","1.1.1","host","USB","35","0000120000000000","URB_INTERRUPT in"
"19143","1253.558705","1.1.1","host","USB","35","0000121800000000","URB_INTERRUPT in"
"19145","1253.590708","1.1.1","host","USB","35","0000180000000000","URB_INTERRUPT in"
"19147","1253.606721","1.1.1","host","USB","35","0000000000000000","URB_INTERRUPT in"
"19149","1253.622707","1.1.1","host","USB","35","0000170000000000","URB_INTERRUPT in"
"19151","1253.702721","1.1.1","host","USB","35","0000000000000000","URB_INTERRUPT in"
"19153","1253.726730","1.1.1","host","USB","35","00002c0000000000","URB_INTERRUPT in"
"19155","1253.814741","1.1.1","host","USB","35","0000000000000000","URB_INTERRUPT in"
"19157","1253.846737","1.1.1","host","USB","35","0000070000000000","URB_INTERRUPT in"
"19159","1253.910737","1.1.1","host","USB","35","0000071800000000","URB_INTERRUPT in"
"19161","1253.918739","1.1.1","host","USB","35","0000180000000000","URB_INTERRUPT in"
"19163","1254.006748","1.1.1","host","USB","35","0000000000000000","URB_INTERRUPT in"
"19165","1254.038749","1.1.1","host","USB","35","0000060000000000","URB_INTERRUPT in"
"19167","1254.134766","1.1.1","host","USB","35","0000000000000000","URB_INTERRUPT in"
"19169","1254.142763","1.1.1","host","USB","35","00000e0000000000","URB_INTERRUPT in"
"19171","1254.198766","1.1.1","host","USB","35","00000e1600000000","URB_INTERRUPT in"
"19173","1254.230777","1.1.1","host","USB","35","0000160000000000","URB_INTERRUPT in"
"19175","1254.270781","1.1.1","host","USB","35","0000000000000000","URB_INTERRUPT in"
"19177","1254.646815","1.1.1","host","USB","35","0000360000000000","URB_INTERRUPT in"
"19179","1254.718823","1.1.1","host","USB","35","0000362c00000000","URB_INTERRUPT in"
"19181","1254.742826","1.1.1","host","USB","35","00002c0000000000","URB_INTERRUPT in"
"19183","1254.838839","1.1.1","host","USB","35","0000000000000000","URB_INTERRUPT in"
"19185","1254.854843","1.1.1","host","USB","35","0000040000000000","URB_INTERRUPT in"
"19187","1254.942846","1.1.1","host","USB","35","0000000000000000","URB_INTERRUPT in"
"19189","1255.326902","1.1.1","host","USB","35","0000110000000000","URB_INTERRUPT in"
"19191","1255.438911","1.1.1","host","USB","35","0000000000000000","URB_INTERRUPT in"
"19193","1255.502920","1.1.1","host","USB","35","0000070000000000","URB_INTERRUPT in"
"19195","1255.566918","1.1.1","host","USB","35","0000000000000000","URB_INTERRUPT in"
"19197","1255.630933","1.1.1","host","USB","35","02002c0000000000","URB_INTERRUPT in"
"19199","1255.718937","1.1.1","host","USB","35","0200000000000000","URB_INTERRUPT in"
"19201","1255.798953","1.1.1","host","USB","35","02000c0000000000","URB_INTERRUPT in"
"19203","1255.862952","1.1.1","host","USB","35","0200000000000000","URB_INTERRUPT in"
"19205","1255.878965","1.1.1","host","USB","35","0000000000000000","URB_INTERRUPT in"
"19207","1255.966962","1.1.1","host","USB","35","00002c0000000000","URB_INTERRUPT in"
"19209","1256.054975","1.1.1","host","USB","35","0000000000000000","URB_INTERRUPT in"
"19211","1256.383010","1.1.1","host","USB","35","00002a0000000000","URB_INTERRUPT in"
"19213","1256.415006","1.1.1","host","USB","35","0000000000000000","URB_INTERRUPT in"
"19215","1256.495012","1.1.1","host","USB","35","0100000000000000","URB_INTERRUPT in"
"19217","1256.743045","1.1.1","host","USB","35","01002a0000000000","URB_INTERRUPT in"
"19219","1256.815058","1.1.1","host","USB","35","0100000000000000","URB_INTERRUPT in"
"19221","1256.863063","1.1.1","host","USB","35","0000000000000000","URB_INTERRUPT in"
"19223","1257.079090","1.1.1","host","USB","35","00001a0000000000","URB_INTERRUPT in"
"19225","1257.143080","1.1.1","host","USB","35","0000000000000000","URB_INTERRUPT in"
"19227","1257.191085","1.1.1","host","USB","35","0000120000000000","URB_INTERRUPT in"
"19229","1257.255092","1.1.1","host","USB","35","0000121800000000","URB_INTERRUPT in"
"19231","1257.271093","1.1.1","host","USB","35","0000180000000000","URB_INTERRUPT in"
"19233","1257.311095","1.1.1","host","USB","35","0000000000000000","URB_INTERRUPT in"
"19235","1257.431112","1.1.1","host","USB","35","00000f0000000000","URB_INTERRUPT in"
"19237","1257.503128","1.1.1","host","USB","35","0000000000000000","URB_INTERRUPT in"
"19239","1257.519117","1.1.1","host","USB","35","0000070000000000","URB_INTERRUPT in"
"19241","1257.583133","1.1.1","host","USB","35","0000000000000000","URB_INTERRUPT in"
"19243","1257.615131","1.1.1","host","USB","35","00002c0000000000","URB_INTERRUPT in"
"19245","1257.679136","1.1.1","host","USB","35","0000000000000000","URB_INTERRUPT in"
"19247","1257.711143","1.1.1","host","USB","35","0200000000000000","URB_INTERRUPT in"
"19249","1257.783148","1.1.1","host","USB","35","02000c0000000000","URB_INTERRUPT in"
"19251","1257.839154","1.1.1","host","USB","35","0200000000000000","URB_INTERRUPT in"
"19253","1257.879159","1.1.1","host","USB","35","0000000000000000","URB_INTERRUPT in"
"19255","1257.959164","1.1.1","host","USB","35","00002c0000000000","URB_INTERRUPT in"
"19257","1258.039174","1.1.1","host","USB","35","0000000000000000","URB_INTERRUPT in"
"19259","1258.175193","1.1.1","host","USB","35","0000050000000000","URB_INTERRUPT in"
"19261","1258.255196","1.1.1","host","USB","35","0000000000000000","URB_INTERRUPT in"
"19263","1258.279199","1.1.1","host","USB","35","0000080000000000","URB_INTERRUPT in"
"19265","1258.335220","1.1.1","host","USB","35","0000000000000000","URB_INTERRUPT in"
"19267","1258.407223","1.1.1","host","USB","35","00002c0000000000","URB_INTERRUPT in"
"19269","1258.487226","1.1.1","host","USB","35","0000000000000000","URB_INTERRUPT in"
"19271","1258.591247","1.1.1","host","USB","35","00000b0000000000","URB_INTERRUPT in"
"19273","1258.663253","1.1.1","host","USB","35","0000000000000000","URB_INTERRUPT in"
"19275","1258.679248","1.1.1","host","USB","35","0000040000000000","URB_INTERRUPT in"
"19277","1258.743263","1.1.1","host","USB","35","0000000000000000","URB_INTERRUPT in"
"19279","1258.783268","1.1.1","host","USB","35","0000130000000000","URB_INTERRUPT in"
"19281","1258.839265","1.1.1","host","USB","35","0000000000000000","URB_INTERRUPT in"
"19283","1258.927282","1.1.1","host","USB","35","0000130000000000","URB_INTERRUPT in"
"19285","1259.007286","1.1.1","host","USB","35","0000000000000000","URB_INTERRUPT in"
"19287","1259.079294","1.1.1","host","USB","35","00000c0000000000","URB_INTERRUPT in"
"19289","1259.159310","1.1.1","host","USB","35","0000000000000000","URB_INTERRUPT in"
"19291","1259.207304","1.1.1","host","USB","35","0000080000000000","URB_INTERRUPT in"
"19293","1259.303326","1.1.1","host","USB","35","0000081500000000","URB_INTERRUPT in"
"19295","1259.327319","1.1.1","host","USB","35","0000150000000000","URB_INTERRUPT in"
"19297","1259.399329","1.1.1","host","USB","35","0000000000000000","URB_INTERRUPT in"
"19299","1259.447323","1.1.1","host","USB","35","00002c0000000000","URB_INTERRUPT in"
"19301","1259.535332","1.1.1","host","USB","35","0000000000000000","URB_INTERRUPT in"
"19303","1259.639342","1.1.1","host","USB","35","0000090000000000","URB_INTERRUPT in"
"19305","1259.703357","1.1.1","host","USB","35","0000120000000000","URB_INTERRUPT in"
"19307","1259.759358","1.1.1","host","USB","35","0000000000000000","URB_INTERRUPT in"
"19309","1259.791360","1.1.1","host","USB","35","0000150000000000","URB_INTERRUPT in"
"19311","1259.863370","1.1.1","host","USB","35","0000000000000000","URB_INTERRUPT in"
"19313","1259.871367","1.1.1","host","USB","35","00002c0000000000","URB_INTERRUPT in"
"19315","1259.927380","1.1.1","host","USB","35","0000000000000000","URB_INTERRUPT in"
"19317","1260.007382","1.1.1","host","USB","35","00000c0000000000","URB_INTERRUPT in"
"19319","1260.071397","1.1.1","host","USB","35","0000000000000000","URB_INTERRUPT in"
"19321","1260.087394","1.1.1","host","USB","35","0000170000000000","URB_INTERRUPT in"
"19323","1260.151399","1.1.1","host","USB","35","0000000000000000","URB_INTERRUPT in"
"19325","1260.183402","1.1.1","host","USB","35","0200000000000000","URB_INTERRUPT in"
"19327","1260.247408","1.1.1","host","USB","35","0200380000000000","URB_INTERRUPT in"
"19329","1260.343418","1.1.1","host","USB","35","0200000000000000","URB_INTERRUPT in"
"19331","1260.359420","1.1.1","host","USB","35","0000000000000000","URB_INTERRUPT in"
"19333","1260.583460","1.1.1","host","USB","35","0000280000000000","URB_INTERRUPT in"
"19335","1260.647466","1.1.1","host","USB","35","0000000000000000","URB_INTERRUPT in"
"19337","1260.727464","1.1.1","host","USB","35","0000280000000000","URB_INTERRUPT in"
"19339","1260.807473","1.1.1","host","USB","35","0000000000000000","URB_INTERRUPT in"
"19341","1260.935488","1.1.1","host","USB","35","0200000000000000","URB_INTERRUPT in"
"19343","1261.079505","1.1.1","host","USB","35","02000c0000000000","URB_INTERRUPT in"
"19345","1261.135511","1.1.1","host","USB","35","0200000000000000","URB_INTERRUPT in"
"19347","1261.191512","1.1.1","host","USB","35","0000000000000000","URB_INTERRUPT in"
"19349","1261.247528","1.1.1","host","USB","35","0000110000000000","URB_INTERRUPT in"
"19351","1261.303533","1.1.1","host","USB","35","0000000000000000","URB_INTERRUPT in"
"19353","1261.391545","1.1.1","host","USB","35","0000170000000000","URB_INTERRUPT in"
"19355","1261.447553","1.1.1","host","USB","35","0000000000000000","URB_INTERRUPT in"
"19357","1261.607571","1.1.1","host","USB","35","00000b0000000000","URB_INTERRUPT in"
"19359","1261.671568","1.1.1","host","USB","35","0000000000000000","URB_INTERRUPT in"
"19361","1261.919597","1.1.1","host","USB","35","00002a0000000000","URB_INTERRUPT in"
"19363","1261.967607","1.1.1","host","USB","35","0000000000000000","URB_INTERRUPT in"
"19365","1262.047611","1.1.1","host","USB","35","00002a0000000000","URB_INTERRUPT in"
"19367","1262.071607","1.1.1","host","USB","35","00002a2c00000000","URB_INTERRUPT in"
"19369","1262.087610","1.1.1","host","USB","35","00002c0000000000","URB_INTERRUPT in"
"19371","1262.135622","1.1.1","host","USB","35","00002c1700000000","URB_INTERRUPT in"
"19373","1262.199622","1.1.1","host","USB","35","0000170000000000","URB_INTERRUPT in"
"19375","1262.223629","1.1.1","host","USB","35","0000000000000000","URB_INTERRUPT in"
"19377","1262.231627","1.1.1","host","USB","35","00000b0000000000","URB_INTERRUPT in"
"19379","1262.303642","1.1.1","host","USB","35","0000000000000000","URB_INTERRUPT in"
"19381","1262.335633","1.1.1","host","USB","35","0000080000000000","URB_INTERRUPT in"
"19383","1262.399646","1.1.1","host","USB","35","00002c0000000000","URB_INTERRUPT in"
"19385","1262.479652","1.1.1","host","USB","35","0000000000000000","URB_INTERRUPT in"
"19387","1262.751676","1.1.1","host","USB","35","0000080000000000","URB_INTERRUPT in"
"19389","1262.823682","1.1.1","host","USB","35","0000000000000000","URB_INTERRUPT in"
"19391","1262.831681","1.1.1","host","USB","35","0000110000000000","URB_INTERRUPT in"
"19393","1262.895689","1.1.1","host","USB","35","0000000000000000","URB_INTERRUPT in"
"19395","1262.959697","1.1.1","host","USB","35","0000070000000000","URB_INTERRUPT in"
"19397","1263.039705","1.1.1","host","USB","35","0000000000000000","URB_INTERRUPT in"
"19399","1263.111710","1.1.1","host","USB","35","0000360000000000","URB_INTERRUPT in"
"19401","1263.199721","1.1.1","host","USB","35","0000362c00000000","URB_INTERRUPT in"
"19403","1263.207731","1.1.1","host","USB","35","00002c0000000000","URB_INTERRUPT in"
"19405","1263.303731","1.1.1","host","USB","35","0000000000000000","URB_INTERRUPT in"
"19407","1263.343738","1.1.1","host","USB","35","0000170000000000","URB_INTERRUPT in"
"19409","1263.431753","1.1.1","host","USB","35","0000000000000000","URB_INTERRUPT in"
"19411","1263.447748","1.1.1","host","USB","35","00000b0000000000","URB_INTERRUPT in"
"19413","1263.543758","1.1.1","host","USB","35","0000080000000000","URB_INTERRUPT in"
"19415","1263.607766","1.1.1","host","USB","35","0000081500000000","URB_INTERRUPT in"
"19417","1263.639769","1.1.1","host","USB","35","0000150000000000","URB_INTERRUPT in"
"19419","1263.727780","1.1.1","host","USB","35","0000150800000000","URB_INTERRUPT in"
"19421","1263.735779","1.1.1","host","USB","35","0000080000000000","URB_INTERRUPT in"
"19423","1263.783793","1.1.1","host","USB","35","0000000000000000","URB_INTERRUPT in"
"19425","1263.791791","1.1.1","host","USB","35","0000340000000000","URB_INTERRUPT in"
"19427","1263.879809","1.1.1","host","USB","35","0000000000000000","URB_INTERRUPT in"
"19429","1263.967818","1.1.1","host","USB","35","0000160000000000","URB_INTERRUPT in"
"19431","1264.023826","1.1.1","host","USB","35","0000162c00000000","URB_INTERRUPT in"
"19433","1264.031825","1.1.1","host","USB","35","00002c0000000000","URB_INTERRUPT in"
"19435","1264.095822","1.1.1","host","USB","35","0000000000000000","URB_INTERRUPT in"
"19437","1264.199841","1.1.1","host","USB","35","0000110000000000","URB_INTERRUPT in"
"19439","1264.287852","1.1.1","host","USB","35","0000111200000000","URB_INTERRUPT in"
"19441","1264.327854","1.1.1","host","USB","35","0000120000000000","URB_INTERRUPT in"
"19443","1264.391856","1.1.1","host","USB","35","0000000000000000","URB_INTERRUPT in"
"19445","1264.455867","1.1.1","host","USB","35","00002c0000000000","URB_INTERRUPT in"
"19447","1264.551879","1.1.1","host","USB","35","0000000000000000","URB_INTERRUPT in"
"19449","1264.567867","1.1.1","host","USB","35","0000150000000000","URB_INTERRUPT in"
"19451","1264.631888","1.1.1","host","USB","35","0000150800000000","URB_INTERRUPT in"
"19453","1264.663903","1.1.1","host","USB","35","0000080000000000","URB_INTERRUPT in"
"19455","1264.687888","1.1.1","host","USB","35","0000000000000000","URB_INTERRUPT in"
"19457","1264.743897","1.1.1","host","USB","35","0000040000000000","URB_INTERRUPT in"
"19459","1264.815899","1.1.1","host","USB","35","0000000000000000","URB_INTERRUPT in"
"19461","1264.871900","1.1.1","host","USB","35","00000f0000000000","URB_INTERRUPT in"
"19463","1264.975910","1.1.1","host","USB","35","0000000000000000","URB_INTERRUPT in"
"19465","1265.111929","1.1.1","host","USB","35","00002c0000000000","URB_INTERRUPT in"
"19467","1265.231946","1.1.1","host","USB","35","0000000000000000","URB_INTERRUPT in"
"19469","1265.367955","1.1.1","host","USB","35","0000150000000000","URB_INTERRUPT in"
"19471","1265.391955","1.1.1","host","USB","35","0000150800000000","URB_INTERRUPT in"
"19473","1265.439959","1.1.1","host","USB","35","0000080000000000","URB_INTERRUPT in"
"19475","1265.487961","1.1.1","host","USB","35","0000000000000000","URB_INTERRUPT in"
"19477","1265.816009","1.1.1","host","USB","35","0000160000000000","URB_INTERRUPT in"
"19479","1265.888007","1.1.1","host","USB","35","0000000000000000","URB_INTERRUPT in"
"19481","1265.920013","1.1.1","host","USB","35","0000120000000000","URB_INTERRUPT in"
"19483","1265.976018","1.1.1","host","USB","35","0000000000000000","URB_INTERRUPT in"
"19485","1266.096031","1.1.1","host","USB","35","00000f0000000000","URB_INTERRUPT in"
"19487","1266.184054","1.1.1","host","USB","35","0000000000000000","URB_INTERRUPT in"
"19489","1266.384076","1.1.1","host","USB","35","0000180000000000","URB_INTERRUPT in"
"19491","1266.472076","1.1.1","host","USB","35","0000000000000000","URB_INTERRUPT in"
"19493","1266.520082","1.1.1","host","USB","35","0000170000000000","URB_INTERRUPT in"
"19495","1266.576092","1.1.1","host","USB","35","0000000000000000","URB_INTERRUPT in"
"19497","1266.632089","1.1.1","host","USB","35","00000c0000000000","URB_INTERRUPT in"
"19499","1266.720115","1.1.1","host","USB","35","00000c1200000000","URB_INTERRUPT in"
"19501","1266.752108","1.1.1","host","USB","35","0000120000000000","URB_INTERRUPT in"
"19503","1266.792116","1.1.1","host","USB","35","0000000000000000","URB_INTERRUPT in"
"19505","1266.888120","1.1.1","host","USB","35","0000110000000000","URB_INTERRUPT in"
"19507","1266.968127","1.1.1","host","USB","35","0000000000000000","URB_INTERRUPT in"
"19509","1267.280171","1.1.1","host","USB","35","00002c0000000000","URB_INTERRUPT in"
"19511","1267.352179","1.1.1","host","USB","35","0000000000000000","URB_INTERRUPT in"
"19513","1267.472182","1.1.1","host","USB","35","00000b0000000000","URB_INTERRUPT in"
"19515","1267.552198","1.1.1","host","USB","35","00000b0800000000","URB_INTERRUPT in"
"19517","1267.560190","1.1.1","host","USB","35","0000080000000000","URB_INTERRUPT in"
"19519","1267.592196","1.1.1","host","USB","35","0000081500000000","URB_INTERRUPT in"
"19521","1267.616196","1.1.1","host","USB","35","0000150000000000","URB_INTERRUPT in"
"19523","1267.704202","1.1.1","host","USB","35","0000150800000000","URB_INTERRUPT in"
"19525","1267.728208","1.1.1","host","USB","35","0000080000000000","URB_INTERRUPT in"
"19527","1267.800221","1.1.1","host","USB","35","0000000000000000","URB_INTERRUPT in"
"19529","1268.000247","1.1.1","host","USB","35","0000360000000000","URB_INTERRUPT in"
"19531","1268.104248","1.1.1","host","USB","35","0000362c00000000","URB_INTERRUPT in"
"19533","1268.128258","1.1.1","host","USB","35","00002c0000000000","URB_INTERRUPT in"
"19535","1268.192249","1.1.1","host","USB","35","0000000000000000","URB_INTERRUPT in"
"19537","1268.328273","1.1.1","host","USB","35","0000110000000000","URB_INTERRUPT in"
"19539","1268.392280","1.1.1","host","USB","35","0000000000000000","URB_INTERRUPT in"
"19541","1268.472281","1.1.1","host","USB","35","0000120000000000","URB_INTERRUPT in"
"19543","1268.552290","1.1.1","host","USB","35","0000000000000000","URB_INTERRUPT in"
"19545","1268.656298","1.1.1","host","USB","35","00002c0000000000","URB_INTERRUPT in"
"19547","1268.744311","1.1.1","host","USB","35","0000000000000000","URB_INTERRUPT in"
"19549","1269.040341","1.1.1","host","USB","35","0000080000000000","URB_INTERRUPT in"
"19551","1269.104348","1.1.1","host","USB","35","0000000000000000","URB_INTERRUPT in"
"19553","1269.184360","1.1.1","host","USB","35","0000130000000000","URB_INTERRUPT in"
"19555","1269.280366","1.1.1","host","USB","35","0000000000000000","URB_INTERRUPT in"
"19557","1269.384394","1.1.1","host","USB","35","00000c0000000000","URB_INTERRUPT in"
"19559","1269.488402","1.1.1","host","USB","35","0000000000000000","URB_INTERRUPT in"
"19561","1269.584413","1.1.1","host","USB","35","0000130000000000","URB_INTERRUPT in"
"19563","1269.664423","1.1.1","host","USB","35","0000000000000000","URB_INTERRUPT in"
"19565","1269.968459","1.1.1","host","USB","35","00000b0000000000","URB_INTERRUPT in"
"19567","1270.064465","1.1.1","host","USB","35","0000000000000000","URB_INTERRUPT in"
"19569","1270.368482","1.1.1","host","USB","35","0000040000000000","URB_INTERRUPT in"
"19571","1270.424488","1.1.1","host","USB","35","0000000000000000","URB_INTERRUPT in"
"19573","1270.448490","1.1.1","host","USB","35","0000110000000000","URB_INTERRUPT in"
"19575","1270.544501","1.1.1","host","USB","35","0000000000000000","URB_INTERRUPT in"
"19577","1270.600507","1.1.1","host","USB","35","00001c0000000000","URB_INTERRUPT in"
"19579","1270.696516","1.1.1","host","USB","35","0000000000000000","URB_INTERRUPT in"
"19581","1271.072558","1.1.1","host","USB","35","00002c0000000000","URB_INTERRUPT in"
"19583","1271.168574","1.1.1","host","USB","35","0000170000000000","URB_INTERRUPT in"
"19585","1271.240575","1.1.1","host","USB","35","0000000000000000","URB_INTERRUPT in"
"19587","1271.288579","1.1.1","host","USB","35","00000b0000000000","URB_INTERRUPT in"
"19589","1271.320584","1.1.1","host","USB","35","00000b0400000000","URB_INTERRUPT in"
"19591","1271.352587","1.1.1","host","USB","35","0000040000000000","URB_INTERRUPT in"
"19593","1271.384592","1.1.1","host","USB","35","0000041700000000","URB_INTERRUPT in"
"19595","1271.408596","1.1.1","host","USB","35","0000170000000000","URB_INTERRUPT in"
"19597","1271.472608","1.1.1","host","USB","35","0000000000000000","URB_INTERRUPT in"
"19599","1271.480599","1.1.1","host","USB","35","00002c0000000000","URB_INTERRUPT in"
"19601","1271.560631","1.1.1","host","USB","35","0000000000000000","URB_INTERRUPT in"
"19603","1271.640635","1.1.1","host","USB","35","00001a0000000000","URB_INTERRUPT in"
"19605","1271.768640","1.1.1","host","USB","35","0000000000000000","URB_INTERRUPT in"
"19607","1271.776633","1.1.1","host","USB","35","0000150000000000","URB_INTERRUPT in"
"19609","1271.864658","1.1.1","host","USB","35","0000000000000000","URB_INTERRUPT in"
"19611","1272.072681","1.1.1","host","USB","35","0000040000000000","URB_INTERRUPT in"
"19613","1272.152686","1.1.1","host","USB","35","0000000000000000","URB_INTERRUPT in"
"19615","1272.224680","1.1.1","host","USB","35","0000130000000000","URB_INTERRUPT in"
"19617","1272.336698","1.1.1","host","USB","35","0000000000000000","URB_INTERRUPT in"
"19619","1272.456711","1.1.1","host","USB","35","0000160000000000","URB_INTERRUPT in"
"19621","1272.552720","1.1.1","host","USB","35","0000000000000000","URB_INTERRUPT in"
"19623","1272.568729","1.1.1","host","USB","35","00002c0000000000","URB_INTERRUPT in"
"19625","1272.640738","1.1.1","host","USB","35","0000000000000000","URB_INTERRUPT in"
"19627","1272.696741","1.1.1","host","USB","35","0000170000000000","URB_INTERRUPT in"
"19629","1272.776755","1.1.1","host","USB","35","0000000000000000","URB_INTERRUPT in"
"19631","1272.784742","1.1.1","host","USB","35","00000b0000000000","URB_INTERRUPT in"
"19633","1272.848761","1.1.1","host","USB","35","00000b0c00000000","URB_INTERRUPT in"
"19635","1272.856756","1.1.1","host","USB","35","00000c0000000000","URB_INTERRUPT in"
"19637","1272.896758","1.1.1","host","USB","35","0000000000000000","URB_INTERRUPT in"
"19639","1272.976774","1.1.1","host","USB","35","0000160000000000","URB_INTERRUPT in"
"19641","1273.000768","1.1.1","host","USB","35","0000162c00000000","URB_INTERRUPT in"
"19643","1273.016776","1.1.1","host","USB","35","00002c0000000000","URB_INTERRUPT in"
"19645","1273.104775","1.1.1","host","USB","35","0000000000000000","URB_INTERRUPT in"
"19647","1273.520833","1.1.1","host","USB","35","00002a0000000000","URB_INTERRUPT in"
"19649","1273.592831","1.1.1","host","USB","35","0000000000000000","URB_INTERRUPT in"
"19651","1273.984869","1.1.1","host","USB","35","00002c0000000000","URB_INTERRUPT in"
"19653","1274.120881","1.1.1","host","USB","35","0000000000000000","URB_INTERRUPT in"
"19655","1274.192888","1.1.1","host","USB","35","0000180000000000","URB_INTERRUPT in"
"19657","1274.248895","1.1.1","host","USB","35","0000181100000000","URB_INTERRUPT in"
"19659","1274.272898","1.1.1","host","USB","35","0000110000000000","URB_INTERRUPT in"
"19661","1274.312907","1.1.1","host","USB","35","0000000000000000","URB_INTERRUPT in"
"19663","1274.848969","1.1.1","host","USB","35","0000060000000000","URB_INTERRUPT in"
"19665","1274.920977","1.1.1","host","USB","35","0000061200000000","URB_INTERRUPT in"
"19667","1274.936984","1.1.1","host","USB","35","0000120000000000","URB_INTERRUPT in"
"19669","1274.993010","1.1.1","host","USB","35","0000121000000000","URB_INTERRUPT in"
"19671","1275.032989","1.1.1","host","USB","35","0000100000000000","URB_INTERRUPT in"
"19673","1275.072994","1.1.1","host","USB","35","0000000000000000","URB_INTERRUPT in"
"19675","1275.104985","1.1.1","host","USB","35","0000090000000000","URB_INTERRUPT in"
"19677","1275.184999","1.1.1","host","USB","35","0000000000000000","URB_INTERRUPT in"
"19679","1275.233004","1.1.1","host","USB","35","0000120000000000","URB_INTERRUPT in"
"19681","1275.297013","1.1.1","host","USB","35","0000121500000000","URB_INTERRUPT in"
"19683","1275.313025","1.1.1","host","USB","35","0000150000000000","URB_INTERRUPT in"
"19685","1275.401029","1.1.1","host","USB","35","0000000000000000","URB_INTERRUPT in"
"19687","1275.657056","1.1.1","host","USB","35","0000170000000000","URB_INTERRUPT in"
"19689","1275.721066","1.1.1","host","USB","35","0000000000000000","URB_INTERRUPT in"
"19691","1275.801075","1.1.1","host","USB","35","0000040000000000","URB_INTERRUPT in"
"19693","1275.873067","1.1.1","host","USB","35","0000000000000000","URB_INTERRUPT in"
"19695","1275.897067","1.1.1","host","USB","35","0000050000000000","URB_INTERRUPT in"
"19697","1275.945075","1.1.1","host","USB","35","0000000000000000","URB_INTERRUPT in"
"19699","1276.065087","1.1.1","host","USB","35","00000f0000000000","URB_INTERRUPT in"
"19701","1276.121092","1.1.1","host","USB","35","0000000000000000","URB_INTERRUPT in"
"19703","1276.145094","1.1.1","host","USB","35","0000080000000000","URB_INTERRUPT in"
"19705","1276.185099","1.1.1","host","USB","35","0000000000000000","URB_INTERRUPT in"
"19707","1276.249107","1.1.1","host","USB","35","00002c0000000000","URB_INTERRUPT in"
"19709","1276.313112","1.1.1","host","USB","35","0000000000000000","URB_INTERRUPT in"
"19711","1276.401122","1.1.1","host","USB","35","0000090000000000","URB_INTERRUPT in"
"19713","1276.473130","1.1.1","host","USB","35","0000000000000000","URB_INTERRUPT in"
"19715","1276.545137","1.1.1","host","USB","35","0000040000000000","URB_INTERRUPT in"
"19717","1276.633148","1.1.1","host","USB","35","0000040600000000","URB_INTERRUPT in"
"19719","1276.657158","1.1.1","host","USB","35","0000060000000000","URB_INTERRUPT in"
"19721","1276.705155","1.1.1","host","USB","35","0000000000000000","URB_INTERRUPT in"
"19723","1276.825168","1.1.1","host","USB","35","0000170000000000","URB_INTERRUPT in"
"19725","1276.881174","1.1.1","host","USB","35","0000000000000000","URB_INTERRUPT in"
"19727","1276.897175","1.1.1","host","USB","35","00002c0000000000","URB_INTERRUPT in"
"19729","1277.001192","1.1.1","host","USB","35","0000000000000000","URB_INTERRUPT in"
"19731","1277.161218","1.1.1","host","USB","35","00000c0000000000","URB_INTERRUPT in"
"19733","1277.241226","1.1.1","host","USB","35","00000c1100000000","URB_INTERRUPT in"
"19735","1277.281232","1.1.1","host","USB","35","0000110000000000","URB_INTERRUPT in"
"19737","1277.305218","1.1.1","host","USB","35","0000000000000000","URB_INTERRUPT in"
"19739","1277.313226","1.1.1","host","USB","35","0000170000000000","URB_INTERRUPT in"
"19741","1277.393241","1.1.1","host","USB","35","0000000000000000","URB_INTERRUPT in"
"19743","1277.417240","1.1.1","host","USB","35","0000120000000000","URB_INTERRUPT in"
"19745","1277.473243","1.1.1","host","USB","35","0000000000000000","URB_INTERRUPT in"
"19747","1277.569259","1.1.1","host","USB","35","00002c0000000000","URB_INTERRUPT in"
"19749","1277.657275","1.1.1","host","USB","35","0000000000000000","URB_INTERRUPT in"
"19751","1277.697271","1.1.1","host","USB","35","0000040000000000","URB_INTERRUPT in"
"19753","1277.785277","1.1.1","host","USB","35","0000000000000000","URB_INTERRUPT in"
"19755","1277.969295","1.1.1","host","USB","35","00002c0000000000","URB_INTERRUPT in"
"19757","1278.065305","1.1.1","host","USB","35","0000000000000000","URB_INTERRUPT in"
"19759","1278.201320","1.1.1","host","USB","35","0000110000000000","URB_INTERRUPT in"
"19761","1278.281328","1.1.1","host","USB","35","0000110800000000","URB_INTERRUPT in"
"19763","1278.289330","1.1.1","host","USB","35","0000080000000000","URB_INTERRUPT in"
"19765","1278.361335","1.1.1","host","USB","35","0000080400000000","URB_INTERRUPT in"
"19767","1278.369336","1.1.1","host","USB","35","0000040000000000","URB_INTERRUPT in"
"19769","1278.449348","1.1.1","host","USB","35","0000000000000000","URB_INTERRUPT in"
"19771","1278.545355","1.1.1","host","USB","35","0000170000000000","URB_INTERRUPT in"
"19773","1278.633374","1.1.1","host","USB","35","0000000000000000","URB_INTERRUPT in"
"19775","1278.721383","1.1.1","host","USB","35","00002c0000000000","URB_INTERRUPT in"
"19777","1278.833398","1.1.1","host","USB","35","0000000000000000","URB_INTERRUPT in"
"19779","1279.049420","1.1.1","host","USB","35","00000f0000000000","URB_INTERRUPT in"
"19781","1279.105424","1.1.1","host","USB","35","0000000000000000","URB_INTERRUPT in"
"19783","1279.225423","1.1.1","host","USB","35","00000c0000000000","URB_INTERRUPT in"
"19785","1279.281436","1.1.1","host","USB","35","0000000000000000","URB_INTERRUPT in"
"19787","1279.289429","1.1.1","host","USB","35","0000170000000000","URB_INTERRUPT in"
"19789","1279.353435","1.1.1","host","USB","35","0000000000000000","URB_INTERRUPT in"
"19791","1279.433445","1.1.1","host","USB","35","0000170000000000","URB_INTERRUPT in"
"19793","1279.505461","1.1.1","host","USB","35","0000000000000000","URB_INTERRUPT in"
"19795","1279.513452","1.1.1","host","USB","35","00000f0000000000","URB_INTERRUPT in"
"19797","1279.577461","1.1.1","host","USB","35","0000000000000000","URB_INTERRUPT in"
"19799","1279.609460","1.1.1","host","USB","35","0000080000000000","URB_INTERRUPT in"
"19801","1279.665476","1.1.1","host","USB","35","0000082c00000000","URB_INTERRUPT in"
"19803","1279.673470","1.1.1","host","USB","35","00002c0000000000","URB_INTERRUPT in"
"19805","1279.745476","1.1.1","host","USB","35","0000000000000000","URB_INTERRUPT in"
"19807","1279.865490","1.1.1","host","USB","35","0000050000000000","URB_INTERRUPT in"
"19809","1279.953502","1.1.1","host","USB","35","0000050c00000000","URB_INTERRUPT in"
"19811","1279.977507","1.1.1","host","USB","35","00000c0000000000","URB_INTERRUPT in"
"19813","1280.049508","1.1.1","host","USB","35","0000000000000000","URB_INTERRUPT in"
"19815","1280.097520","1.1.1","host","USB","35","00001a0000000000","URB_INTERRUPT in"
"19817","1280.161528","1.1.1","host","USB","35","0000000000000000","URB_INTERRUPT in"
"19819","1280.393555","1.1.1","host","USB","35","00002a0000000000","URB_INTERRUPT in"
"19821","1280.473564","1.1.1","host","USB","35","0000000000000000","URB_INTERRUPT in"
"19823","1280.561563","1.1.1","host","USB","35","00002a0000000000","URB_INTERRUPT in"
"19825","1280.633590","1.1.1","host","USB","35","00002a1200000000","URB_INTERRUPT in"
"19827","1280.673582","1.1.1","host","USB","35","0000120000000000","URB_INTERRUPT in"
"19829","1280.729595","1.1.1","host","USB","35","0000000000000000","URB_INTERRUPT in"
"19831","1280.737585","1.1.1","host","USB","35","00001a0000000000","URB_INTERRUPT in"
"19833","1280.817607","1.1.1","host","USB","35","0000000000000000","URB_INTERRUPT in"
"19835","1280.937616","1.1.1","host","USB","35","0000370000000000","URB_INTERRUPT in"
"19837","1281.025619","1.1.1","host","USB","35","0000000000000000","URB_INTERRUPT in"
"19839","1281.145633","1.1.1","host","USB","35","00002c0000000000","URB_INTERRUPT in"
"19841","1281.233645","1.1.1","host","USB","35","0000000000000000","URB_INTERRUPT in"
"19843","1281.249650","1.1.1","host","USB","35","0200000000000000","URB_INTERRUPT in"
"19845","1281.841701","1.1.1","host","USB","35","0200070000000000","URB_INTERRUPT in"
"19847","1281.929709","1.1.1","host","USB","35","0200000000000000","URB_INTERRUPT in"
"19849","1281.961711","1.1.1","host","USB","35","0000000000000000","URB_INTERRUPT in"
"19851","1282.009722","1.1.1","host","USB","35","0000180000000000","URB_INTERRUPT in"
"19853","1282.097726","1.1.1","host","USB","35","0000000000000000","URB_INTERRUPT in"
"19855","1282.169744","1.1.1","host","USB","35","0000060000000000","URB_INTERRUPT in"
"19857","1282.249745","1.1.1","host","USB","35","0000000000000000","URB_INTERRUPT in"
"19859","1282.273746","1.1.1","host","USB","35","00000e0000000000","URB_INTERRUPT in"
"19861","1282.321751","1.1.1","host","USB","35","0000000000000000","URB_INTERRUPT in"
"19863","1282.353756","1.1.1","host","USB","35","0000160000000000","URB_INTERRUPT in"
"19865","1282.449763","1.1.1","host","USB","35","0000000000000000","URB_INTERRUPT in"
"19867","1283.025840","1.1.1","host","USB","35","00002c0000000000","URB_INTERRUPT in"
"19869","1283.081845","1.1.1","host","USB","35","0000000000000000","URB_INTERRUPT in"
"19871","1283.217854","1.1.1","host","USB","35","00000b0000000000","URB_INTERRUPT in"
"19873","1283.265864","1.1.1","host","USB","35","0000000000000000","URB_INTERRUPT in"
"19875","1283.289856","1.1.1","host","USB","35","0000040000000000","URB_INTERRUPT in"
"19877","1283.361874","1.1.1","host","USB","35","0000000000000000","URB_INTERRUPT in"
"19879","1283.457889","1.1.1","host","USB","35","0000190000000000","URB_INTERRUPT in"
"19881","1283.497883","1.1.1","host","USB","35","0000190800000000","URB_INTERRUPT in"
"19883","1283.521893","1.1.1","host","USB","35","0000080000000000","URB_INTERRUPT in"
"19885","1283.577896","1.1.1","host","USB","35","0000000000000000","URB_INTERRUPT in"
"19887","1283.865922","1.1.1","host","USB","35","00002c0000000000","URB_INTERRUPT in"
"19889","1284.001937","1.1.1","host","USB","35","0000000000000000","URB_INTERRUPT in"
"19891","1284.529993","1.1.1","host","USB","35","0000160000000000","URB_INTERRUPT in"
"19893","1284.601999","1.1.1","host","USB","35","0000000000000000","URB_INTERRUPT in"
"19895","1284.642001","1.1.1","host","USB","35","0000130000000000","URB_INTERRUPT in"
"19897","1284.770011","1.1.1","host","USB","35","0000130c00000000","URB_INTERRUPT in"
"19899","1284.786013","1.1.1","host","USB","35","00000c0000000000","URB_INTERRUPT in"
"19901","1284.826015","1.1.1","host","USB","35","0000000000000000","URB_INTERRUPT in"
"19903","1284.938039","1.1.1","host","USB","35","0000150000000000","URB_INTERRUPT in"
"19905","1285.010035","1.1.1","host","USB","35","0000000000000000","URB_INTERRUPT in"
"19907","1285.082041","1.1.1","host","USB","35","0000040000000000","URB_INTERRUPT in"
"19909","1285.130049","1.1.1","host","USB","35","0000000000000000","URB_INTERRUPT in"
"19911","1285.170052","1.1.1","host","USB","35","00000f0000000000","URB_INTERRUPT in"
"19913","1285.258064","1.1.1","host","USB","35","0000000000000000","URB_INTERRUPT in"
"19915","1285.618100","1.1.1","host","USB","35","00002d0000000000","URB_INTERRUPT in"
"19917","1285.706113","1.1.1","host","USB","35","0000000000000000","URB_INTERRUPT in"
"19919","1285.714116","1.1.1","host","USB","35","0000160000000000","URB_INTERRUPT in"
"19921","1285.786127","1.1.1","host","USB","35","0000000000000000","URB_INTERRUPT in"
"19923","1285.858136","1.1.1","host","USB","35","00000b0000000000","URB_INTERRUPT in"
"19925","1285.922140","1.1.1","host","USB","35","0000000000000000","URB_INTERRUPT in"
"19927","1286.018148","1.1.1","host","USB","35","0000040000000000","URB_INTERRUPT in"
"19929","1286.082156","1.1.1","host","USB","35","0000000000000000","URB_INTERRUPT in"
"19931","1286.098151","1.1.1","host","USB","35","0000130000000000","URB_INTERRUPT in"
"19933","1286.186170","1.1.1","host","USB","35","0000000000000000","URB_INTERRUPT in"
"19935","1286.258184","1.1.1","host","USB","35","0000080000000000","URB_INTERRUPT in"
"19937","1286.338195","1.1.1","host","USB","35","0000000000000000","URB_INTERRUPT in"
"19939","1286.442206","1.1.1","host","USB","35","0000070000000000","URB_INTERRUPT in"
"19941","1286.490199","1.1.1","host","USB","35","0000072c00000000","URB_INTERRUPT in"
"19943","1286.522203","1.1.1","host","USB","35","00002c0000000000","URB_INTERRUPT in"
"19945","1286.546211","1.1.1","host","USB","35","0000000000000000","URB_INTERRUPT in"
"19947","1287.858340","1.1.1","host","USB","35","0000130000000000","URB_INTERRUPT in"
"19949","1287.954356","1.1.1","host","USB","35","0000000000000000","URB_INTERRUPT in"
"19951","1287.978351","1.1.1","host","USB","35","0000080000000000","URB_INTERRUPT in"
"19953","1288.050362","1.1.1","host","USB","35","0000000000000000","URB_INTERRUPT in"
"19955","1288.138371","1.1.1","host","USB","35","0000110000000000","URB_INTERRUPT in"
"19957","1288.242388","1.1.1","host","USB","35","0000000000000000","URB_INTERRUPT in"
"19959","1288.722458","1.1.1","host","USB","35","00000c0000000000","URB_INTERRUPT in"
"19961","1288.834450","1.1.1","host","USB","35","0000000000000000","URB_INTERRUPT in"
"19963","1288.922456","1.1.1","host","USB","35","0000160000000000","URB_INTERRUPT in"
"19965","1289.058473","1.1.1","host","USB","35","0000160800000000","URB_INTERRUPT in"
"19967","1289.066471","1.1.1","host","USB","35","0000080000000000","URB_INTERRUPT in"
"19969","1289.194486","1.1.1","host","USB","35","0000000000000000","URB_INTERRUPT in"
"19971","1289.210481","1.1.1","host","USB","35","0000160000000000","URB_INTERRUPT in"
"19973","1289.338511","1.1.1","host","USB","35","0000000000000000","URB_INTERRUPT in"
"19975","1289.554533","1.1.1","host","USB","35","00002c0000000000","URB_INTERRUPT in"
"19977","1289.626540","1.1.1","host","USB","35","0000000000000000","URB_INTERRUPT in"
"19979","1289.786555","1.1.1","host","USB","35","00002a0000000000","URB_INTERRUPT in"
"19981","1289.834553","1.1.1","host","USB","35","0000000000000000","URB_INTERRUPT in"
"19983","1290.042579","1.1.1","host","USB","35","0000360000000000","URB_INTERRUPT in"
"19985","1290.074578","1.1.1","host","USB","35","0000362c00000000","URB_INTERRUPT in"
"19987","1290.098592","1.1.1","host","USB","35","00002c0000000000","URB_INTERRUPT in"
"19989","1290.202588","1.1.1","host","USB","35","0000000000000000","URB_INTERRUPT in"
"19991","1290.210588","1.1.1","host","USB","35","0000040000000000","URB_INTERRUPT in"
"19993","1290.306599","1.1.1","host","USB","35","0000000000000000","URB_INTERRUPT in"
"19995","1290.314601","1.1.1","host","USB","35","0000110000000000","URB_INTERRUPT in"
"19997","1290.402608","1.1.1","host","USB","35","0000000000000000","URB_INTERRUPT in"
"19999","1290.426608","1.1.1","host","USB","35","0000070000000000","URB_INTERRUPT in"
"20001","1290.498617","1.1.1","host","USB","35","0000072c00000000","URB_INTERRUPT in"
"20003","1290.506619","1.1.1","host","USB","35","00002c0000000000","URB_INTERRUPT in"
"20005","1290.578631","1.1.1","host","USB","35","0000000000000000","URB_INTERRUPT in"
"20007","1290.626634","1.1.1","host","USB","35","0000170000000000","URB_INTERRUPT in"
"20009","1290.682643","1.1.1","host","USB","35","0000170b00000000","URB_INTERRUPT in"
"20011","1290.698639","1.1.1","host","USB","35","00000b0000000000","URB_INTERRUPT in"
"20013","1290.770647","1.1.1","host","USB","35","0000000000000000","URB_INTERRUPT in"
"20015","1290.802648","1.1.1","host","USB","35","0000040000000000","URB_INTERRUPT in"
"20017","1290.866657","1.1.1","host","USB","35","0000041700000000","URB_INTERRUPT in"
"20019","1290.898660","1.1.1","host","USB","35","0000170000000000","URB_INTERRUPT in"
"20021","1290.946665","1.1.1","host","USB","35","0000173400000000","URB_INTERRUPT in"
"20023","1290.962676","1.1.1","host","USB","35","0000340000000000","URB_INTERRUPT in"
"20025","1291.034674","1.1.1","host","USB","35","0000000000000000","URB_INTERRUPT in"
"20027","1291.106692","1.1.1","host","USB","35","0000160000000000","URB_INTERRUPT in"
"20029","1291.146687","1.1.1","host","USB","35","0000162c00000000","URB_INTERRUPT in"
"20031","1291.178690","1.1.1","host","USB","35","00002c0000000000","URB_INTERRUPT in"
"20033","1291.258698","1.1.1","host","USB","35","0000000000000000","URB_INTERRUPT in"
"20035","1291.386720","1.1.1","host","USB","35","00000d0000000000","URB_INTERRUPT in"
"20037","1291.466735","1.1.1","host","USB","35","00000d1800000000","URB_INTERRUPT in"
"20039","1291.546734","1.1.1","host","USB","35","0000180000000000","URB_INTERRUPT in"
"20041","1291.562740","1.1.1","host","USB","35","0000181600000000","URB_INTERRUPT in"
"20043","1291.570738","1.1.1","host","USB","35","0000160000000000","URB_INTERRUPT in"
"20045","1291.626748","1.1.1","host","USB","35","0000161700000000","URB_INTERRUPT in"
"20047","1291.682759","1.1.1","host","USB","35","0000170000000000","URB_INTERRUPT in"
"20049","1291.698761","1.1.1","host","USB","35","0000172c00000000","URB_INTERRUPT in"
"20051","1291.714752","1.1.1","host","USB","35","00002c0000000000","URB_INTERRUPT in"
"20053","1291.794766","1.1.1","host","USB","35","0000000000000000","URB_INTERRUPT in"
"20055","1291.898776","1.1.1","host","USB","35","00000b0000000000","URB_INTERRUPT in"
"20057","1291.954788","1.1.1","host","USB","35","0000000000000000","URB_INTERRUPT in"
"20059","1292.050788","1.1.1","host","USB","35","0000120000000000","URB_INTERRUPT in"
"20061","1292.138807","1.1.1","host","USB","35","0000000000000000","URB_INTERRUPT in"
"20063","1292.146795","1.1.1","host","USB","35","00001a0000000000","URB_INTERRUPT in"
"20065","1292.210804","1.1.1","host","USB","35","0000000000000000","URB_INTERRUPT in"
"20067","1292.226802","1.1.1","host","USB","35","00002c0000000000","URB_INTERRUPT in"
"20069","1292.306817","1.1.1","host","USB","35","0000000000000000","URB_INTERRUPT in"
"20071","1292.346820","1.1.1","host","USB","35","0000170000000000","URB_INTERRUPT in"
"20073","1292.418821","1.1.1","host","USB","35","0000170b00000000","URB_INTERRUPT in"
"20075","1292.426832","1.1.1","host","USB","35","00000b0000000000","URB_INTERRUPT in"
"20077","1292.490830","1.1.1","host","USB","35","0000000000000000","URB_INTERRUPT in"
"20079","1292.514834","1.1.1","host","USB","35","0000080000000000","URB_INTERRUPT in"
"20081","1292.578840","1.1.1","host","USB","35","0000082c00000000","URB_INTERRUPT in"
"20083","1292.586843","1.1.1","host","USB","35","00002c0000000000","URB_INTERRUPT in"
"20085","1292.658847","1.1.1","host","USB","35","0000000000000000","URB_INTERRUPT in"
"20087","1292.706852","1.1.1","host","USB","35","00001a0000000000","URB_INTERRUPT in"
"20089","1292.802866","1.1.1","host","USB","35","0000120000000000","URB_INTERRUPT in"
"20091","1292.890872","1.1.1","host","USB","35","0000000000000000","URB_INTERRUPT in"
"20093","1292.898876","1.1.1","host","USB","35","0000150000000000","URB_INTERRUPT in"
"20095","1292.978884","1.1.1","host","USB","35","0000000000000000","URB_INTERRUPT in"
"20097","1293.002882","1.1.1","host","USB","35","00000f0000000000","URB_INTERRUPT in"
"20099","1293.090892","1.1.1","host","USB","35","0000000000000000","URB_INTERRUPT in"
"20101","1293.322917","1.1.1","host","USB","35","0000070000000000","URB_INTERRUPT in"
"20103","1293.394926","1.1.1","host","USB","35","0000000000000000","URB_INTERRUPT in"
"20105","1294.011007","1.1.1","host","USB","35","00002c0000000000","URB_INTERRUPT in"
"20107","1294.075006","1.1.1","host","USB","35","0000000000000000","URB_INTERRUPT in"
"20109","1294.083007","1.1.1","host","USB","35","00001a0000000000","URB_INTERRUPT in"
"20111","1294.171024","1.1.1","host","USB","35","0000000000000000","URB_INTERRUPT in"
"20113","1294.195012","1.1.1","host","USB","35","0000120000000000","URB_INTERRUPT in"
"20115","1294.275034","1.1.1","host","USB","35","0000000000000000","URB_INTERRUPT in"
"20117","1294.331035","1.1.1","host","USB","35","0000150000000000","URB_INTERRUPT in"
"20119","1294.411044","1.1.1","host","USB","35","0000000000000000","URB_INTERRUPT in"
"20121","1294.427044","1.1.1","host","USB","35","00000e0000000000","URB_INTERRUPT in"
"20123","1294.507054","1.1.1","host","USB","35","0000000000000000","URB_INTERRUPT in"
"20125","1294.563056","1.1.1","host","USB","35","0000160000000000","URB_INTERRUPT in"
"20127","1294.627069","1.1.1","host","USB","35","0000000000000000","URB_INTERRUPT in"
"20129","1294.747077","1.1.1","host","USB","35","0000370000000000","URB_INTERRUPT in"
"20131","1294.787087","1.1.1","host","USB","35","0000000000000000","URB_INTERRUPT in"
"20133","1295.515159","1.1.1","host","USB","35","00002c0000000000","URB_INTERRUPT in"
"20135","1295.595166","1.1.1","host","USB","35","0000000000000000","URB_INTERRUPT in"
"20137","1295.611171","1.1.1","host","USB","35","0200000000000000","URB_INTERRUPT in"
"20139","1295.731183","1.1.1","host","USB","35","0200050000000000","URB_INTERRUPT in"
"20141","1295.779178","1.1.1","host","USB","35","0000050000000000","URB_INTERRUPT in"
"20143","1295.787177","1.1.1","host","USB","35","0000000000000000","URB_INTERRUPT in"
"20145","1295.875187","1.1.1","host","USB","35","0000180000000000","URB_INTERRUPT in"
"20147","1295.955197","1.1.1","host","USB","35","0000000000000000","URB_INTERRUPT in"
"20149","1296.019204","1.1.1","host","USB","35","0000170000000000","URB_INTERRUPT in"
"20151","1296.083220","1.1.1","host","USB","35","0000000000000000","URB_INTERRUPT in"
"20153","1296.171217","1.1.1","host","USB","35","00002c0000000000","URB_INTERRUPT in"
"20155","1296.307240","1.1.1","host","USB","35","0000000000000000","URB_INTERRUPT in"
"20157","1296.523263","1.1.1","host","USB","35","0000080000000000","URB_INTERRUPT in"
"20159","1296.611267","1.1.1","host","USB","35","0000000000000000","URB_INTERRUPT in"
"20161","1296.643270","1.1.1","host","USB","35","0000190000000000","URB_INTERRUPT in"
"20163","1296.771284","1.1.1","host","USB","35","0000000000000000","URB_INTERRUPT in"
"20165","1296.795293","1.1.1","host","USB","35","0000080000000000","URB_INTERRUPT in"
"20167","1296.851299","1.1.1","host","USB","35","0000000000000000","URB_INTERRUPT in"
"20169","1296.939303","1.1.1","host","USB","35","0000110000000000","URB_INTERRUPT in"
"20171","1297.011317","1.1.1","host","USB","35","0000000000000000","URB_INTERRUPT in"
"20173","1297.107325","1.1.1","host","USB","35","00002c0000000000","URB_INTERRUPT in"
"20175","1297.203343","1.1.1","host","USB","35","0000000000000000","URB_INTERRUPT in"
"20177","1297.315352","1.1.1","host","USB","35","0000040000000000","URB_INTERRUPT in"
"20179","1297.435360","1.1.1","host","USB","35","0000041600000000","URB_INTERRUPT in"
"20181","1297.475367","1.1.1","host","USB","35","0000160000000000","URB_INTERRUPT in"
"20183","1297.515365","1.1.1","host","USB","35","0000000000000000","URB_INTERRUPT in"
"20185","1297.547384","1.1.1","host","USB","35","00002c0000000000","URB_INTERRUPT in"
"20187","1297.635379","1.1.1","host","USB","35","0000000000000000","URB_INTERRUPT in"
"20189","1297.651386","1.1.1","host","USB","35","0000040000000000","URB_INTERRUPT in"
"20191","1297.675388","1.1.1","host","USB","35","0000000000000000","URB_INTERRUPT in"
"20193","1297.699392","1.1.1","host","USB","35","0200000000000000","URB_INTERRUPT in"
"20195","1297.731395","1.1.1","host","USB","35","02000c0000000000","URB_INTERRUPT in"
"20197","1297.843406","1.1.1","host","USB","35","0200000000000000","URB_INTERRUPT in"
"20199","1298.459462","1.1.1","host","USB","35","02002a0000000000","URB_INTERRUPT in"
"20201","1298.507472","1.1.1","host","USB","35","0200000000000000","URB_INTERRUPT in"
"20203","1298.587476","1.1.1","host","USB","35","02002a0000000000","URB_INTERRUPT in"
"20205","1298.667490","1.1.1","host","USB","35","0200000000000000","URB_INTERRUPT in"
"20207","1298.707490","1.1.1","host","USB","35","02000c0000000000","URB_INTERRUPT in"
"20209","1298.771495","1.1.1","host","USB","35","00000c0000000000","URB_INTERRUPT in"
"20211","1298.779495","1.1.1","host","USB","35","0000000000000000","URB_INTERRUPT in"
"20213","1298.899510","1.1.1","host","USB","35","00002c0000000000","URB_INTERRUPT in"
"20215","1298.995519","1.1.1","host","USB","35","0000000000000000","URB_INTERRUPT in"
"20217","1299.075533","1.1.1","host","USB","35","0000160000000000","URB_INTERRUPT in"
"20219","1299.211550","1.1.1","host","USB","35","0000000000000000","URB_INTERRUPT in"
"20221","1299.251548","1.1.1","host","USB","35","00000c0000000000","URB_INTERRUPT in"
"20223","1299.331573","1.1.1","host","USB","35","0000000000000000","URB_INTERRUPT in"
"20225","1299.371574","1.1.1","host","USB","35","0000170000000000","URB_INTERRUPT in"
"20227","1299.451574","1.1.1","host","USB","35","00002c0000000000","URB_INTERRUPT in"
"20229","1299.523586","1.1.1","host","USB","35","0000000000000000","URB_INTERRUPT in"
"20231","1299.643599","1.1.1","host","USB","35","00000b0000000000","URB_INTERRUPT in"
"20233","1299.715605","1.1.1","host","USB","35","0000000000000000","URB_INTERRUPT in"
"20235","1299.747609","1.1.1","host","USB","35","0000080000000000","URB_INTERRUPT in"
"20237","1299.819624","1.1.1","host","USB","35","0000081500000000","URB_INTERRUPT in"
"20239","1299.851618","1.1.1","host","USB","35","0000150000000000","URB_INTERRUPT in"
"20241","1299.947622","1.1.1","host","USB","35","0000150800000000","URB_INTERRUPT in"
"20243","1299.955633","1.1.1","host","USB","35","0000080000000000","URB_INTERRUPT in"
"20245","1300.027646","1.1.1","host","USB","35","0000000000000000","URB_INTERRUPT in"
"20247","1300.035636","1.1.1","host","USB","35","00002c0000000000","URB_INTERRUPT in"
"20249","1300.123645","1.1.1","host","USB","35","0000000000000000","URB_INTERRUPT in"
"20251","1300.179659","1.1.1","host","USB","35","00001a0000000000","URB_INTERRUPT in"
"20253","1300.267672","1.1.1","host","USB","35","0000000000000000","URB_INTERRUPT in"
"20255","1300.291662","1.1.1","host","USB","35","00000c0000000000","URB_INTERRUPT in"
"20257","1300.419685","1.1.1","host","USB","35","0000000000000000","URB_INTERRUPT in"
"20259","1300.675708","1.1.1","host","USB","35","00002a0000000000","URB_INTERRUPT in"
"20261","1300.755723","1.1.1","host","USB","35","00002a1500000000","URB_INTERRUPT in"
"20263","1300.763715","1.1.1","host","USB","35","0000150000000000","URB_INTERRUPT in"
"20265","1300.827728","1.1.1","host","USB","35","0000000000000000","URB_INTERRUPT in"
"20267","1300.867719","1.1.1","host","USB","35","00000c0000000000","URB_INTERRUPT in"
"20269","1300.963746","1.1.1","host","USB","35","0000000000000000","URB_INTERRUPT in"
"20271","1300.987738","1.1.1","host","USB","35","0000170000000000","URB_INTERRUPT in"
"20273","1301.043745","1.1.1","host","USB","35","0000000000000000","URB_INTERRUPT in"
"20275","1301.067737","1.1.1","host","USB","35","00000c0000000000","URB_INTERRUPT in"
"20277","1301.139764","1.1.1","host","USB","35","00000c1100000000","URB_INTERRUPT in"
"20279","1301.187755","1.1.1","host","USB","35","0000110000000000","URB_INTERRUPT in"
"20281","1301.219753","1.1.1","host","USB","35","0000110a00000000","URB_INTERRUPT in"
"20283","1301.227758","1.1.1","host","USB","35","00000a0000000000","URB_INTERRUPT in"
"20285","1301.299764","1.1.1","host","USB","35","0000000000000000","URB_INTERRUPT in"
"20287","1301.323768","1.1.1","host","USB","35","00002c0000000000","URB_INTERRUPT in"
"20289","1301.395774","1.1.1","host","USB","35","0000000000000000","URB_INTERRUPT in"
"20291","1301.451781","1.1.1","host","USB","35","0000170000000000","URB_INTERRUPT in"
"20293","1301.515787","1.1.1","host","USB","35","0000000000000000","URB_INTERRUPT in"
"20295","1301.555789","1.1.1","host","USB","35","00000b0000000000","URB_INTERRUPT in"
"20297","1301.611798","1.1.1","host","USB","35","00000b0c00000000","URB_INTERRUPT in"
"20299","1301.659811","1.1.1","host","USB","35","00000c0000000000","URB_INTERRUPT in"
"20301","1301.683801","1.1.1","host","USB","35","0000000000000000","URB_INTERRUPT in"
"20303","1301.715805","1.1.1","host","USB","35","0000160000000000","URB_INTERRUPT in"
"20305","1301.795818","1.1.1","host","USB","35","0000000000000000","URB_INTERRUPT in"
"20307","1301.851823","1.1.1","host","USB","35","0000360000000000","URB_INTERRUPT in"
"20309","1301.891828","1.1.1","host","USB","35","0000362c00000000","URB_INTERRUPT in"
"20311","1301.955835","1.1.1","host","USB","35","00002c0000000000","URB_INTERRUPT in"
"20313","1302.011840","1.1.1","host","USB","35","0000000000000000","URB_INTERRUPT in"
"20315","1302.083844","1.1.1","host","USB","35","00001a0000000000","URB_INTERRUPT in"
"20317","1302.139854","1.1.1","host","USB","35","0000000000000000","URB_INTERRUPT in"
"20319","1302.227868","1.1.1","host","USB","35","00000c0000000000","URB_INTERRUPT in"
"20321","1302.331883","1.1.1","host","USB","35","0000000000000000","URB_INTERRUPT in"
"20323","1302.371890","1.1.1","host","USB","35","0000170000000000","URB_INTERRUPT in"
"20325","1302.443894","1.1.1","host","USB","35","0000000000000000","URB_INTERRUPT in"
"20327","1302.467895","1.1.1","host","USB","35","00000b0000000000","URB_INTERRUPT in"
"20329","1302.539902","1.1.1","host","USB","35","0000000000000000","URB_INTERRUPT in"
"20331","1302.643908","1.1.1","host","USB","35","00002c0000000000","URB_INTERRUPT in"
"20333","1302.707928","1.1.1","host","USB","35","0000000000000000","URB_INTERRUPT in"
"20335","1302.811926","1.1.1","host","USB","35","0000100000000000","URB_INTERRUPT in"
"20337","1302.899949","1.1.1","host","USB","35","0000101200000000","URB_INTERRUPT in"
"20339","1302.923949","1.1.1","host","USB","35","0000101215000000","URB_INTERRUPT in"
"20341","1302.955945","1.1.1","host","USB","35","0000121500000000","URB_INTERRUPT in"
"20343","1302.979949","1.1.1","host","USB","35","0000150800000000","URB_INTERRUPT in"
"20345","1303.019962","1.1.1","host","USB","35","0000080000000000","URB_INTERRUPT in"
"20347","1303.051957","1.1.1","host","USB","35","0000000000000000","URB_INTERRUPT in"
"20349","1303.083968","1.1.1","host","USB","35","00002c0000000000","URB_INTERRUPT in"
"20351","1303.187980","1.1.1","host","USB","35","0000000000000000","URB_INTERRUPT in"
"20353","1303.211975","1.1.1","host","USB","35","0000170000000000","URB_INTERRUPT in"
"20355","1303.299992","1.1.1","host","USB","35","0000000000000000","URB_INTERRUPT in"
"20357","1304.084059","1.1.1","host","USB","35","00002a0000000000","URB_INTERRUPT in"
"20359","1304.148067","1.1.1","host","USB","35","0000000000000000","URB_INTERRUPT in"
"20361","1304.164074","1.1.1","host","USB","35","00001a0000000000","URB_INTERRUPT in"
"20363","1304.220076","1.1.1","host","USB","35","0000000000000000","URB_INTERRUPT in"
"20365","1304.276084","1.1.1","host","USB","35","0000120000000000","URB_INTERRUPT in"
"20367","1304.356089","1.1.1","host","USB","35","0000000000000000","URB_INTERRUPT in"
"20369","1304.388098","1.1.1","host","USB","35","0000150000000000","URB_INTERRUPT in"
"20371","1304.460099","1.1.1","host","USB","35","0000000000000000","URB_INTERRUPT in"
"20373","1304.476101","1.1.1","host","USB","35","00000e0000000000","URB_INTERRUPT in"
"20375","1304.548124","1.1.1","host","USB","35","0000000000000000","URB_INTERRUPT in"
"20377","1304.756148","1.1.1","host","USB","35","0000160000000000","URB_INTERRUPT in"
"20379","1304.836157","1.1.1","host","USB","35","0000000000000000","URB_INTERRUPT in"
"20381","1305.068169","1.1.1","host","USB","35","00002a0000000000","URB_INTERRUPT in"
"20383","1305.100176","1.1.1","host","USB","35","0000000000000000","URB_INTERRUPT in"
"20385","1305.188180","1.1.1","host","USB","35","00002a0000000000","URB_INTERRUPT in"
"20387","1305.252200","1.1.1","host","USB","35","0000070000000000","URB_INTERRUPT in"
"20389","1305.316205","1.1.1","host","USB","35","0000071600000000","URB_INTERRUPT in"
"20391","1305.348199","1.1.1","host","USB","35","0000160000000000","URB_INTERRUPT in"
"20393","1305.372197","1.1.1","host","USB","35","0000000000000000","URB_INTERRUPT in"
"20395","1305.412211","1.1.1","host","USB","35","00002c0000000000","URB_INTERRUPT in"
"20397","1305.500220","1.1.1","host","USB","35","0000000000000000","URB_INTERRUPT in"
"20399","1305.524217","1.1.1","host","USB","35","0000170000000000","URB_INTERRUPT in"
"20401","1305.596229","1.1.1","host","USB","35","0000000000000000","URB_INTERRUPT in"
"20403","1305.628228","1.1.1","host","USB","35","00000b0000000000","URB_INTERRUPT in"
"20405","1305.676234","1.1.1","host","USB","35","00000b0400000000","URB_INTERRUPT in"
"20407","1305.708239","1.1.1","host","USB","35","0000040000000000","URB_INTERRUPT in"
"20409","1305.764247","1.1.1","host","USB","35","0000000000000000","URB_INTERRUPT in"
"20411","1305.772245","1.1.1","host","USB","35","0000170000000000","URB_INTERRUPT in"
"20413","1305.844259","1.1.1","host","USB","35","0000000000000000","URB_INTERRUPT in"
"20415","1306.116283","1.1.1","host","USB","35","00002a0000000000","URB_INTERRUPT in"
"20417","1306.172288","1.1.1","host","USB","35","0000000000000000","URB_INTERRUPT in"
"20419","1306.292307","1.1.1","host","USB","35","0000110000000000","URB_INTERRUPT in"
"20421","1306.340311","1.1.1","host","USB","35","0000000000000000","URB_INTERRUPT in"
"20423","1306.436312","1.1.1","host","USB","35","00002c0000000000","URB_INTERRUPT in"
"20425","1306.500324","1.1.1","host","USB","35","0000000000000000","URB_INTERRUPT in"
"20427","1306.596339","1.1.1","host","USB","35","0000110000000000","URB_INTERRUPT in"
"20429","1306.692338","1.1.1","host","USB","35","0000000000000000","URB_INTERRUPT in"
"20431","1306.884356","1.1.1","host","USB","35","0000080000000000","URB_INTERRUPT in"
"20433","1306.972366","1.1.1","host","USB","35","0000000000000000","URB_INTERRUPT in"
"20435","1307.084376","1.1.1","host","USB","35","0000060000000000","URB_INTERRUPT in"
"20437","1307.180388","1.1.1","host","USB","35","0000000000000000","URB_INTERRUPT in"
"20439","1307.724453","1.1.1","host","USB","35","0000080000000000","URB_INTERRUPT in"
"20441","1307.796453","1.1.1","host","USB","35","0000000000000000","URB_INTERRUPT in"
"20443","1307.948486","1.1.1","host","USB","35","0000160000000000","URB_INTERRUPT in"
"20445","1308.020485","1.1.1","host","USB","35","0000000000000000","URB_INTERRUPT in"
"20447","1308.108504","1.1.1","host","USB","35","0000160000000000","URB_INTERRUPT in"
"20449","1308.148505","1.1.1","host","USB","35","0000000000000000","URB_INTERRUPT in"
"20451","1308.284511","1.1.1","host","USB","35","0000040000000000","URB_INTERRUPT in"
"20453","1308.364527","1.1.1","host","USB","35","0000041500000000","URB_INTERRUPT in"
"20455","1308.380524","1.1.1","host","USB","35","0000150000000000","URB_INTERRUPT in"
"20457","1308.452527","1.1.1","host","USB","35","0000000000000000","URB_INTERRUPT in"
"20459","1308.492528","1.1.1","host","USB","35","00001c0000000000","URB_INTERRUPT in"
"20461","1308.572541","1.1.1","host","USB","35","0000000000000000","URB_INTERRUPT in"
"20463","1308.700555","1.1.1","host","USB","35","00002c0000000000","URB_INTERRUPT in"
"20465","1308.772562","1.1.1","host","USB","35","0000000000000000","URB_INTERRUPT in"
"20467","1308.884569","1.1.1","host","USB","35","0000120000000000","URB_INTERRUPT in"
"20469","1308.940577","1.1.1","host","USB","35","0000121100000000","URB_INTERRUPT in"
"20471","1308.972587","1.1.1","host","USB","35","0000110000000000","URB_INTERRUPT in"
"20473","1309.012583","1.1.1","host","USB","35","0000000000000000","URB_INTERRUPT in"
"20475","1309.100591","1.1.1","host","USB","35","00002c0000000000","URB_INTERRUPT in"
"20477","1309.188603","1.1.1","host","USB","35","0000000000000000","URB_INTERRUPT in"
"20479","1309.292612","1.1.1","host","USB","35","0200000000000000","URB_INTERRUPT in"
"20481","1309.364619","1.1.1","host","USB","35","02000c0000000000","URB_INTERRUPT in"
"20483","1309.420631","1.1.1","host","USB","35","0200000000000000","URB_INTERRUPT in"
"20485","1309.460627","1.1.1","host","USB","35","0000000000000000","URB_INTERRUPT in"
"20487","1309.508635","1.1.1","host","USB","35","00002c0000000000","URB_INTERRUPT in"
"20489","1309.612647","1.1.1","host","USB","35","0000000000000000","URB_INTERRUPT in"
"20491","1309.996696","1.1.1","host","USB","35","00002a0000000000","URB_INTERRUPT in"
"20493","1310.028704","1.1.1","host","USB","35","0000000000000000","URB_INTERRUPT in"
"20495","1310.116702","1.1.1","host","USB","35","00002a0000000000","URB_INTERRUPT in"
"20497","1310.164720","1.1.1","host","USB","35","0000040000000000","URB_INTERRUPT in"
"20499","1310.244731","1.1.1","host","USB","35","0000000000000000","URB_INTERRUPT in"
"20501","1310.300750","1.1.1","host","USB","35","00002c0000000000","URB_INTERRUPT in"
"20503","1310.396735","1.1.1","host","USB","35","0000000000000000","URB_INTERRUPT in"
"20505","1310.668767","1.1.1","host","USB","35","0000180000000000","URB_INTERRUPT in"
"20507","1310.724778","1.1.1","host","USB","35","0000180500000000","URB_INTERRUPT in"
"20509","1310.780776","1.1.1","host","USB","35","0000050000000000","URB_INTERRUPT in"
"20511","1310.812774","1.1.1","host","USB","35","0000000000000000","URB_INTERRUPT in"
"20513","1310.996805","1.1.1","host","USB","35","00002a0000000000","URB_INTERRUPT in"
"20515","1311.044812","1.1.1","host","USB","35","0000000000000000","URB_INTERRUPT in"
"20517","1311.148825","1.1.1","host","USB","35","00002a0000000000","URB_INTERRUPT in"
"20519","1311.188819","1.1.1","host","USB","35","0000000000000000","URB_INTERRUPT in"
"20521","1311.236826","1.1.1","host","USB","35","0000160000000000","URB_INTERRUPT in"
"20523","1311.300834","1.1.1","host","USB","35","0000000000000000","URB_INTERRUPT in"
"20525","1311.340835","1.1.1","host","USB","35","0000180000000000","URB_INTERRUPT in"
"20527","1311.396849","1.1.1","host","USB","35","0000180500000000","URB_INTERRUPT in"
"20529","1311.420849","1.1.1","host","USB","35","0000050000000000","URB_INTERRUPT in"
"20531","1311.468853","1.1.1","host","USB","35","0000000000000000","URB_INTERRUPT in"
"20533","1311.564854","1.1.1","host","USB","35","00000d0000000000","URB_INTERRUPT in"
"20535","1311.620873","1.1.1","host","USB","35","00000d0800000000","URB_INTERRUPT in"
"20537","1311.644868","1.1.1","host","USB","35","0000080000000000","URB_INTERRUPT in"
"20539","1311.708878","1.1.1","host","USB","35","0000080600000000","URB_INTERRUPT in"
"20541","1311.756883","1.1.1","host","USB","35","0000060000000000","URB_INTERRUPT in"
"20543","1311.804877","1.1.1","host","USB","35","0000000000000000","URB_INTERRUPT in"
"20545","1311.924902","1.1.1","host","USB","35","0000170000000000","URB_INTERRUPT in"
"20547","1311.988912","1.1.1","host","USB","35","0000000000000000","URB_INTERRUPT in"
"20549","1312.076921","1.1.1","host","USB","35","00002c0000000000","URB_INTERRUPT in"
"20551","1312.196919","1.1.1","host","USB","35","0000000000000000","URB_INTERRUPT in"
"20553","1312.580961","1.1.1","host","USB","35","0200000000000000","URB_INTERRUPT in"
"20555","1312.676970","1.1.1","host","USB","35","02000c0000000000","URB_INTERRUPT in"
"20557","1312.740979","1.1.1","host","USB","35","0200000000000000","URB_INTERRUPT in"
"20559","1312.772995","1.1.1","host","USB","35","0000000000000000","URB_INTERRUPT in"
"20561","1312.828985","1.1.1","host","USB","35","00002c0000000000","URB_INTERRUPT in"
"20563","1312.908996","1.1.1","host","USB","35","0000000000000000","URB_INTERRUPT in"
"20565","1312.989006","1.1.1","host","USB","35","0000110000000000","URB_INTERRUPT in"
"20567","1313.061010","1.1.1","host","USB","35","0000110800000000","URB_INTERRUPT in"
"20569","1313.069020","1.1.1","host","USB","35","0000080000000000","URB_INTERRUPT in"
"20571","1313.165022","1.1.1","host","USB","35","0000000000000000","URB_INTERRUPT in"
"20573","1313.197027","1.1.1","host","USB","35","0000190000000000","URB_INTERRUPT in"
"20575","1313.245035","1.1.1","host","USB","35","0000000000000000","URB_INTERRUPT in"
"20577","1313.261031","1.1.1","host","USB","35","0000080000000000","URB_INTERRUPT in"
"20579","1313.381049","1.1.1","host","USB","35","0000000000000000","URB_INTERRUPT in"
"20581","1313.493065","1.1.1","host","USB","35","0000150000000000","URB_INTERRUPT in"
"20583","1313.589074","1.1.1","host","USB","35","0000000000000000","URB_INTERRUPT in"
"20585","1313.645085","1.1.1","host","USB","35","00002c0000000000","URB_INTERRUPT in"
"20587","1313.757101","1.1.1","host","USB","35","0000000000000000","URB_INTERRUPT in"
"20589","1313.885116","1.1.1","host","USB","35","00000c0000000000","URB_INTERRUPT in"
"20591","1313.957116","1.1.1","host","USB","35","00000c1100000000","URB_INTERRUPT in"
"20593","1313.981122","1.1.1","host","USB","35","0000110000000000","URB_INTERRUPT in"
"20595","1314.029123","1.1.1","host","USB","35","0000000000000000","URB_INTERRUPT in"
"20597","1314.045120","1.1.1","host","USB","35","0000170000000000","URB_INTERRUPT in"
"20599","1314.125131","1.1.1","host","USB","35","0000000000000000","URB_INTERRUPT in"
"20601","1314.157134","1.1.1","host","USB","35","0000080000000000","URB_INTERRUPT in"
"20603","1314.253157","1.1.1","host","USB","35","0000081500000000","URB_INTERRUPT in"
"20605","1314.285148","1.1.1","host","USB","35","0000150000000000","URB_INTERRUPT in"
"20607","1314.349155","1.1.1","host","USB","35","0000000000000000","URB_INTERRUPT in"
"20609","1314.861203","1.1.1","host","USB","35","00002a0000000000","URB_INTERRUPT in"
"20611","1314.941217","1.1.1","host","USB","35","0000000000000000","URB_INTERRUPT in"
"20613","1315.053240","1.1.1","host","USB","35","0000110000000000","URB_INTERRUPT in"
"20615","1315.117231","1.1.1","host","USB","35","0000000000000000","URB_INTERRUPT in"
"20617","1315.149234","1.1.1","host","USB","35","0000070000000000","URB_INTERRUPT in"
"20619","1315.237244","1.1.1","host","USB","35","0000000000000000","URB_INTERRUPT in"
"20621","1315.245242","1.1.1","host","USB","35","0000080000000000","URB_INTERRUPT in"
"20623","1315.325262","1.1.1","host","USB","35","0000000000000000","URB_INTERRUPT in"
"20625","1315.365265","1.1.1","host","USB","35","0000070000000000","URB_INTERRUPT in"
"20627","1315.429263","1.1.1","host","USB","35","0000000000000000","URB_INTERRUPT in"
"20629","1315.461266","1.1.1","host","USB","35","00002c0000000000","URB_INTERRUPT in"
"20631","1315.541288","1.1.1","host","USB","35","0000000000000000","URB_INTERRUPT in"
"20633","1315.581293","1.1.1","host","USB","35","0000170000000000","URB_INTERRUPT in"
"20635","1315.653300","1.1.1","host","USB","35","0000000000000000","URB_INTERRUPT in"
"20637","1315.661294","1.1.1","host","USB","35","0000120000000000","URB_INTERRUPT in"
"20639","1315.725299","1.1.1","host","USB","35","0000000000000000","URB_INTERRUPT in"
"20641","1315.797317","1.1.1","host","USB","35","00002c0000000000","URB_INTERRUPT in"
"20643","1315.893330","1.1.1","host","USB","35","0000000000000000","URB_INTERRUPT in"
"20645","1315.901319","1.1.1","host","USB","35","0000070000000000","URB_INTERRUPT in"
"20647","1315.981339","1.1.1","host","USB","35","0000000000000000","URB_INTERRUPT in"
"20649","1315.997335","1.1.1","host","USB","35","0000080000000000","URB_INTERRUPT in"
"20651","1316.077340","1.1.1","host","USB","35","0000000000000000","URB_INTERRUPT in"
"20653","1316.173351","1.1.1","host","USB","35","00000f0000000000","URB_INTERRUPT in"
"20655","1316.253358","1.1.1","host","USB","35","0000000000000000","URB_INTERRUPT in"
"20657","1316.309370","1.1.1","host","USB","35","0000190000000000","URB_INTERRUPT in"
"20659","1316.365378","1.1.1","host","USB","35","0000190800000000","URB_INTERRUPT in"
"20661","1316.397380","1.1.1","host","USB","35","0000080000000000","URB_INTERRUPT in"
"20663","1316.445380","1.1.1","host","USB","35","0000000000000000","URB_INTERRUPT in"
"20665","1316.461372","1.1.1","host","USB","35","00002c0000000000","URB_INTERRUPT in"
"20667","1316.533390","1.1.1","host","USB","35","0000000000000000","URB_INTERRUPT in"
"20669","1316.613402","1.1.1","host","USB","35","00000c0000000000","URB_INTERRUPT in"
"20671","1316.693410","1.1.1","host","USB","35","00000c1100000000","URB_INTERRUPT in"
"20673","1316.717406","1.1.1","host","USB","35","0000110000000000","URB_INTERRUPT in"
"20675","1316.757416","1.1.1","host","USB","35","0000111700000000","URB_INTERRUPT in"
"20677","1316.765411","1.1.1","host","USB","35","0000170000000000","URB_INTERRUPT in"
"20679","1316.829423","1.1.1","host","USB","35","0000000000000000","URB_INTERRUPT in"
"20681","1316.853419","1.1.1","host","USB","35","0000120000000000","URB_INTERRUPT in"
"20683","1316.917435","1.1.1","host","USB","35","0000000000000000","URB_INTERRUPT in"
"20685","1317.069452","1.1.1","host","USB","35","0000360000000000","URB_INTERRUPT in"
"20687","1317.133451","1.1.1","host","USB","35","0000362c00000000","URB_INTERRUPT in"
"20689","1317.149460","1.1.1","host","USB","35","00002c0000000000","URB_INTERRUPT in"
"20691","1317.221473","1.1.1","host","USB","35","0000000000000000","URB_INTERRUPT in"
"20693","1317.245458","1.1.1","host","USB","35","0200000000000000","URB_INTERRUPT in"
"20695","1317.317479","1.1.1","host","USB","35","02000c0000000000","URB_INTERRUPT in"
"20697","1317.381475","1.1.1","host","USB","35","0200000000000000","URB_INTERRUPT in"
"20699","1317.421481","1.1.1","host","USB","35","0000000000000000","URB_INTERRUPT in"
"20701","1317.469483","1.1.1","host","USB","35","00002c0000000000","URB_INTERRUPT in"
"20703","1317.557496","1.1.1","host","USB","35","0000000000000000","URB_INTERRUPT in"
"20705","1317.573494","1.1.1","host","USB","35","0000060000000000","URB_INTERRUPT in"
"20707","1317.645514","1.1.1","host","USB","35","0000060400000000","URB_INTERRUPT in"
"20709","1317.653510","1.1.1","host","USB","35","0000060411000000","URB_INTERRUPT in"
"20711","1317.677503","1.1.1","host","USB","35","0000041100000000","URB_INTERRUPT in"
"20713","1317.725508","1.1.1","host","USB","35","0000040000000000","URB_INTERRUPT in"
"20715","1317.749508","1.1.1","host","USB","35","0000000000000000","URB_INTERRUPT in"
"20717","1317.829527","1.1.1","host","USB","35","0000340000000000","URB_INTERRUPT in"
"20719","1317.925530","1.1.1","host","USB","35","0000000000000000","URB_INTERRUPT in"
"20721","1317.981536","1.1.1","host","USB","35","0000170000000000","URB_INTERRUPT in"
"20723","1318.045550","1.1.1","host","USB","35","0000000000000000","URB_INTERRUPT in"
"20725","1318.077545","1.1.1","host","USB","35","00002c0000000000","URB_INTERRUPT in"
"20727","1318.157552","1.1.1","host","USB","35","0000000000000000","URB_INTERRUPT in"
"20729","1318.477587","1.1.1","host","USB","35","0000060000000000","URB_INTERRUPT in"
"20731","1318.501593","1.1.1","host","USB","35","0000000000000000","URB_INTERRUPT in"
"20733","1318.797630","1.1.1","host","USB","35","00002a0000000000","URB_INTERRUPT in"
"20735","1318.853634","1.1.1","host","USB","35","00002a1600000000","URB_INTERRUPT in"
"20737","1318.861635","1.1.1","host","USB","35","0000160000000000","URB_INTERRUPT in"
"20739","1318.925649","1.1.1","host","USB","35","0000000000000000","URB_INTERRUPT in"
"20741","1319.021657","1.1.1","host","USB","35","00000b0000000000","URB_INTERRUPT in"
"20743","1319.077665","1.1.1","host","USB","35","00000b0400000000","URB_INTERRUPT in"
"20745","1319.085656","1.1.1","host","USB","35","0000040000000000","URB_INTERRUPT in"
"20747","1319.157675","1.1.1","host","USB","35","0000000000000000","URB_INTERRUPT in"
"20749","1319.205679","1.1.1","host","USB","35","00000e0000000000","URB_INTERRUPT in"
"20751","1319.293682","1.1.1","host","USB","35","0000000000000000","URB_INTERRUPT in"
"20753","1319.301680","1.1.1","host","USB","35","0000080000000000","URB_INTERRUPT in"
"20755","1319.365698","1.1.1","host","USB","35","0000000000000000","URB_INTERRUPT in"
"20757","1319.405692","1.1.1","host","USB","35","00002c0000000000","URB_INTERRUPT in"
"20759","1319.477706","1.1.1","host","USB","35","0000000000000000","URB_INTERRUPT in"
"20761","1319.517701","1.1.1","host","USB","35","0000170000000000","URB_INTERRUPT in"
"20763","1319.589720","1.1.1","host","USB","35","0000000000000000","URB_INTERRUPT in"
"20765","1319.605705","1.1.1","host","USB","35","00000b0000000000","URB_INTERRUPT in"
"20767","1319.661718","1.1.1","host","USB","35","00000b0800000000","URB_INTERRUPT in"
"20769","1319.677728","1.1.1","host","USB","35","0000080000000000","URB_INTERRUPT in"
"20771","1319.733722","1.1.1","host","USB","35","0000000000000000","URB_INTERRUPT in"
"20773","1319.765734","1.1.1","host","USB","35","00002c0000000000","URB_INTERRUPT in"
"20775","1319.845747","1.1.1","host","USB","35","0000000000000000","URB_INTERRUPT in"
"20777","1319.933743","1.1.1","host","USB","35","0000070000000000","URB_INTERRUPT in"
"20779","1320.029763","1.1.1","host","USB","35","0000000000000000","URB_INTERRUPT in"
"20781","1320.269778","1.1.1","host","USB","35","0000080000000000","URB_INTERRUPT in"
"20783","1320.333787","1.1.1","host","USB","35","0000000000000000","URB_INTERRUPT in"
"20785","1320.437803","1.1.1","host","USB","35","0000080000000000","URB_INTERRUPT in"
"20787","1320.509803","1.1.1","host","USB","35","0000000000000000","URB_INTERRUPT in"
"20789","1320.525803","1.1.1","host","USB","35","00000f0000000000","URB_INTERRUPT in"
"20791","1320.597812","1.1.1","host","USB","35","0000000000000000","URB_INTERRUPT in"
"20793","1320.717824","1.1.1","host","USB","35","00000c0000000000","URB_INTERRUPT in"
"20795","1320.861847","1.1.1","host","USB","35","00000c1100000000","URB_INTERRUPT in"
"20797","1320.901847","1.1.1","host","USB","35","0000110000000000","URB_INTERRUPT in"
"20799","1320.973850","1.1.1","host","USB","35","0000000000000000","URB_INTERRUPT in"
"20801","1321.013870","1.1.1","host","USB","35","00000a0000000000","URB_INTERRUPT in"
"20803","1321.077870","1.1.1","host","USB","35","0000000000000000","URB_INTERRUPT in"
"20805","1321.101878","1.1.1","host","USB","35","00002c0000000000","URB_INTERRUPT in"
"20807","1321.197891","1.1.1","host","USB","35","0000000000000000","URB_INTERRUPT in"
"20809","1321.277901","1.1.1","host","USB","35","0000170000000000","URB_INTERRUPT in"
"20811","1321.349906","1.1.1","host","USB","35","0000000000000000","URB_INTERRUPT in"
"20813","1321.397911","1.1.1","host","USB","35","00000b0000000000","URB_INTERRUPT in"
"20815","1321.453917","1.1.1","host","USB","35","00000b0400000000","URB_INTERRUPT in"
"20817","1321.477912","1.1.1","host","USB","35","0000040000000000","URB_INTERRUPT in"
"20819","1321.525922","1.1.1","host","USB","35","0000041700000000","URB_INTERRUPT in"
"20821","1321.533916","1.1.1","host","USB","35","0000170000000000","URB_INTERRUPT in"
"20823","1321.597928","1.1.1","host","USB","35","0000000000000000","URB_INTERRUPT in"
"20825","1321.605923","1.1.1","host","USB","35","00002c0000000000","URB_INTERRUPT in"
"20827","1321.685943","1.1.1","host","USB","35","0000000000000000","URB_INTERRUPT in"
"20829","1321.797945","1.1.1","host","USB","35","0000160000000000","URB_INTERRUPT in"
"20831","1321.845952","1.1.1","host","USB","35","0000000000000000","URB_INTERRUPT in"
"20833","1321.853953","1.1.1","host","USB","35","0000120000000000","URB_INTERRUPT in"
"20835","1321.925969","1.1.1","host","USB","35","0000121000000000","URB_INTERRUPT in"
"20837","1321.949964","1.1.1","host","USB","35","0000100000000000","URB_INTERRUPT in"
"20839","1321.989966","1.1.1","host","USB","35","0000100800000000","URB_INTERRUPT in"
"20841","1322.021978","1.1.1","host","USB","35","0000080000000000","URB_INTERRUPT in"
"20843","1322.069967","1.1.1","host","USB","35","0000000000000000","URB_INTERRUPT in"
"20845","1322.181997","1.1.1","host","USB","35","0000170000000000","URB_INTERRUPT in"
"20847","1322.254002","1.1.1","host","USB","35","0000000000000000","URB_INTERRUPT in"
"20849","1322.285994","1.1.1","host","USB","35","00000b0000000000","URB_INTERRUPT in"
"20851","1322.390019","1.1.1","host","USB","35","0000000000000000","URB_INTERRUPT in"
"20853","1322.446014","1.1.1","host","USB","35","00000c0000000000","URB_INTERRUPT in"
"20855","1322.510023","1.1.1","host","USB","35","00000c1100000000","URB_INTERRUPT in"
"20857","1322.542026","1.1.1","host","USB","35","0000110000000000","URB_INTERRUPT in"
"20859","1322.590034","1.1.1","host","USB","35","0000000000000000","URB_INTERRUPT in"
"20861","1322.622036","1.1.1","host","USB","35","00000a0000000000","URB_INTERRUPT in"
"20863","1322.686047","1.1.1","host","USB","35","0000000000000000","URB_INTERRUPT in"
"20865","1322.726047","1.1.1","host","USB","35","00002c0000000000","URB_INTERRUPT in"
"20867","1322.854058","1.1.1","host","USB","35","0000000000000000","URB_INTERRUPT in"
"20869","1323.790150","1.1.1","host","USB","35","00000b0000000000","URB_INTERRUPT in"
"20871","1323.854164","1.1.1","host","USB","35","0000000000000000","URB_INTERRUPT in"
"20873","1323.910162","1.1.1","host","USB","35","0000040000000000","URB_INTERRUPT in"
"20875","1323.998172","1.1.1","host","USB","35","0000041600000000","URB_INTERRUPT in"
"20877","1324.038179","1.1.1","host","USB","35","0000160000000000","URB_INTERRUPT in"
"20879","1324.086187","1.1.1","host","USB","35","0000000000000000","URB_INTERRUPT in"
"20881","1324.142187","1.1.1","host","USB","35","00002c0000000000","URB_INTERRUPT in"
"20883","1324.222197","1.1.1","host","USB","35","0000000000000000","URB_INTERRUPT in"
"20885","1324.638267","1.1.1","host","USB","35","0000160000000000","URB_INTERRUPT in"
"20887","1324.710265","1.1.1","host","USB","35","0000160b00000000","URB_INTERRUPT in"
"20889","1324.718259","1.1.1","host","USB","35","00000b0000000000","URB_INTERRUPT in"
"20891","1324.806274","1.1.1","host","USB","35","0000000000000000","URB_INTERRUPT in"
"20893","1324.838261","1.1.1","host","USB","35","00000c0000000000","URB_INTERRUPT in"
"20895","1324.910277","1.1.1","host","USB","35","0000000000000000","URB_INTERRUPT in"
"20897","1324.918277","1.1.1","host","USB","35","0000090000000000","URB_INTERRUPT in"
"20899","1324.990294","1.1.1","host","USB","35","0000000000000000","URB_INTERRUPT in"
"20901","1325.102296","1.1.1","host","USB","35","0000170000000000","URB_INTERRUPT in"
"20903","1325.182304","1.1.1","host","USB","35","0000000000000000","URB_INTERRUPT in"
"20905","1325.502333","1.1.1","host","USB","35","0000080000000000","URB_INTERRUPT in"
"20907","1325.558339","1.1.1","host","USB","35","0000000000000000","URB_INTERRUPT in"
"20909","1325.646345","1.1.1","host","USB","35","0000070000000000","URB_INTERRUPT in"
"20911","1325.734358","1.1.1","host","USB","35","0000000000000000","URB_INTERRUPT in"
"20913","1325.758358","1.1.1","host","USB","35","00002c0000000000","URB_INTERRUPT in"
"20915","1325.846370","1.1.1","host","USB","35","0000000000000000","URB_INTERRUPT in"
"20917","1326.150409","1.1.1","host","USB","35","00000c0000000000","URB_INTERRUPT in"
"20919","1326.198415","1.1.1","host","USB","35","00000c1100000000","URB_INTERRUPT in"
"20921","1326.230420","1.1.1","host","USB","35","0000110000000000","URB_INTERRUPT in"
"20923","1326.270413","1.1.1","host","USB","35","0000000000000000","URB_INTERRUPT in"
"20925","1326.342430","1.1.1","host","USB","35","00002c0000000000","URB_INTERRUPT in"
"20927","1326.422429","1.1.1","host","USB","35","0000000000000000","URB_INTERRUPT in"
"20929","1326.510452","1.1.1","host","USB","35","0000100000000000","URB_INTERRUPT in"
"20931","1326.582452","1.1.1","host","USB","35","0000101c00000000","URB_INTERRUPT in"
"20933","1326.590454","1.1.1","host","USB","35","00001c0000000000","URB_INTERRUPT in"
"20935","1326.670459","1.1.1","host","USB","35","0000000000000000","URB_INTERRUPT in"
"20937","1326.710477","1.1.1","host","USB","35","00002c0000000000","URB_INTERRUPT in"
"20939","1326.806481","1.1.1","host","USB","35","0000000000000000","URB_INTERRUPT in"
"20941","1327.526569","1.1.1","host","USB","35","0000180000000000","URB_INTERRUPT in"
"20943","1327.574567","1.1.1","host","USB","35","0000181100000000","URB_INTERRUPT in"
"20945","1327.590568","1.1.1","host","USB","35","0000110000000000","URB_INTERRUPT in"
"20947","1327.638567","1.1.1","host","USB","35","0000110700000000","URB_INTERRUPT in"
"20949","1327.646566","1.1.1","host","USB","35","0000070000000000","URB_INTERRUPT in"
"20951","1327.710577","1.1.1","host","USB","35","0000000000000000","URB_INTERRUPT in"
"20953","1327.742584","1.1.1","host","USB","35","0000080000000000","URB_INTERRUPT in"
"20955","1327.798580","1.1.1","host","USB","35","0000000000000000","URB_INTERRUPT in"
"20957","1328.150628","1.1.1","host","USB","35","0000150000000000","URB_INTERRUPT in"
"20959","1328.254641","1.1.1","host","USB","35","0000000000000000","URB_INTERRUPT in"
"20961","1328.342640","1.1.1","host","USB","35","0000160000000000","URB_INTERRUPT in"
"20963","1328.478663","1.1.1","host","USB","35","0000161700000000","URB_INTERRUPT in"
"20965","1328.494657","1.1.1","host","USB","35","0000170000000000","URB_INTERRUPT in"
"20967","1328.558663","1.1.1","host","USB","35","0000000000000000","URB_INTERRUPT in"
"20969","1328.654673","1.1.1","host","USB","35","0000040000000000","URB_INTERRUPT in"
"20971","1328.734676","1.1.1","host","USB","35","0000110000000000","URB_INTERRUPT in"
"20973","1328.822686","1.1.1","host","USB","35","0000000000000000","URB_INTERRUPT in"
"20975","1328.862687","1.1.1","host","USB","35","0000070000000000","URB_INTERRUPT in"
"20977","1328.942697","1.1.1","host","USB","35","0000000000000000","URB_INTERRUPT in"
"20979","1330.270845","1.1.1","host","USB","35","00000c0000000000","URB_INTERRUPT in"
"20981","1330.342862","1.1.1","host","USB","35","00000c1100000000","URB_INTERRUPT in"
"20983","1330.382858","1.1.1","host","USB","35","0000110000000000","URB_INTERRUPT in"
"20985","1330.390862","1.1.1","host","USB","35","0000110a00000000","URB_INTERRUPT in"
"20987","1330.406868","1.1.1","host","USB","35","00000a0000000000","URB_INTERRUPT in"
"20989","1330.494866","1.1.1","host","USB","35","00000a2c00000000","URB_INTERRUPT in"
"20991","1330.502878","1.1.1","host","USB","35","00002c0000000000","URB_INTERRUPT in"
"20993","1330.582879","1.1.1","host","USB","35","0000000000000000","URB_INTERRUPT in"
"20995","1330.654882","1.1.1","host","USB","35","0000120000000000","URB_INTERRUPT in"
"20997","1330.750906","1.1.1","host","USB","35","0000000000000000","URB_INTERRUPT in"
"20999","1330.782894","1.1.1","host","USB","35","0000090000000000","URB_INTERRUPT in"
"21001","1330.854901","1.1.1","host","USB","35","0000000000000000","URB_INTERRUPT in"
"21003","1330.862898","1.1.1","host","USB","35","00002c0000000000","URB_INTERRUPT in"
"21005","1330.934908","1.1.1","host","USB","35","0000000000000000","URB_INTERRUPT in"
"21007","1333.543194","1.1.1","host","USB","35","0000170000000000","URB_INTERRUPT in"
"21009","1333.623198","1.1.1","host","USB","35","0000000000000000","URB_INTERRUPT in"
"21011","1333.639203","1.1.1","host","USB","35","00000b0000000000","URB_INTERRUPT in"
"21013","1333.695214","1.1.1","host","USB","35","0000000000000000","URB_INTERRUPT in"
"21015","1333.719210","1.1.1","host","USB","35","0000080000000000","URB_INTERRUPT in"
"21017","1333.807224","1.1.1","host","USB","35","0000000000000000","URB_INTERRUPT in"
"21019","1333.831230","1.1.1","host","USB","35","00002c0000000000","URB_INTERRUPT in"
"21021","1333.911233","1.1.1","host","USB","35","0000000000000000","URB_INTERRUPT in"
"21023","1333.975237","1.1.1","host","USB","35","0000040000000000","URB_INTERRUPT in"
"21025","1334.055246","1.1.1","host","USB","35","0000000000000000","URB_INTERRUPT in"
"21027","1334.071250","1.1.1","host","USB","35","0000110000000000","URB_INTERRUPT in"
"21029","1334.175254","1.1.1","host","USB","35","0000000000000000","URB_INTERRUPT in"
"21031","1334.247260","1.1.1","host","USB","35","00000c0000000000","URB_INTERRUPT in"
"21033","1334.327269","1.1.1","host","USB","35","00000c1000000000","URB_INTERRUPT in"
"21035","1334.375279","1.1.1","host","USB","35","0000100000000000","URB_INTERRUPT in"
"21037","1334.431279","1.1.1","host","USB","35","0000000000000000","URB_INTERRUPT in"
"21039","1334.463283","1.1.1","host","USB","35","0000040000000000","URB_INTERRUPT in"
"21041","1334.559301","1.1.1","host","USB","35","0000000000000000","URB_INTERRUPT in"
"21043","1334.575298","1.1.1","host","USB","35","00000f0000000000","URB_INTERRUPT in"
"21045","1334.631303","1.1.1","host","USB","35","0000000000000000","URB_INTERRUPT in"
"21047","1334.711311","1.1.1","host","USB","35","00002c0000000000","URB_INTERRUPT in"
"21049","1334.799323","1.1.1","host","USB","35","0000000000000000","URB_INTERRUPT in"
"21051","1334.871334","1.1.1","host","USB","35","00000e0000000000","URB_INTERRUPT in"
"21053","1334.943334","1.1.1","host","USB","35","0000000000000000","URB_INTERRUPT in"
"21055","1335.047344","1.1.1","host","USB","35","00000c0000000000","URB_INTERRUPT in"
"21057","1335.095365","1.1.1","host","USB","35","00000c1100000000","URB_INTERRUPT in"
"21059","1335.143357","1.1.1","host","USB","35","0000110000000000","URB_INTERRUPT in"
"21061","1335.175362","1.1.1","host","USB","35","0000000000000000","URB_INTERRUPT in"
"21063","1335.183364","1.1.1","host","USB","35","00000a0000000000","URB_INTERRUPT in"
"21065","1335.271370","1.1.1","host","USB","35","00000a1600000000","URB_INTERRUPT in"
"21067","1335.295376","1.1.1","host","USB","35","0000160000000000","URB_INTERRUPT in"
"21069","1335.327387","1.1.1","host","USB","35","0000000000000000","URB_INTERRUPT in"
"21071","1336.087464","1.1.1","host","USB","35","00002a0000000000","URB_INTERRUPT in"
"21073","1336.135476","1.1.1","host","USB","35","0000000000000000","URB_INTERRUPT in"
"21075","1336.159464","1.1.1","host","USB","35","0000070000000000","URB_INTERRUPT in"
"21077","1336.239488","1.1.1","host","USB","35","0000000000000000","URB_INTERRUPT in"
"21079","1336.263480","1.1.1","host","USB","35","0000120000000000","URB_INTERRUPT in"
"21081","1336.343499","1.1.1","host","USB","35","0000121000000000","URB_INTERRUPT in"
"21083","1336.375488","1.1.1","host","USB","35","0000100000000000","URB_INTERRUPT in"
"21085","1336.439496","1.1.1","host","USB","35","0000000000000000","URB_INTERRUPT in"
"21087","1336.631512","1.1.1","host","USB","35","0000360000000000","URB_INTERRUPT in"
"21089","1336.647529","1.1.1","host","USB","35","0000362c00000000","URB_INTERRUPT in"
"21091","1336.711527","1.1.1","host","USB","35","00002c0000000000","URB_INTERRUPT in"
"21093","1336.767528","1.1.1","host","USB","35","0000000000000000","URB_INTERRUPT in"
"21095","1336.959550","1.1.1","host","USB","35","0000110000000000","URB_INTERRUPT in"
"21097","1337.007555","1.1.1","host","USB","35","0000000000000000","URB_INTERRUPT in"
"21099","1337.023563","1.1.1","host","USB","35","0000040000000000","URB_INTERRUPT in"
"21101","1337.103566","1.1.1","host","USB","35","0000000000000000","URB_INTERRUPT in"
"21103","1337.231580","1.1.1","host","USB","35","0000170000000000","URB_INTERRUPT in"
"21105","1337.319591","1.1.1","host","USB","35","0000000000000000","URB_INTERRUPT in"
"21107","1337.335587","1.1.1","host","USB","35","0000180000000000","URB_INTERRUPT in"
"21109","1337.407596","1.1.1","host","USB","35","0000000000000000","URB_INTERRUPT in"
"21111","1337.415595","1.1.1","host","USB","35","0000150000000000","URB_INTERRUPT in"
"21113","1337.487616","1.1.1","host","USB","35","0000150800000000","URB_INTERRUPT in"
"21115","1337.527623","1.1.1","host","USB","35","0000080000000000","URB_INTERRUPT in"
"21117","1337.551624","1.1.1","host","USB","35","0000000000000000","URB_INTERRUPT in"
"21119","1337.671644","1.1.1","host","USB","35","0000360000000000","URB_INTERRUPT in"
"21121","1337.703639","1.1.1","host","USB","35","0000362c00000000","URB_INTERRUPT in"
"21123","1337.751648","1.1.1","host","USB","35","00002c0000000000","URB_INTERRUPT in"
"21125","1337.807642","1.1.1","host","USB","35","0000000000000000","URB_INTERRUPT in"
"21127","1337.879660","1.1.1","host","USB","35","0000040000000000","URB_INTERRUPT in"
"21129","1337.935667","1.1.1","host","USB","35","0000041100000000","URB_INTERRUPT in"
"21131","1337.951661","1.1.1","host","USB","35","0000110000000000","URB_INTERRUPT in"
"21133","1338.023673","1.1.1","host","USB","35","0000000000000000","URB_INTERRUPT in"
"21135","1338.055676","1.1.1","host","USB","35","0000070000000000","URB_INTERRUPT in"
"21137","1338.119684","1.1.1","host","USB","35","0000072c00000000","URB_INTERRUPT in"
"21139","1338.143690","1.1.1","host","USB","35","00002c0000000000","URB_INTERRUPT in"
"21141","1338.207686","1.1.1","host","USB","35","0000000000000000","URB_INTERRUPT in"
"21143","1338.335701","1.1.1","host","USB","35","00000f0000000000","URB_INTERRUPT in"
"21145","1338.391708","1.1.1","host","USB","35","0000000000000000","URB_INTERRUPT in"
"21147","1338.503728","1.1.1","host","USB","35","00000c0000000000","URB_INTERRUPT in"
"21149","1338.543732","1.1.1","host","USB","35","0000000000000000","URB_INTERRUPT in"
"21151","1338.551720","1.1.1","host","USB","35","0000090000000000","URB_INTERRUPT in"
"21153","1338.639741","1.1.1","host","USB","35","0000090800000000","URB_INTERRUPT in"
"21155","1338.663737","1.1.1","host","USB","35","0000080000000000","URB_INTERRUPT in"
"21157","1338.695737","1.1.1","host","USB","35","0000000000000000","URB_INTERRUPT in"
"21159","1338.735753","1.1.1","host","USB","35","0000370000000000","URB_INTERRUPT in"
"21161","1338.799756","1.1.1","host","USB","35","0000000000000000","URB_INTERRUPT in"
"21163","1338.999779","1.1.1","host","USB","35","0000280000000000","URB_INTERRUPT in"
"21165","1339.055777","1.1.1","host","USB","35","0000000000000000","URB_INTERRUPT in"
"21167","1339.119793","1.1.1","host","USB","35","0000280000000000","URB_INTERRUPT in"
"21169","1339.191793","1.1.1","host","USB","35","0000000000000000","URB_INTERRUPT in"
"21171","1339.655865","1.1.1","host","USB","35","0200000000000000","URB_INTERRUPT in"
"21173","1339.799854","1.1.1","host","USB","35","0200160000000000","URB_INTERRUPT in"
"21175","1339.887858","1.1.1","host","USB","35","0000160000000000","URB_INTERRUPT in"
"21177","1339.895860","1.1.1","host","USB","35","0000000000000000","URB_INTERRUPT in"
"21179","1339.935863","1.1.1","host","USB","35","0000120000000000","URB_INTERRUPT in"
"21181","1339.991870","1.1.1","host","USB","35","0000000000000000","URB_INTERRUPT in"
"21183","1340.095880","1.1.1","host","USB","35","00002c0000000000","URB_INTERRUPT in"
"21185","1340.175890","1.1.1","host","USB","35","0000000000000000","URB_INTERRUPT in"
"21187","1340.207891","1.1.1","host","USB","35","0000170000000000","URB_INTERRUPT in"
"21189","1340.279903","1.1.1","host","USB","35","0000000000000000","URB_INTERRUPT in"
"21191","1340.295901","1.1.1","host","USB","35","00000b0000000000","URB_INTERRUPT in"
"21193","1340.351909","1.1.1","host","USB","35","0000000000000000","URB_INTERRUPT in"
"21195","1340.359915","1.1.1","host","USB","35","0000080000000000","URB_INTERRUPT in"
"21197","1340.439919","1.1.1","host","USB","35","0000000000000000","URB_INTERRUPT in"
"21199","1340.479939","1.1.1","host","USB","35","00002c0000000000","URB_INTERRUPT in"
"21201","1340.583935","1.1.1","host","USB","35","0000000000000000","URB_INTERRUPT in"
"21203","1341.536044","1.1.1","host","USB","35","0000110000000000","URB_INTERRUPT in"
"21205","1341.616058","1.1.1","host","USB","35","0000000000000000","URB_INTERRUPT in"
"21207","1341.664056","1.1.1","host","USB","35","0000080000000000","URB_INTERRUPT in"
"21209","1341.720070","1.1.1","host","USB","35","0000000000000000","URB_INTERRUPT in"
"21211","1341.984081","1.1.1","host","USB","35","00001b0000000000","URB_INTERRUPT in"
"21213","1342.064089","1.1.1","host","USB","35","0000000000000000","URB_INTERRUPT in"
"21215","1342.152101","1.1.1","host","USB","35","0000170000000000","URB_INTERRUPT in"
"21217","1342.232110","1.1.1","host","USB","35","0000000000000000","URB_INTERRUPT in"
"21219","1342.248123","1.1.1","host","USB","35","00002c0000000000","URB_INTERRUPT in"
"21221","1342.320127","1.1.1","host","USB","35","0000000000000000","URB_INTERRUPT in"
"21223","1342.376121","1.1.1","host","USB","35","0000170000000000","URB_INTERRUPT in"
"21225","1342.464132","1.1.1","host","USB","35","0000000000000000","URB_INTERRUPT in"
"21227","1342.496140","1.1.1","host","USB","35","00000c0000000000","URB_INTERRUPT in"
"21229","1342.552143","1.1.1","host","USB","35","00000c1000000000","URB_INTERRUPT in"
"21231","1342.616148","1.1.1","host","USB","35","0000100000000000","URB_INTERRUPT in"
"21233","1342.656154","1.1.1","host","USB","35","0000000000000000","URB_INTERRUPT in"
"21235","1342.696159","1.1.1","host","USB","35","0000080000000000","URB_INTERRUPT in"
"21237","1342.760174","1.1.1","host","USB","35","0000000000000000","URB_INTERRUPT in"
"21239","1342.768173","1.1.1","host","USB","35","00002c0000000000","URB_INTERRUPT in"
"21241","1342.872176","1.1.1","host","USB","35","0000000000000000","URB_INTERRUPT in"
"21243","1343.360246","1.1.1","host","USB","35","00001c0000000000","URB_INTERRUPT in"
"21245","1343.472251","1.1.1","host","USB","35","0000000000000000","URB_INTERRUPT in"
"21247","1343.600270","1.1.1","host","USB","35","0000120000000000","URB_INTERRUPT in"
"21249","1343.680272","1.1.1","host","USB","35","0000121800000000","URB_INTERRUPT in"
"21251","1343.728280","1.1.1","host","USB","35","0000180000000000","URB_INTERRUPT in"
"21253","1343.776285","1.1.1","host","USB","35","0000000000000000","URB_INTERRUPT in"
"21255","1343.936304","1.1.1","host","USB","35","00002c0000000000","URB_INTERRUPT in"
"21257","1344.048319","1.1.1","host","USB","35","0000000000000000","URB_INTERRUPT in"
"21259","1350.849028","1.1.1","host","USB","35","0000160000000000","URB_INTERRUPT in"
"21261","1350.897037","1.1.1","host","USB","35","0000160800000000","URB_INTERRUPT in"
"21263","1350.921032","1.1.1","host","USB","35","0000080000000000","URB_INTERRUPT in"
"21265","1350.985037","1.1.1","host","USB","35","0000000000000000","URB_INTERRUPT in"
"21267","1351.065054","1.1.1","host","USB","35","0000080000000000","URB_INTERRUPT in"
"21269","1351.161056","1.1.1","host","USB","35","0000000000000000","URB_INTERRUPT in"
"21271","1351.169060","1.1.1","host","USB","35","00002c0000000000","URB_INTERRUPT in"
"21273","1351.257069","1.1.1","host","USB","35","0000000000000000","URB_INTERRUPT in"
"21275","1351.273070","1.1.1","host","USB","35","0000040000000000","URB_INTERRUPT in"
"21277","1351.337075","1.1.1","host","USB","35","0000000000000000","URB_INTERRUPT in"
"21279","1351.353077","1.1.1","host","USB","35","00002c0000000000","URB_INTERRUPT in"
"21281","1351.473096","1.1.1","host","USB","35","0000000000000000","URB_INTERRUPT in"
"21283","1351.649110","1.1.1","host","USB","35","0000180000000000","URB_INTERRUPT in"
"21285","1351.729122","1.1.1","host","USB","35","0000000000000000","URB_INTERRUPT in"
"21287","1352.009161","1.1.1","host","USB","35","00002a0000000000","URB_INTERRUPT in"
"21289","1352.081172","1.1.1","host","USB","35","0000000000000000","URB_INTERRUPT in"
"21291","1352.137175","1.1.1","host","USB","35","0000070000000000","URB_INTERRUPT in"
"21293","1352.225183","1.1.1","host","USB","35","0000000000000000","URB_INTERRUPT in"
"21295","1352.273187","1.1.1","host","USB","35","0000180000000000","URB_INTERRUPT in"
"21297","1352.337195","1.1.1","host","USB","35","0000000000000000","URB_INTERRUPT in"
"21299","1352.353198","1.1.1","host","USB","35","0000060000000000","URB_INTERRUPT in"
"21301","1352.441199","1.1.1","host","USB","35","0000000000000000","URB_INTERRUPT in"
"21303","1352.465208","1.1.1","host","USB","35","00000e0000000000","URB_INTERRUPT in"
"21305","1352.521215","1.1.1","host","USB","35","0000000000000000","URB_INTERRUPT in"
"21307","1352.665230","1.1.1","host","USB","35","00002c0000000000","URB_INTERRUPT in"
"21309","1352.761240","1.1.1","host","USB","35","0000000000000000","URB_INTERRUPT in"
"21311","1353.057261","1.1.1","host","USB","35","00000a0000000000","URB_INTERRUPT in"
"21313","1353.113265","1.1.1","host","USB","35","00000a0f00000000","URB_INTERRUPT in"
"21315","1353.121270","1.1.1","host","USB","35","00000f0000000000","URB_INTERRUPT in"
"21317","1353.185273","1.1.1","host","USB","35","0000000000000000","URB_INTERRUPT in"
"21319","1353.289280","1.1.1","host","USB","35","00000c0000000000","URB_INTERRUPT in"
"21321","1353.369291","1.1.1","host","USB","35","0000000000000000","URB_INTERRUPT in"
"21323","1353.377293","1.1.1","host","USB","35","0000070000000000","URB_INTERRUPT in"
"21325","1353.457303","1.1.1","host","USB","35","0000000000000000","URB_INTERRUPT in"
"21327","1353.489306","1.1.1","host","USB","35","00000c0000000000","URB_INTERRUPT in"
"21329","1353.537307","1.1.1","host","USB","35","00000c1100000000","URB_INTERRUPT in"
"21331","1353.577314","1.1.1","host","USB","35","0000110000000000","URB_INTERRUPT in"
"21333","1353.609334","1.1.1","host","USB","35","0000110a00000000","URB_INTERRUPT in"
"21335","1353.617315","1.1.1","host","USB","35","00000a0000000000","URB_INTERRUPT in"
"21337","1353.689327","1.1.1","host","USB","35","0000000000000000","URB_INTERRUPT in"
"21339","1353.705328","1.1.1","host","USB","35","00002c0000000000","URB_INTERRUPT in"
"21341","1353.809338","1.1.1","host","USB","35","0000000000000000","URB_INTERRUPT in"
"21343","1353.921349","1.1.1","host","USB","35","0000080000000000","URB_INTERRUPT in"
"21345","1353.985357","1.1.1","host","USB","35","0000000000000000","URB_INTERRUPT in"
"21347","1354.025362","1.1.1","host","USB","35","00000f0000000000","URB_INTERRUPT in"
"21349","1354.113376","1.1.1","host","USB","35","0000000000000000","URB_INTERRUPT in"
"21351","1354.121380","1.1.1","host","USB","35","0000080000000000","URB_INTERRUPT in"
"21353","1354.201393","1.1.1","host","USB","35","0000000000000000","URB_INTERRUPT in"
"21355","1354.353411","1.1.1","host","USB","35","00000a0000000000","URB_INTERRUPT in"
"21357","1354.441421","1.1.1","host","USB","35","0000000000000000","URB_INTERRUPT in"
"21359","1354.561431","1.1.1","host","USB","35","0000040000000000","URB_INTERRUPT in"
"21361","1354.633439","1.1.1","host","USB","35","0000000000000000","URB_INTERRUPT in"
"21363","1354.649435","1.1.1","host","USB","35","0000110000000000","URB_INTERRUPT in"
"21365","1354.729448","1.1.1","host","USB","35","0000000000000000","URB_INTERRUPT in"
"21367","1354.785448","1.1.1","host","USB","35","0000170000000000","URB_INTERRUPT in"
"21369","1354.873466","1.1.1","host","USB","35","0000000000000000","URB_INTERRUPT in"
"21371","1354.945466","1.1.1","host","USB","35","00000f0000000000","URB_INTERRUPT in"
"21373","1355.033485","1.1.1","host","USB","35","0000000000000000","URB_INTERRUPT in"
"21375","1355.049474","1.1.1","host","USB","35","00001c0000000000","URB_INTERRUPT in"
"21377","1355.121493","1.1.1","host","USB","35","0000000000000000","URB_INTERRUPT in"
"21379","1355.161499","1.1.1","host","USB","35","00002c0000000000","URB_INTERRUPT in"
"21381","1355.241497","1.1.1","host","USB","35","0000000000000000","URB_INTERRUPT in"
"21383","1355.433525","1.1.1","host","USB","35","0000040000000000","URB_INTERRUPT in"
"21385","1355.545536","1.1.1","host","USB","35","0000000000000000","URB_INTERRUPT in"
"21387","1355.601537","1.1.1","host","USB","35","0000060000000000","URB_INTERRUPT in"
"21389","1355.697556","1.1.1","host","USB","35","0000000000000000","URB_INTERRUPT in"
"21391","1355.929569","1.1.1","host","USB","35","0000150000000000","URB_INTERRUPT in"
"21393","1356.025589","1.1.1","host","USB","35","0000000000000000","URB_INTERRUPT in"
"21395","1356.081584","1.1.1","host","USB","35","0000120000000000","URB_INTERRUPT in"
"21397","1356.161589","1.1.1","host","USB","35","0000121600000000","URB_INTERRUPT in"
"21399","1356.169592","1.1.1","host","USB","35","0000160000000000","URB_INTERRUPT in"
"21401","1356.233594","1.1.1","host","USB","35","0000000000000000","URB_INTERRUPT in"
"21403","1356.313603","1.1.1","host","USB","35","0000160000000000","URB_INTERRUPT in"
"21405","1356.385610","1.1.1","host","USB","35","0000000000000000","URB_INTERRUPT in"
"21407","1356.401620","1.1.1","host","USB","35","00002c0000000000","URB_INTERRUPT in"
"21409","1356.489625","1.1.1","host","USB","35","0000000000000000","URB_INTERRUPT in"
"21411","1356.497623","1.1.1","host","USB","35","0000040000000000","URB_INTERRUPT in"
"21413","1356.585640","1.1.1","host","USB","35","0000000000000000","URB_INTERRUPT in"
"21415","1356.593632","1.1.1","host","USB","35","00002c0000000000","URB_INTERRUPT in"
"21417","1356.665641","1.1.1","host","USB","35","0000000000000000","URB_INTERRUPT in"
"21419","1356.745648","1.1.1","host","USB","35","00000f0000000000","URB_INTERRUPT in"
"21421","1356.801665","1.1.1","host","USB","35","0000000000000000","URB_INTERRUPT in"
"21423","1356.913672","1.1.1","host","USB","35","0000040000000000","URB_INTERRUPT in"
"21425","1356.985674","1.1.1","host","USB","35","0000040e00000000","URB_INTERRUPT in"
"21427","1356.993677","1.1.1","host","USB","35","00000e0000000000","URB_INTERRUPT in"
"21429","1357.065683","1.1.1","host","USB","35","0000000000000000","URB_INTERRUPT in"
"21431","1357.113688","1.1.1","host","USB","35","0000080000000000","URB_INTERRUPT in"
"21433","1357.169695","1.1.1","host","USB","35","0000000000000000","URB_INTERRUPT in"
"21435","1357.233701","1.1.1","host","USB","35","0000360000000000","URB_INTERRUPT in"
"21437","1357.289715","1.1.1","host","USB","35","0000362c00000000","URB_INTERRUPT in"
"21439","1357.329728","1.1.1","host","USB","35","00002c0000000000","URB_INTERRUPT in"
"21441","1357.369722","1.1.1","host","USB","35","0000000000000000","URB_INTERRUPT in"
"21443","1357.601746","1.1.1","host","USB","35","0000180000000000","URB_INTERRUPT in"
"21445","1357.657761","1.1.1","host","USB","35","0000181600000000","URB_INTERRUPT in"
"21447","1357.697758","1.1.1","host","USB","35","0000160000000000","URB_INTERRUPT in"
"21449","1357.713767","1.1.1","host","USB","35","0000000000000000","URB_INTERRUPT in"
"21451","1357.945792","1.1.1","host","USB","35","00002a0000000000","URB_INTERRUPT in"
"21453","1357.993796","1.1.1","host","USB","35","0000000000000000","URB_INTERRUPT in"
"21455","1358.065790","1.1.1","host","USB","35","00002a0000000000","URB_INTERRUPT in"
"21457","1358.121809","1.1.1","host","USB","35","0000000000000000","URB_INTERRUPT in"
"21459","1358.225824","1.1.1","host","USB","35","00000d0000000000","URB_INTERRUPT in"
"21461","1358.321831","1.1.1","host","USB","35","00000d1800000000","URB_INTERRUPT in"
"21463","1358.345829","1.1.1","host","USB","35","0000180000000000","URB_INTERRUPT in"
"21465","1358.353824","1.1.1","host","USB","35","0000181600000000","URB_INTERRUPT in"
"21467","1358.393827","1.1.1","host","USB","35","0000160000000000","URB_INTERRUPT in"
"21469","1358.441829","1.1.1","host","USB","35","0000000000000000","URB_INTERRUPT in"
"21471","1358.553841","1.1.1","host","USB","35","0000170000000000","URB_INTERRUPT in"
"21473","1358.617854","1.1.1","host","USB","35","0000000000000000","URB_INTERRUPT in"
"21475","1358.801868","1.1.1","host","USB","35","00002c0000000000","URB_INTERRUPT in"
"21477","1358.881877","1.1.1","host","USB","35","0000000000000000","URB_INTERRUPT in"
"21479","1358.985889","1.1.1","host","USB","35","0000150000000000","URB_INTERRUPT in"
"21481","1359.089908","1.1.1","host","USB","35","0000150800000000","URB_INTERRUPT in"
"21483","1359.129903","1.1.1","host","USB","35","0000080000000000","URB_INTERRUPT in"
"21485","1359.185908","1.1.1","host","USB","35","0000000000000000","URB_INTERRUPT in"
"21487","1359.233911","1.1.1","host","USB","35","0000100000000000","URB_INTERRUPT in"
"21489","1359.337926","1.1.1","host","USB","35","0000000000000000","URB_INTERRUPT in"
"21491","1359.361927","1.1.1","host","USB","35","0000080000000000","URB_INTERRUPT in"
"21493","1359.433938","1.1.1","host","USB","35","0000000000000000","URB_INTERRUPT in"
"21495","1359.465939","1.1.1","host","USB","35","0000100000000000","URB_INTERRUPT in"
"21497","1359.561950","1.1.1","host","USB","35","0000000000000000","URB_INTERRUPT in"
"21499","1359.689981","1.1.1","host","USB","35","0000050000000000","URB_INTERRUPT in"
"21501","1359.761987","1.1.1","host","USB","35","0000000000000000","URB_INTERRUPT in"
"21503","1359.769980","1.1.1","host","USB","35","0000080000000000","URB_INTERRUPT in"
"21505","1359.817990","1.1.1","host","USB","35","0000081500000000","URB_INTERRUPT in"
"21507","1359.849996","1.1.1","host","USB","35","0000150000000000","URB_INTERRUPT in"
"21509","1359.913994","1.1.1","host","USB","35","0000000000000000","URB_INTERRUPT in"
"21511","1360.050007","1.1.1","host","USB","35","0200000000000000","URB_INTERRUPT in"
"21513","1360.786087","1.1.1","host","USB","35","0200330000000000","URB_INTERRUPT in"
"21515","1360.850102","1.1.1","host","USB","35","0200000000000000","URB_INTERRUPT in"
"21517","1360.930103","1.1.1","host","USB","35","0000000000000000","URB_INTERRUPT in"
"21519","1360.970099","1.1.1","host","USB","35","00002c0000000000","URB_INTERRUPT in"
"21521","1361.034118","1.1.1","host","USB","35","0000000000000000","URB_INTERRUPT in"
"21523","1361.178128","1.1.1","host","USB","35","0000050000000000","URB_INTERRUPT in"
"21525","1361.250134","1.1.1","host","USB","35","0000000000000000","URB_INTERRUPT in"
"21527","1361.282148","1.1.1","host","USB","35","0000080000000000","URB_INTERRUPT in"
"21529","1361.346148","1.1.1","host","USB","35","0000000000000000","URB_INTERRUPT in"
"21531","1361.618180","1.1.1","host","USB","35","0000110000000000","URB_INTERRUPT in"
"21533","1361.682178","1.1.1","host","USB","35","0000000000000000","URB_INTERRUPT in"
"21535","1361.738180","1.1.1","host","USB","35","0000080000000000","URB_INTERRUPT in"
"21537","1361.826189","1.1.1","host","USB","35","0000000000000000","URB_INTERRUPT in"
"21539","1361.914199","1.1.1","host","USB","35","0000040000000000","URB_INTERRUPT in"
"21541","1361.986207","1.1.1","host","USB","35","0000000000000000","URB_INTERRUPT in"
"21543","1362.050214","1.1.1","host","USB","35","0000170000000000","URB_INTERRUPT in"
"21545","1362.130229","1.1.1","host","USB","35","0000000000000000","URB_INTERRUPT in"
"21547","1362.170234","1.1.1","host","USB","35","00000b0000000000","URB_INTERRUPT in"
"21549","1362.258237","1.1.1","host","USB","35","0000000000000000","URB_INTERRUPT in"
"21551","1362.482257","1.1.1","host","USB","35","00002c0000000000","URB_INTERRUPT in"
"21553","1362.562267","1.1.1","host","USB","35","0000000000000000","URB_INTERRUPT in"
"21555","1362.602270","1.1.1","host","USB","35","0000170000000000","URB_INTERRUPT in"
"21557","1362.674280","1.1.1","host","USB","35","0000000000000000","URB_INTERRUPT in"
"21559","1362.698280","1.1.1","host","USB","35","00000b0000000000","URB_INTERRUPT in"
"21561","1362.746286","1.1.1","host","USB","35","00000b0400000000","URB_INTERRUPT in"
"21563","1362.778290","1.1.1","host","USB","35","0000040000000000","URB_INTERRUPT in"
"21565","1362.834301","1.1.1","host","USB","35","0000041700000000","URB_INTERRUPT in"
"21567","1362.866310","1.1.1","host","USB","35","0000170000000000","URB_INTERRUPT in"
"21569","1362.898311","1.1.1","host","USB","35","0000172c00000000","URB_INTERRUPT in"
"21571","1362.914310","1.1.1","host","USB","35","00002c0000000000","URB_INTERRUPT in"
"21573","1362.986321","1.1.1","host","USB","35","0000000000000000","URB_INTERRUPT in"
"21575","1363.210353","1.1.1","host","USB","35","0000060000000000","URB_INTERRUPT in"
"21577","1363.306359","1.1.1","host","USB","35","0000000000000000","URB_INTERRUPT in"
"21579","1363.314352","1.1.1","host","USB","35","0000040000000000","URB_INTERRUPT in"
"21581","1363.402362","1.1.1","host","USB","35","0000000000000000","URB_INTERRUPT in"
"21583","1363.442365","1.1.1","host","USB","35","00000f0000000000","URB_INTERRUPT in"
"21585","1363.530387","1.1.1","host","USB","35","0000000000000000","URB_INTERRUPT in"
"21587","1363.650389","1.1.1","host","USB","35","0000100000000000","URB_INTERRUPT in"
"21589","1363.722403","1.1.1","host","USB","35","0000000000000000","URB_INTERRUPT in"
"21591","1363.842418","1.1.1","host","USB","35","00002c0000000000","URB_INTERRUPT in"
"21593","1363.930415","1.1.1","host","USB","35","0000000000000000","URB_INTERRUPT in"
"21595","1364.010420","1.1.1","host","USB","35","0000080000000000","URB_INTERRUPT in"
"21597","1364.106436","1.1.1","host","USB","35","0000000000000000","URB_INTERRUPT in"
"21599","1364.202441","1.1.1","host","USB","35","00001b0000000000","URB_INTERRUPT in"
"21601","1364.330453","1.1.1","host","USB","35","0000000000000000","URB_INTERRUPT in"
"21603","1364.394465","1.1.1","host","USB","35","0000170000000000","URB_INTERRUPT in"
"21605","1364.474482","1.1.1","host","USB","35","0000000000000000","URB_INTERRUPT in"
"21607","1364.514476","1.1.1","host","USB","35","0000080000000000","URB_INTERRUPT in"
"21609","1364.610482","1.1.1","host","USB","35","0000081500000000","URB_INTERRUPT in"
"21611","1364.674492","1.1.1","host","USB","35","0000150000000000","URB_INTERRUPT in"
"21613","1364.730496","1.1.1","host","USB","35","0000000000000000","URB_INTERRUPT in"
"21615","1364.826508","1.1.1","host","USB","35","00000c0000000000","URB_INTERRUPT in"
"21617","1364.922529","1.1.1","host","USB","35","0000000000000000","URB_INTERRUPT in"
"21619","1365.042539","1.1.1","host","USB","35","0000120000000000","URB_INTERRUPT in"
"21621","1365.130549","1.1.1","host","USB","35","0000000000000000","URB_INTERRUPT in"
"21623","1365.194548","1.1.1","host","USB","35","0000150000000000","URB_INTERRUPT in"
"21625","1365.282571","1.1.1","host","USB","35","0000000000000000","URB_INTERRUPT in"
"21627","1365.378579","1.1.1","host","USB","35","00002c0000000000","URB_INTERRUPT in"
"21629","1365.458582","1.1.1","host","USB","35","0000000000000000","URB_INTERRUPT in"
"21631","1365.554590","1.1.1","host","USB","35","00000c0000000000","URB_INTERRUPT in"
"21633","1365.618606","1.1.1","host","USB","35","0000000000000000","URB_INTERRUPT in"
"21635","1365.626591","1.1.1","host","USB","35","0000160000000000","URB_INTERRUPT in"
"21637","1365.698617","1.1.1","host","USB","35","0000000000000000","URB_INTERRUPT in"
"21639","1365.738609","1.1.1","host","USB","35","00002c0000000000","URB_INTERRUPT in"
"21641","1365.818630","1.1.1","host","USB","35","0000000000000000","URB_INTERRUPT in"
"21643","1365.826620","1.1.1","host","USB","35","0000040000000000","URB_INTERRUPT in"
"21645","1365.906636","1.1.1","host","USB","35","0000000000000000","URB_INTERRUPT in"
"21647","1365.930640","1.1.1","host","USB","35","00002c0000000000","URB_INTERRUPT in"
"21649","1366.026641","1.1.1","host","USB","35","0000000000000000","URB_INTERRUPT in"
"21651","1366.170657","1.1.1","host","USB","35","0000060000000000","URB_INTERRUPT in"
"21653","1366.242674","1.1.1","host","USB","35","0000000000000000","URB_INTERRUPT in"
"21655","1366.274672","1.1.1","host","USB","35","0000120000000000","URB_INTERRUPT in"
"21657","1366.346679","1.1.1","host","USB","35","0000000000000000","URB_INTERRUPT in"
"21659","1366.378684","1.1.1","host","USB","35","0000150000000000","URB_INTERRUPT in"
"21661","1366.458687","1.1.1","host","USB","35","0000000000000000","URB_INTERRUPT in"
"21663","1366.482693","1.1.1","host","USB","35","00000e0000000000","URB_INTERRUPT in"
"21665","1366.562707","1.1.1","host","USB","35","0000000000000000","URB_INTERRUPT in"
"21667","1366.722720","1.1.1","host","USB","35","0000160000000000","URB_INTERRUPT in"
"21669","1366.762729","1.1.1","host","USB","35","0000000000000000","URB_INTERRUPT in"
"21671","1366.954738","1.1.1","host","USB","35","0000060000000000","URB_INTERRUPT in"
"21673","1367.050749","1.1.1","host","USB","35","0000000000000000","URB_INTERRUPT in"
"21675","1367.170759","1.1.1","host","USB","35","0000150000000000","URB_INTERRUPT in"
"21677","1367.242774","1.1.1","host","USB","35","0000150800000000","URB_INTERRUPT in"
"21679","1367.274770","1.1.1","host","USB","35","0000080000000000","URB_INTERRUPT in"
"21681","1367.330776","1.1.1","host","USB","35","0000000000000000","URB_INTERRUPT in"
"21683","1367.834831","1.1.1","host","USB","35","00001a0000000000","URB_INTERRUPT in"
"21685","1367.914837","1.1.1","host","USB","35","0000000000000000","URB_INTERRUPT in"
"21687","1367.946840","1.1.1","host","USB","35","00002c0000000000","URB_INTERRUPT in"
"21689","1368.026856","1.1.1","host","USB","35","0000000000000000","URB_INTERRUPT in"
"21691","1368.122857","1.1.1","host","USB","35","0000120000000000","URB_INTERRUPT in"
"21693","1368.194869","1.1.1","host","USB","35","0000000000000000","URB_INTERRUPT in"
"21695","1368.210869","1.1.1","host","USB","35","0000090000000000","URB_INTERRUPT in"
"21697","1368.290878","1.1.1","host","USB","35","0000000000000000","URB_INTERRUPT in"
"21699","1368.306889","1.1.1","host","USB","35","00002c0000000000","URB_INTERRUPT in"
"21701","1368.394900","1.1.1","host","USB","35","0000000000000000","URB_INTERRUPT in"
"21703","1368.450896","1.1.1","host","USB","35","0000080000000000","URB_INTERRUPT in"
"21705","1368.514912","1.1.1","host","USB","35","0000000000000000","URB_INTERRUPT in"
"21707","1369.226996","1.1.1","host","USB","35","0000190000000000","URB_INTERRUPT in"
"21709","1369.290987","1.1.1","host","USB","35","0000000000000000","URB_INTERRUPT in"
"21711","1369.451008","1.1.1","host","USB","35","0000120000000000","URB_INTERRUPT in"
"21713","1369.499004","1.1.1","host","USB","35","0000000000000000","URB_INTERRUPT in"
"21715","1369.635019","1.1.1","host","USB","35","00000f0000000000","URB_INTERRUPT in"
"21717","1369.691032","1.1.1","host","USB","35","0000000000000000","URB_INTERRUPT in"
"21719","1369.827039","1.1.1","host","USB","35","0000180000000000","URB_INTERRUPT in"
"21721","1369.899048","1.1.1","host","USB","35","0000000000000000","URB_INTERRUPT in"
"21723","1369.915049","1.1.1","host","USB","35","0000170000000000","URB_INTERRUPT in"
"21725","1369.987054","1.1.1","host","USB","35","0000000000000000","URB_INTERRUPT in"
"21727","1370.011065","1.1.1","host","USB","35","00000c0000000000","URB_INTERRUPT in"
"21729","1370.075068","1.1.1","host","USB","35","00000c1200000000","URB_INTERRUPT in"
"21731","1370.115068","1.1.1","host","USB","35","0000120000000000","URB_INTERRUPT in"
"21733","1370.155071","1.1.1","host","USB","35","0000000000000000","URB_INTERRUPT in"
"21735","1370.227079","1.1.1","host","USB","35","0000110000000000","URB_INTERRUPT in"
"21737","1370.315089","1.1.1","host","USB","35","0000000000000000","URB_INTERRUPT in"
"21739","1370.419107","1.1.1","host","USB","35","0000040000000000","URB_INTERRUPT in"
"21741","1370.531116","1.1.1","host","USB","35","0000000000000000","URB_INTERRUPT in"
"21743","1370.539124","1.1.1","host","USB","35","0000150000000000","URB_INTERRUPT in"
"21745","1370.643141","1.1.1","host","USB","35","0000000000000000","URB_INTERRUPT in"
"21747","1370.683135","1.1.1","host","USB","35","00001c0000000000","URB_INTERRUPT in"
"21749","1370.787157","1.1.1","host","USB","35","0000000000000000","URB_INTERRUPT in"
"21751","1370.931162","1.1.1","host","USB","35","00002c0000000000","URB_INTERRUPT in"
"21753","1371.019182","1.1.1","host","USB","35","0000000000000000","URB_INTERRUPT in"
"21755","1371.283209","1.1.1","host","USB","35","00001a0000000000","URB_INTERRUPT in"
"21757","1371.379221","1.1.1","host","USB","35","0000000000000000","URB_INTERRUPT in"
"21759","1371.435218","1.1.1","host","USB","35","0000080000000000","URB_INTERRUPT in"
"21761","1371.507229","1.1.1","host","USB","35","0000000000000000","URB_INTERRUPT in"
"21763","1371.595233","1.1.1","host","USB","35","00000c0000000000","URB_INTERRUPT in"
"21765","1371.683251","1.1.1","host","USB","35","0000000000000000","URB_INTERRUPT in"
"21767","1371.691238","1.1.1","host","USB","35","0000150000000000","URB_INTERRUPT in"
"21769","1371.755252","1.1.1","host","USB","35","0000000000000000","URB_INTERRUPT in"
"21771","1371.899273","1.1.1","host","USB","35","0000070000000000","URB_INTERRUPT in"
"21773","1371.995278","1.1.1","host","USB","35","0000000000000000","URB_INTERRUPT in"
"21775","1372.139300","1.1.1","host","USB","35","0000110000000000","URB_INTERRUPT in"
"21777","1372.219308","1.1.1","host","USB","35","0000000000000000","URB_INTERRUPT in"
"21779","1372.227300","1.1.1","host","USB","35","0000080000000000","URB_INTERRUPT in"
"21781","1372.299317","1.1.1","host","USB","35","0000000000000000","URB_INTERRUPT in"
"21783","1372.395319","1.1.1","host","USB","35","0000160000000000","URB_INTERRUPT in"
"21785","1372.451324","1.1.1","host","USB","35","0000000000000000","URB_INTERRUPT in"
"21787","1372.555336","1.1.1","host","USB","35","0000160000000000","URB_INTERRUPT in"
"21789","1372.635345","1.1.1","host","USB","35","0000000000000000","URB_INTERRUPT in"
"21791","1372.739347","1.1.1","host","USB","35","00002c0000000000","URB_INTERRUPT in"
"21793","1372.851361","1.1.1","host","USB","35","0000000000000000","URB_INTERRUPT in"
"21795","1378.323941","1.1.1","host","USB","35","0000170000000000","URB_INTERRUPT in"
"21797","1378.411949","1.1.1","host","USB","35","0000000000000000","URB_INTERRUPT in"
"21799","1378.451955","1.1.1","host","USB","35","00000b0000000000","URB_INTERRUPT in"
"21801","1378.515961","1.1.1","host","USB","35","00000b0400000000","URB_INTERRUPT in"
"21803","1378.523964","1.1.1","host","USB","35","0000040000000000","URB_INTERRUPT in"
"21805","1378.579968","1.1.1","host","USB","35","0000041700000000","URB_INTERRUPT in"
"21807","1378.595969","1.1.1","host","USB","35","0000170000000000","URB_INTERRUPT in"
"21809","1378.643973","1.1.1","host","USB","35","0000172c00000000","URB_INTERRUPT in"
"21811","1378.651984","1.1.1","host","USB","35","00002c0000000000","URB_INTERRUPT in"
"21813","1378.715983","1.1.1","host","USB","35","0000000000000000","URB_INTERRUPT in"
"21815","1378.747986","1.1.1","host","USB","35","00001a0000000000","URB_INTERRUPT in"
"21817","1378.827999","1.1.1","host","USB","35","00001a0c00000000","URB_INTERRUPT in"
"21819","1378.835994","1.1.1","host","USB","35","00000c0000000000","URB_INTERRUPT in"
"21821","1378.892000","1.1.1","host","USB","35","0000000000000000","URB_INTERRUPT in"
"21823","1379.028014","1.1.1","host","USB","35","00000f0000000000","URB_INTERRUPT in"
"21825","1379.116028","1.1.1","host","USB","35","0000000000000000","URB_INTERRUPT in"
"21827","1379.196032","1.1.1","host","USB","35","00000f0000000000","URB_INTERRUPT in"
"21829","1379.268042","1.1.1","host","USB","35","0000000000000000","URB_INTERRUPT in"
"21831","1379.372059","1.1.1","host","USB","35","00002c0000000000","URB_INTERRUPT in"
"21833","1379.468070","1.1.1","host","USB","35","0000000000000000","URB_INTERRUPT in"
"21835","1379.644090","1.1.1","host","USB","35","00000b0000000000","URB_INTERRUPT in"
"21837","1379.692101","1.1.1","host","USB","35","0000000000000000","URB_INTERRUPT in"
"21839","1379.700090","1.1.1","host","USB","35","0000040000000000","URB_INTERRUPT in"
"21841","1379.780103","1.1.1","host","USB","35","0000000000000000","URB_INTERRUPT in"
"21843","1379.812107","1.1.1","host","USB","35","0000180000000000","URB_INTERRUPT in"
"21845","1379.900127","1.1.1","host","USB","35","0000000000000000","URB_INTERRUPT in"
"21847","1379.916113","1.1.1","host","USB","35","0000110000000000","URB_INTERRUPT in"
"21849","1379.932123","1.1.1","host","USB","35","0000000000000000","URB_INTERRUPT in"
"21851","1380.852210","1.1.1","host","USB","35","0000170000000000","URB_INTERRUPT in"
"21853","1380.916216","1.1.1","host","USB","35","0000000000000000","URB_INTERRUPT in"
"21855","1380.956222","1.1.1","host","USB","35","00002c0000000000","URB_INTERRUPT in"
"21857","1381.028227","1.1.1","host","USB","35","0000000000000000","URB_INTERRUPT in"
"21859","1381.332266","1.1.1","host","USB","35","00001c0000000000","URB_INTERRUPT in"
"21861","1381.404270","1.1.1","host","USB","35","0000000000000000","URB_INTERRUPT in"
"21863","1381.484278","1.1.1","host","USB","35","0000120000000000","URB_INTERRUPT in"
"21865","1381.556289","1.1.1","host","USB","35","0000121800000000","URB_INTERRUPT in"
"21867","1381.580302","1.1.1","host","USB","35","0000180000000000","URB_INTERRUPT in"
"21869","1381.620303","1.1.1","host","USB","35","0000000000000000","URB_INTERRUPT in"
"21871","1381.724306","1.1.1","host","USB","35","00002c0000000000","URB_INTERRUPT in"
"21873","1381.780314","1.1.1","host","USB","35","0000000000000000","URB_INTERRUPT in"
"21875","1381.820312","1.1.1","host","USB","35","0000090000000000","URB_INTERRUPT in"
"21877","1381.884334","1.1.1","host","USB","35","0000000000000000","URB_INTERRUPT in"
"21879","1381.908326","1.1.1","host","USB","35","0000120000000000","URB_INTERRUPT in"
"21881","1381.964342","1.1.1","host","USB","35","0000000000000000","URB_INTERRUPT in"
"21883","1381.996342","1.1.1","host","USB","35","0000150000000000","URB_INTERRUPT in"
"21885","1382.052343","1.1.1","host","USB","35","0000000000000000","URB_INTERRUPT in"
"21887","1382.156352","1.1.1","host","USB","35","0000080000000000","URB_INTERRUPT in"
"21889","1382.204377","1.1.1","host","USB","35","0000000000000000","URB_INTERRUPT in"
"21891","1382.348384","1.1.1","host","USB","35","0000190000000000","URB_INTERRUPT in"
"21893","1382.460397","1.1.1","host","USB","35","0000000000000000","URB_INTERRUPT in"
"21895","1382.468385","1.1.1","host","USB","35","0000080000000000","URB_INTERRUPT in"
"21897","1382.580400","1.1.1","host","USB","35","0000081500000000","URB_INTERRUPT in"
"21899","1382.588402","1.1.1","host","USB","35","0000150000000000","URB_INTERRUPT in"
"21901","1382.660407","1.1.1","host","USB","35","0000000000000000","URB_INTERRUPT in"
"21903","1387.748949","1.1.1","host","USB","35","0000370000000000","URB_INTERRUPT in"
"21905","1387.812955","1.1.1","host","USB","35","0000000000000000","URB_INTERRUPT in"
"21907","1387.916970","1.1.1","host","USB","35","0000280000000000","URB_INTERRUPT in"
"21909","1387.988973","1.1.1","host","USB","35","0000000000000000","URB_INTERRUPT in"
